image_id,shape,light_azimuth_deg,light_elevation_deg,sin_azimuth,cos_azimuth
Sphere_new_000478,Sphere,298.0,41.5,-0.8829475928589271,0.4694715627858904
Sphere_new_000488,Sphere,192.6,63.4,-0.2181432413965425,-0.9759167619387474
SmoothCylinder_new_000499,SmoothCylinder,201.8,41.4,-0.371367835550235,-0.9284858268809136
SmoothCylinder_new_000605,SmoothCylinder,344.6,67.6,-0.2655561174868083,0.9640954042341102
Sphere_new_000511,Sphere,183.6,70.5,-0.0627905195293133,-0.9980267284282716
SmoothCylinder_new_000424,SmoothCylinder,36.3,74.0,0.5920131787992196,0.8059282822485158
Sphere_new_000495,Sphere,189.2,31.6,-0.1598811876918345,-0.987136265072988
SmoothCylinder_new_000961,SmoothCylinder,7.6,74.3,0.1322563902571224,0.9912155402515416
SmoothCylinder_new_000135,SmoothCylinder,72.5,34.6,0.9537169507482268,0.300705799504273
Sphere_new_000019,Sphere,0.5,42.9,0.0087265354983739,0.9999619230641712
Sphere_new_000293,Sphere,306.3,38.8,-0.8059282822485155,0.5920131787992198
SmoothCylinder_new_000304,SmoothCylinder,2.6,74.9,0.0453629881292537,0.9989705697907147
SmoothCylinder_new_000053,SmoothCylinder,68.7,56.2,0.9316912275855488,0.3632512304729783
Sphere_new_000588,Sphere,310.7,32.9,-0.7581343361976522,0.6520984038303922
SmoothCylinder_new_000258,SmoothCylinder,23.8,58.2,0.40354529635239,0.9149596678498249
Sphere_new_000137,Sphere,41.4,60.0,0.6613118653236518,0.7501110696304596
Sphere_new_000978,Sphere,256.5,33.6,-0.9723699203976768,-0.2334453638559051
Sphere_new_000772,Sphere,295.0,35.9,-0.90630778703665,0.4226182617406996
SmoothCylinder_new_000178,SmoothCylinder,219.9,61.2,-0.6414496315691579,-0.7671651518152995
SmoothCylinder_new_000468,SmoothCylinder,151.0,47.0,0.4848096202463371,-0.8746197071393957
SmoothCylinder_new_000194,SmoothCylinder,163.7,36.8,0.280666708920788,-0.9598052919751868
Sphere_new_000789,Sphere,227.1,65.8,-0.7325428987873787,-0.6807208689589179
Sphere_new_000082,Sphere,117.4,39.3,0.8878153851364013,-0.4601997847838516
Sphere_new_000238,Sphere,133.6,49.9,0.7241718614374677,-0.6896195437356696
SmoothCylinder_new_000245,SmoothCylinder,90.7,52.9,0.999925369660452,-0.0122170008352472
SmoothCylinder_new_000842,SmoothCylinder,200.4,70.4,-0.3485720473218151,-0.9372819894918916
Sphere_new_000089,Sphere,184.1,49.6,-0.0714974443326857,-0.997440782930944
Sphere_new_000223,Sphere,222.8,57.5,-0.6794413042615165,-0.7337298645028764
SmoothCylinder_new_000591,SmoothCylinder,31.6,46.0,0.5239859059700791,0.8517269341430477
SmoothCylinder_new_000920,SmoothCylinder,265.1,53.3,-0.9963452961909064,-0.0854169231373667
SmoothCylinder_new_000218,SmoothCylinder,114.3,38.0,0.9114032766354452,-0.4115143586051087
SmoothCylinder_new_000148,SmoothCylinder,92.1,42.7,0.9993283937786562,-0.0366437087065561
SmoothCylinder_new_000859,SmoothCylinder,187.7,36.7,-0.133986185418292,-0.9909831997148364
Sphere_new_000397,Sphere,202.3,47.7,-0.3794561595290052,-0.925209718385782
SmoothCylinder_new_000752,SmoothCylinder,0.8,33.9,0.0139621803391452,0.9999025240093042
SmoothCylinder_new_000107,SmoothCylinder,133.6,45.3,0.7241718614374677,-0.6896195437356696
Sphere_new_000092,Sphere,148.5,41.9,0.5224985647159489,-0.8526401643540922
Sphere_new_000231,Sphere,199.2,41.8,-0.3288666467385831,-0.9443763702374812
Sphere_new_000639,Sphere,236.8,55.7,-0.8367643134589619,-0.5475632234925499
SmoothCylinder_new_000210,SmoothCylinder,5.2,72.6,0.0906325801977801,0.9958843986159704
Sphere_new_000484,Sphere,327.0,59.0,-0.544639035015027,0.838670567945424
SmoothCylinder_new_000000,SmoothCylinder,113.9,45.0,0.9142539552342638,-0.4051415867798625
SmoothCylinder_new_000740,SmoothCylinder,224.0,53.4,-0.6946583704589974,-0.7193398003386511
SmoothCylinder_new_000845,SmoothCylinder,224.6,52.3,-0.7021530529951623,-0.7120260459909966
SmoothCylinder_new_000506,SmoothCylinder,339.9,68.2,-0.3436596945856166,0.9390942520947088
SmoothCylinder_new_000796,SmoothCylinder,225.4,64.3,-0.7120260459909964,-0.7021530529951625
SmoothCylinder_new_000115,SmoothCylinder,5.5,45.1,0.0958457525202239,0.9953961983671789
SmoothCylinder_new_000872,SmoothCylinder,283.6,40.5,-0.9719610005785462,0.2351421131025901
SmoothCylinder_new_000905,SmoothCylinder,24.6,33.9,0.4162807922604012,0.9092361090470684
Sphere_new_000933,Sphere,36.7,53.4,0.5976251469755212,0.801775644243754
Sphere_new_000520,Sphere,328.4,72.2,-0.5239859059700797,0.8517269341430473
Sphere_new_000942,Sphere,153.7,37.1,0.44307119082418,-0.8964864303834403
Sphere_new_000617,Sphere,57.9,74.8,0.8471219213821372,0.5313985795180829
SmoothCylinder_new_000332,SmoothCylinder,353.3,38.9,-0.1166707370993332,0.993170649538486
SmoothCylinder_new_000335,SmoothCylinder,15.5,37.7,0.2672383760782568,0.963630453208623
SmoothCylinder_new_000321,SmoothCylinder,214.4,72.5,-0.5649670034249378,-0.8251134982782953
Sphere_new_000676,Sphere,36.8,37.7,0.5990235985155858,0.8007313709487335
SmoothCylinder_new_000116,SmoothCylinder,294.8,58.9,-0.9077774785329084,0.4194520824461775
SmoothCylinder_new_000151,SmoothCylinder,34.3,55.7,0.5635260489375714,0.8260982944957639
SmoothCylinder_new_000691,SmoothCylinder,64.9,40.0,0.9055687990111396,0.4241994227453901
Sphere_new_000336,Sphere,124.0,50.0,0.8290375725550417,-0.5591929034707467
Sphere_new_000681,Sphere,95.5,74.1,0.9953961983671789,-0.0958457525202239
Sphere_new_000316,Sphere,61.6,56.1,0.8796485728666165,0.4756242090702753
Sphere_new_000599,Sphere,279.1,41.9,-0.9874138067509112,0.1581580672544841
Sphere_new_000212,Sphere,282.8,35.7,-0.9751493543055632,0.2215484976194674
SmoothCylinder_new_000648,SmoothCylinder,337.9,64.5,-0.3762242631393658,0.9265286308718372
SmoothCylinder_new_000326,SmoothCylinder,191.8,63.7,-0.2044960518417903,-0.978867388761685
SmoothCylinder_new_000279,SmoothCylinder,310.8,57.9,-0.7569950556517565,0.6534206039901054
Sphere_new_000264,Sphere,55.2,37.8,0.821149209133704,0.5707135676844317
Sphere_new_000500,Sphere,170.3,46.9,0.1684893795650024,-0.9857034690888536
Sphere_new_000480,Sphere,166.7,47.5,0.2300497371881047,-0.973178872777088
SmoothCylinder_new_000494,SmoothCylinder,56.6,48.9,0.8348478632634065,0.5504807400849956
Sphere_new_000017,Sphere,215.4,60.7,-0.5792811723426788,-0.8151277957285542
SmoothCylinder_new_000141,SmoothCylinder,324.6,54.3,-0.5792811723426788,0.8151277957285542
Sphere_new_000567,Sphere,338.0,51.7,-0.3746065934159123,0.9271838545667872
SmoothCylinder_new_000220,SmoothCylinder,71.3,46.9,0.9472102777460288,0.3206129905856764
SmoothCylinder_new_000448,SmoothCylinder,351.3,33.6,-0.1512608202472189,0.9884938868086836
SmoothCylinder_new_000307,SmoothCylinder,287.1,65.7,-0.95579301479833,0.2940403252323038
Sphere_new_000179,Sphere,268.4,44.0,-0.9996101150403544,-0.0279216387235691
SmoothCylinder_new_000703,SmoothCylinder,55.3,52.0,0.8221440410307373,0.5692795234308443
SmoothCylinder_new_000473,SmoothCylinder,207.3,30.6,-0.4586495544843149,-0.8886172326549489
Sphere_new_000508,Sphere,162.7,42.1,0.2973748740777863,-0.9547607995027974
Sphere_new_000457,Sphere,95.9,69.6,0.9947028171171742,-0.1027925367872467
SmoothCylinder_new_000374,SmoothCylinder,133.1,51.2,0.7301622766207525,-0.683273773680799
Sphere_new_000689,Sphere,187.7,30.2,-0.133986185418292,-0.9909831997148364
SmoothCylinder_new_000677,SmoothCylinder,325.8,55.0,-0.5620833778521303,0.827080574274562
Sphere_new_000577,Sphere,76.9,53.0,0.9739759672790516,0.2266513074368548
SmoothCylinder_new_000225,SmoothCylinder,2.5,60.0,0.043619387365336,0.9990482215818578
Sphere_new_000562,Sphere,227.4,48.8,-0.7360970871197342,-0.6768759696826608
Sphere_new_000138,Sphere,46.5,71.8,0.7253743710122876,0.688354575693754
Sphere_new_000200,Sphere,105.6,45.9,0.9631625667976582,-0.2689198206152656
SmoothCylinder_new_000177,SmoothCylinder,334.9,58.3,-0.4241994227453906,0.9055687990111394
SmoothCylinder_new_000265,SmoothCylinder,216.3,54.6,-0.5920131787992196,-0.8059282822485158
SmoothCylinder_new_000529,SmoothCylinder,91.5,73.6,0.9996573249755571,-0.026176948307873
SmoothCylinder_new_000101,SmoothCylinder,170.5,49.2,0.1650476058606776,-0.9862856015372314
SmoothCylinder_new_000113,SmoothCylinder,46.4,50.4,0.7241718614374675,0.6896195437356698
SmoothCylinder_new_000803,SmoothCylinder,87.7,58.1,0.999194395114446,0.0401317925325597
SmoothCylinder_new_000108,SmoothCylinder,2.9,50.2,0.0505929400767133,0.9987193571841864
SmoothCylinder_new_000207,SmoothCylinder,176.3,47.2,0.0645323082529576,-0.997915618272179
SmoothCylinder_new_000621,SmoothCylinder,65.5,34.9,0.9099612708765432,0.4146932426562391
Sphere_new_000392,Sphere,193.5,63.9,-0.2334453638559052,-0.9723699203976768
SmoothCylinder_new_000501,SmoothCylinder,124.1,48.9,0.8280603346224945,-0.5606389945632415
Sphere_new_000563,Sphere,148.5,67.8,0.5224985647159489,-0.8526401643540922
Sphere_new_000109,Sphere,217.3,41.1,-0.6059884002657112,-0.7954734808548958
SmoothCylinder_new_000436,SmoothCylinder,210.0,45.0,-0.5000000000000001,-0.8660254037844386
SmoothCylinder_new_000879,SmoothCylinder,136.5,38.0,0.6883545756937539,-0.7253743710122876
SmoothCylinder_new_000990,SmoothCylinder,130.7,44.7,0.7581343361976525,-0.652098403830392
Sphere_new_000726,Sphere,118.7,60.9,0.8771461637055888,-0.4802234974431887
SmoothCylinder_new_000072,SmoothCylinder,28.3,73.8,0.4740882090471163,0.880477353509162
Sphere_new_000518,Sphere,348.0,39.7,-0.2079116908177598,0.9781476007338056
SmoothCylinder_new_000438,SmoothCylinder,24.8,55.8,0.4194520824461771,0.9077774785329088
Sphere_new_000611,Sphere,247.9,46.4,-0.9265286308718372,-0.3762242631393657
SmoothCylinder_new_000706,SmoothCylinder,35.2,43.7,0.5764323161697933,0.8171448983351285
SmoothCylinder_new_000155,SmoothCylinder,76.9,54.2,0.9739759672790516,0.2266513074368548
Sphere_new_000443,Sphere,106.8,57.6,0.9573194975320672,-0.2890317969444715
SmoothCylinder_new_000991,SmoothCylinder,120.7,31.9,0.8598522715968735,-0.5105429179116057
Sphere_new_000699,Sphere,69.5,40.2,0.9366721892483976,0.3502073812594674
Sphere_new_000202,Sphere,328.4,43.3,-0.5239859059700797,0.8517269341430473
Sphere_new_000285,Sphere,141.0,47.2,0.6293203910498374,-0.7771459614569709
Sphere_new_000972,Sphere,201.2,51.7,-0.3616245700820922,-0.9323238012155122
Sphere_new_000011,Sphere,324.2,69.5,-0.5849576749872157,0.8110638189893264
Sphere_new_000739,Sphere,125.8,47.1,0.8110638189893266,-0.5849576749872155
Sphere_new_000696,Sphere,320.7,65.9,-0.6333808726275503,0.773840209726506
Sphere_new_000160,Sphere,70.7,61.8,0.9438009515832294,0.330514392713223
Sphere_new_000306,Sphere,321.8,47.3,-0.6184083953575539,0.7858568931754021
SmoothCylinder_new_000084,SmoothCylinder,296.2,68.0,-0.8972583696743285,0.441505852791745
SmoothCylinder_new_000007,SmoothCylinder,12.9,66.7,0.2232501160109513,0.9747611941912218
SmoothCylinder_new_000578,SmoothCylinder,245.1,72.7,-0.9070440142914652,-0.4210358133674908
SmoothCylinder_new_000811,SmoothCylinder,157.6,62.8,0.3810703763502743,-0.924546033612313
SmoothCylinder_new_000915,SmoothCylinder,264.4,69.7,-0.9952273999818312,-0.0975828997591497
SmoothCylinder_new_000950,SmoothCylinder,88.5,61.9,0.9996573249755571,0.0261769483078731
SmoothCylinder_new_000382,SmoothCylinder,219.9,37.5,-0.6414496315691579,-0.7671651518152995
Sphere_new_000640,Sphere,129.9,31.1,0.7671651518152995,-0.6414496315691579
Sphere_new_000237,Sphere,149.2,57.7,0.5120428648705719,-0.8589598969306642
Sphere_new_000063,Sphere,75.0,54.0,0.9659258262890684,0.2588190451025207
SmoothCylinder_new_000411,SmoothCylinder,214.7,63.9,-0.5692795234308441,-0.8221440410307375
SmoothCylinder_new_000688,SmoothCylinder,167.3,38.0,0.2198462043528372,-0.9755345439458568
SmoothCylinder_new_000302,SmoothCylinder,76.6,74.4,0.9727758782093964,0.2317479034941575
Sphere_new_000446,Sphere,5.0,54.1,0.0871557427476581,0.9961946980917455
Sphere_new_000113,Sphere,99.6,72.6,0.985996037070505,-0.1667687467161022
SmoothCylinder_new_000219,SmoothCylinder,317.7,69.8,-0.6730125135097736,0.7396310949786093
SmoothCylinder_new_000844,SmoothCylinder,141.1,69.1,0.6279630576493379,-0.778243148526021
SmoothCylinder_new_000250,SmoothCylinder,253.4,60.4,-0.9583225744651332,-0.2856883674049735
Sphere_new_000849,Sphere,127.8,50.1,0.7901550123756905,-0.6129070536529763
SmoothCylinder_new_000203,SmoothCylinder,196.3,64.5,-0.2806667089207877,-0.9598052919751868
Sphere_new_000273,Sphere,194.2,52.5,-0.2453073858788021,-0.969445349895139
Sphere_new_000956,Sphere,351.0,37.6,-0.1564344650402311,0.9876883405951375
SmoothCylinder_new_000147,SmoothCylinder,56.0,33.9,0.8290375725550417,0.5591929034707468
Sphere_new_000366,Sphere,152.4,49.1,0.4632960351198616,-0.8862035792312147
SmoothCylinder_new_000527,SmoothCylinder,156.2,41.4,0.40354529635239,-0.9149596678498249
Sphere_new_000379,Sphere,95.3,39.9,0.995724698184582,-0.0923705874465615
Sphere_new_000451,Sphere,356.7,60.2,-0.0575640269595675,0.9983418166140284
SmoothCylinder_new_000336,SmoothCylinder,256.4,32.2,-0.9719610005785462,-0.2351421131025905
SmoothCylinder_new_000488,SmoothCylinder,325.4,67.4,-0.567843745053102,0.8231363685344414
Sphere_new_000490,Sphere,209.5,41.6,-0.4924235601034669,-0.8703556959398998
Sphere_new_000914,Sphere,68.4,52.2,0.9297764858882516,0.3681245526846778
SmoothCylinder_new_000615,SmoothCylinder,354.3,71.4,-0.0993197497436392,0.9950555699612262
SmoothCylinder_new_000685,SmoothCylinder,318.0,33.0,-0.6691306063588581,0.7431448254773942
Sphere_new_000358,Sphere,53.3,32.5,0.8017756442437539,0.5976251469755212
SmoothCylinder_new_000625,SmoothCylinder,276.4,58.0,-0.9937679191605964,0.1114689322063245
Sphere_new_000539,Sphere,357.9,49.3,-0.0366437087065569,0.9993283937786562
SmoothCylinder_new_000709,SmoothCylinder,172.2,45.8,0.1357155724343044,-0.9907478404714436
SmoothCylinder_new_000672,SmoothCylinder,19.8,52.2,0.3387379202452914,0.9408807689542256
Sphere_new_000258,Sphere,155.8,36.8,0.4099230338415728,-0.912120116172273
Sphere_new_000994,Sphere,150.2,50.5,0.4969739610275555,-0.8677654533689283
Sphere_new_000719,Sphere,5.1,34.0,0.0888942968664415,0.9960410654107696
SmoothCylinder_new_000713,SmoothCylinder,163.8,32.3,0.2789911060392291,-0.9602936856769432
SmoothCylinder_new_000261,SmoothCylinder,239.4,55.8,-0.8607420270039438,-0.5090414157503711
Sphere_new_000102,Sphere,337.2,56.7,-0.3875155864521032,0.9218631515885004
SmoothCylinder_new_000132,SmoothCylinder,11.8,53.7,0.2044960518417903,0.978867388761685
Sphere_new_000967,Sphere,189.0,73.6,-0.1564344650402307,-0.9876883405951378
Sphere_new_000737,Sphere,104.9,55.2,0.9663760793213292,-0.2571327931546961
Sphere_new_000263,Sphere,283.9,70.7,-0.9707164815781908,0.2402280424772635
Sphere_new_000723,Sphere,207.0,31.6,-0.4539904997395467,-0.8910065241883679
Sphere_new_000652,Sphere,75.8,60.3,0.9694453498951388,0.2453073858788027
Sphere_new_000886,Sphere,300.8,44.5,-0.8589598969306643,0.5120428648705716
Sphere_new_000018,Sphere,176.0,57.9,0.0697564737441255,-0.9975640502598242
SmoothCylinder_new_000732,SmoothCylinder,349.3,64.0,-0.1856666153855773,0.9826127965436152
SmoothCylinder_new_000893,SmoothCylinder,313.7,46.2,-0.7229671459095686,0.690882411076858
Sphere_new_000075,Sphere,155.3,59.9,0.4178670738010767,-0.908508177526722
Sphere_new_000006,Sphere,240.0,73.4,-0.8660254037844384,-0.5000000000000004
Sphere_new_000561,Sphere,179.9,32.8,0.0017453283658983,-0.9999984769132876
SmoothCylinder_new_000652,SmoothCylinder,104.9,48.1,0.9663760793213292,-0.2571327931546961
Sphere_new_000471,Sphere,78.5,70.5,0.9799247046208296,0.1993679344171972
Sphere_new_000415,Sphere,5.9,34.5,0.1027925367872468,0.9947028171171742
SmoothCylinder_new_000883,SmoothCylinder,238.6,67.8,-0.8535507972753275,-0.5210096318405762
Sphere_new_000678,Sphere,350.4,62.2,-0.1667687467161027,0.9859960370705048
SmoothCylinder_new_000056,SmoothCylinder,125.3,66.8,0.8161375900801604,-0.5778576243835052
Sphere_new_000065,Sphere,321.8,38.5,-0.6184083953575539,0.7858568931754021
Sphere_new_000974,Sphere,125.0,40.5,0.8191520442889917,-0.5735764363510462
Sphere_new_000829,Sphere,215.5,34.4,-0.5807029557109398,-0.8141155183563192
SmoothCylinder_new_000037,SmoothCylinder,95.4,66.1,0.99556196460308,-0.0941083133185143
SmoothCylinder_new_000164,SmoothCylinder,290.6,70.8,-0.936059535738973,0.3518416484047023
SmoothCylinder_new_000197,SmoothCylinder,3.4,72.6,0.0593063735759616,0.9982398279237652
SmoothCylinder_new_000126,SmoothCylinder,91.9,42.5,0.9994502159417572,-0.0331551783885263
SmoothCylinder_new_000310,SmoothCylinder,175.4,52.7,0.0801989243288589,-0.9967788784562472
SmoothCylinder_new_000490,SmoothCylinder,155.3,33.8,0.4178670738010767,-0.908508177526722
SmoothCylinder_new_000949,SmoothCylinder,18.3,69.9,0.3139924559674049,0.949425477641904
SmoothCylinder_new_000415,SmoothCylinder,41.5,36.0,0.6626200482157375,0.7489557207890022
SmoothCylinder_new_000420,SmoothCylinder,103.2,67.3,0.9735789028731604,-0.2283508701106557
SmoothCylinder_new_000678,SmoothCylinder,322.8,55.3,-0.6045991148623747,0.7965299180241964
SmoothCylinder_new_000176,SmoothCylinder,94.9,71.2,0.9963452961909064,-0.0854169231373676
Sphere_new_000995,Sphere,327.4,37.1,-0.5387707850068634,0.8424523970071474
SmoothCylinder_new_000539,SmoothCylinder,12.5,42.3,0.2164396139381028,0.9762960071199334
SmoothCylinder_new_000386,SmoothCylinder,137.0,45.2,0.6819983600624986,-0.7313537016191705
Sphere_new_000139,Sphere,54.8,34.7,0.8171448983351285,0.5764323161697933
Sphere_new_000305,Sphere,356.6,59.3,-0.0593063735759617,0.9982398279237652
SmoothCylinder_new_000945,SmoothCylinder,275.2,42.4,-0.9958843986159704,0.0906325801977796
SmoothCylinder_new_000660,SmoothCylinder,71.2,56.3,0.9466492601156964,0.3222656952305111
Sphere_new_000576,Sphere,57.0,64.8,0.838670567945424,0.5446390350150271
Sphere_new_000055,Sphere,184.1,48.8,-0.0714974443326857,-0.997440782930944
SmoothCylinder_new_000531,SmoothCylinder,245.7,43.1,-0.9114032766354452,-0.4115143586051091
SmoothCylinder_new_000355,SmoothCylinder,112.9,30.6,0.9211854055657211,-0.3891239501402064
Sphere_new_000374,Sphere,243.7,32.4,-0.8964864303834406,-0.4430711908241797
Sphere_new_000468,Sphere,62.8,50.4,0.8894163732912975,0.4570979270586942
SmoothCylinder_new_000819,SmoothCylinder,11.5,44.3,0.1993679344171972,0.9799247046208296
SmoothCylinder_new_000536,SmoothCylinder,246.5,43.2,-0.917060074385124,-0.3987490689252466
SmoothCylinder_new_000877,SmoothCylinder,309.1,66.2,-0.7760464070665459,0.6306758074312863
SmoothCylinder_new_000133,SmoothCylinder,74.8,37.4,0.9650164944723114,0.2621891786408647
Sphere_new_000203,Sphere,229.7,38.3,-0.7626683296956883,-0.6467897795104595
SmoothCylinder_new_000516,SmoothCylinder,263.8,39.2,-0.9941509639723154,-0.1079993557060225
SmoothCylinder_new_000346,SmoothCylinder,129.1,30.3,0.7760464070665462,-0.6306758074312859
Sphere_new_000020,Sphere,136.2,43.1,0.6921431738704068,-0.7217602280983622
SmoothCylinder_new_000557,SmoothCylinder,294.6,36.9,-0.9092361090470684,0.4162807922604017
SmoothCylinder_new_000526,SmoothCylinder,159.9,41.1,0.3436596945856161,-0.9390942520947092
Sphere_new_000064,Sphere,218.9,56.8,-0.6279630576493381,-0.7782431485260208
SmoothCylinder_new_000693,SmoothCylinder,9.3,61.3,0.1616038211033611,0.9868557164068072
Sphere_new_000437,Sphere,131.2,48.5,0.7524149088957246,-0.6586894601186802
Sphere_new_000057,Sphere,36.2,56.9,0.5906056676199254,0.8069603121438019
SmoothCylinder_new_000070,SmoothCylinder,281.5,52.4,-0.9799247046208296,0.1993679344171969
Sphere_new_000746,Sphere,338.2,73.2,-0.3713678355502353,0.9284858268809132
SmoothCylinder_new_000817,SmoothCylinder,178.4,49.4,0.027921638723569,-0.9996101150403544
Sphere_new_000755,Sphere,12.5,55.7,0.2164396139381028,0.9762960071199334
SmoothCylinder_new_000783,SmoothCylinder,31.7,63.4,0.5254716510722678,0.8508111094240512
SmoothCylinder_new_000025,SmoothCylinder,78.5,56.3,0.9799247046208296,0.1993679344171972
Sphere_new_000326,Sphere,168.0,53.9,0.2079116908177593,-0.9781476007338056
SmoothCylinder_new_000743,SmoothCylinder,316.2,50.9,-0.6921431738704072,0.7217602280983617
Sphere_new_000832,Sphere,14.7,67.2,0.2537579445848056,0.9672677527758768
SmoothCylinder_new_000507,SmoothCylinder,71.4,62.6,0.9477684100095858,0.3189593092980698
SmoothCylinder_new_000361,SmoothCylinder,66.5,50.8,0.917060074385124,0.3987490689252462
Sphere_new_000226,Sphere,247.7,56.2,-0.925209718385782,-0.379456159529005
SmoothCylinder_new_000964,SmoothCylinder,81.9,65.2,0.9900236577165576,0.1409012319375825
Sphere_new_000031,Sphere,119.0,40.1,0.8746197071393959,-0.484809620246337
Sphere_new_000206,Sphere,181.9,55.2,-0.0331551783885263,-0.9994502159417572
SmoothCylinder_new_000395,SmoothCylinder,58.3,32.4,0.8508111094240511,0.5254716510722678
Sphere_new_000033,Sphere,272.9,42.4,-0.9987193571841864,0.0505929400767126
SmoothCylinder_new_000638,SmoothCylinder,329.5,36.1,-0.5075383629607042,0.8616291604415257
SmoothCylinder_new_000224,SmoothCylinder,264.0,74.5,-0.9945218953682734,-0.1045284632676533
Sphere_new_000279,Sphere,249.4,62.9,-0.9360595357389732,-0.3518416484047018
SmoothCylinder_new_000656,SmoothCylinder,87.6,39.6,0.9991228300988584,0.0418756537291997
SmoothCylinder_new_000927,SmoothCylinder,199.6,58.8,-0.3354515697502549,-0.9420574527872968
SmoothCylinder_new_000030,SmoothCylinder,44.6,73.5,0.7021530529951624,0.7120260459909965
Sphere_new_000727,Sphere,276.9,34.7,-0.9927573419294456,0.1201368388346465
Sphere_new_000651,Sphere,273.7,42.7,-0.997915618272179,0.0645323082529573
SmoothCylinder_new_000626,SmoothCylinder,5.2,66.5,0.0906325801977801,0.9958843986159704
SmoothCylinder_new_000186,SmoothCylinder,140.0,48.0,0.6427876096865395,-0.7660444431189779
Sphere_new_000785,Sphere,196.1,38.2,-0.2773146533023775,-0.9607791541575942
SmoothCylinder_new_000298,SmoothCylinder,215.1,63.6,-0.5750052520432786,-0.8181497174250235
SmoothCylinder_new_000826,SmoothCylinder,287.6,30.1,-0.9531906677929468,0.3023698907504447
Sphere_new_000649,Sphere,231.5,53.2,-0.7826081568524138,-0.6225146366376196
Sphere_new_000416,Sphere,174.6,53.9,0.0941083133185143,-0.99556196460308
SmoothCylinder_new_000601,SmoothCylinder,19.3,33.5,0.3305143927132231,0.9438009515832294
SmoothCylinder_new_000863,SmoothCylinder,127.5,33.9,0.7933533402912352,-0.6087614290087207
Sphere_new_000403,Sphere,219.4,46.2,-0.6347305132022677,-0.772733573497351
Sphere_new_000452,Sphere,282.9,60.6,-0.974761194191222,0.2232501160109505
SmoothCylinder_new_000274,SmoothCylinder,96.6,54.6,0.9933727656003964,-0.1149371504928664
Sphere_new_000034,Sphere,74.3,57.8,0.9626917464264788,0.2706004459758637
SmoothCylinder_new_000349,SmoothCylinder,145.5,60.3,0.5664062369248328,-0.8241261886220157
SmoothCylinder_new_000213,SmoothCylinder,14.3,63.0,0.2469990127227429,0.9690157314068696
Sphere_new_000444,Sphere,231.8,67.6,-0.7858568931754022,-0.6184083953575538
Sphere_new_000704,Sphere,294.9,72.3,-0.9070440142914652,0.4210358133674904
Sphere_new_000751,Sphere,126.4,73.2,0.8048937973559142,-0.5934188866037013
Sphere_new_000329,Sphere,242.8,41.2,-0.8894163732912975,-0.4570979270586941
SmoothCylinder_new_000063,SmoothCylinder,357.8,72.5,-0.0383878090875195,0.9992629164106211
SmoothCylinder_new_000453,SmoothCylinder,45.9,32.4,0.7181262977631888,0.6959127965923143
SmoothCylinder_new_000554,SmoothCylinder,243.4,46.5,-0.8941542368393683,-0.4477590878387694
SmoothCylinder_new_000051,SmoothCylinder,282.4,52.9,-0.976672278334168,0.2147353271670628
SmoothCylinder_new_000975,SmoothCylinder,205.7,59.7,-0.4336590845875442,-0.9010770213220916
Sphere_new_000032,Sphere,82.5,59.8,0.9914448613738104,0.1305261922200517
Sphere_new_000947,Sphere,161.7,33.1,0.3139924559674051,-0.9494254776419038
Sphere_new_000916,Sphere,308.6,37.6,-0.7815204724188184,0.6238795967093866
Sphere_new_000982,Sphere,274.4,62.7,-0.9970527522269202,0.0767190281268181
Sphere_new_000666,Sphere,29.8,55.2,0.4969739610275553,0.8677654533689284
Sphere_new_000523,Sphere,119.0,46.9,0.8746197071393959,-0.484809620246337
SmoothCylinder_new_000679,SmoothCylinder,200.7,64.2,-0.3534748437792567,-0.9354440308298676
SmoothCylinder_new_000653,SmoothCylinder,232.6,56.7,-0.7944146205354179,-0.607375839723287
SmoothCylinder_new_000668,SmoothCylinder,96.0,43.9,0.9945218953682732,-0.1045284632676535
Sphere_new_000943,Sphere,277.7,53.3,-0.9909831997148364,0.1339861854182915
Sphere_new_000854,Sphere,87.9,54.3,0.9993283937786562,0.0366437087065562
Sphere_new_000213,Sphere,38.7,57.6,0.6252426563357052,0.7804304073383297
Sphere_new_000168,Sphere,140.1,71.8,0.6414496315691581,-0.7671651518152994
SmoothCylinder_new_000075,SmoothCylinder,159.6,30.8,0.3485720473218153,-0.9372819894918916
Sphere_new_000568,Sphere,17.1,72.4,0.294040325232304,0.95579301479833
SmoothCylinder_new_000509,SmoothCylinder,92.4,32.7,0.9991228300988584,-0.0418756537291996
SmoothCylinder_new_000008,SmoothCylinder,39.9,51.8,0.6414496315691578,0.7671651518152997
SmoothCylinder_new_000881,SmoothCylinder,125.1,53.1,0.8181497174250234,-0.5750052520432786
Sphere_new_000277,Sphere,128.5,74.9,0.782608156852414,-0.6225146366376194
Sphere_new_000869,Sphere,59.1,71.2,0.8580649057236446,0.5135412520581701
SmoothCylinder_new_000041,SmoothCylinder,331.8,42.6,-0.4725507648690538,0.8813034520649923
Sphere_new_000838,Sphere,186.0,53.8,-0.1045284632676535,-0.9945218953682732
Sphere_new_000698,Sphere,239.3,65.2,-0.8598522715968736,-0.5105429179116054
Sphere_new_000582,Sphere,356.3,68.5,-0.0645323082529577,0.997915618272179
SmoothCylinder_new_000211,SmoothCylinder,226.9,32.3,-0.7301622766207524,-0.6832737736807991
SmoothCylinder_new_000916,SmoothCylinder,198.5,55.1,-0.3173046564050919,-0.9483236552061994
Sphere_new_000868,Sphere,4.6,45.2,0.0801989243288589,0.9967788784562472
Sphere_new_000533,Sphere,0.1,63.7,0.0017453283658983,0.9999984769132876
Sphere_new_000677,Sphere,310.0,36.5,-0.7660444431189781,0.6427876096865393
SmoothCylinder_new_000896,SmoothCylinder,232.8,62.4,-0.7965299180241965,-0.6045991148623746
Sphere_new_000090,Sphere,106.2,36.6,0.9602936856769432,-0.2789911060392293
SmoothCylinder_new_000067,SmoothCylinder,72.1,53.1,0.9515944038794382,0.3073566177998072
SmoothCylinder_new_000192,SmoothCylinder,227.0,68.3,-0.7313537016191705,-0.6819983600624986
Sphere_new_000834,Sphere,276.0,53.1,-0.9945218953682734,0.1045284632676529
SmoothCylinder_new_000348,SmoothCylinder,188.6,32.2,-0.1495353434437094,-0.988756381047006
SmoothCylinder_new_000369,SmoothCylinder,3.2,54.4,0.0558215049931638,0.998440764181981
Sphere_new_000127,Sphere,154.1,41.4,0.4368017883677022,-0.8995577789551803
Sphere_new_000812,Sphere,210.4,66.5,-0.506033764121164,-0.8625136692072574
SmoothCylinder_new_000486,SmoothCylinder,252.2,43.5,-0.9521293927421386,-0.305695304963106
Sphere_new_000021,Sphere,126.3,48.8,0.8059282822485158,-0.5920131787992196
SmoothCylinder_new_000655,SmoothCylinder,19.6,52.7,0.335451569750255,0.9420574527872968
Sphere_new_000779,Sphere,356.2,57.6,-0.0662739004000007,0.99780146829205
SmoothCylinder_new_000718,SmoothCylinder,130.6,62.6,0.7592713073348809,-0.6507742172658508
SmoothCylinder_new_000368,SmoothCylinder,167.1,30.8,0.2232501160109516,-0.9747611941912216
SmoothCylinder_new_000354,SmoothCylinder,281.4,49.1,-0.980271174621722,0.197657340379126
Sphere_new_000036,Sphere,28.4,67.7,0.4756242090702752,0.8796485728666166
SmoothCylinder_new_000936,SmoothCylinder,220.2,34.1,-0.6454576877239503,-0.7637960286346424
SmoothCylinder_new_000966,SmoothCylinder,82.5,60.2,0.9914448613738104,0.1305261922200517
SmoothCylinder_new_000750,SmoothCylinder,344.0,30.5,-0.2756373558169989,0.9612616959383188
SmoothCylinder_new_000333,SmoothCylinder,79.5,54.1,0.9832549075639546,0.1822355254921474
Sphere_new_000773,Sphere,78.8,35.6,0.9809551553491916,0.1942343512199721
Sphere_new_000826,Sphere,52.8,39.9,0.7965299180241963,0.6045991148623749
Sphere_new_000281,Sphere,171.5,47.9,0.1478094111296108,-0.9890158633619168
Sphere_new_000382,Sphere,183.2,48.1,-0.0558215049931637,-0.998440764181981
Sphere_new_000893,Sphere,255.2,32.6,-0.9668233886044594,-0.2554457579357906
SmoothCylinder_new_000689,SmoothCylinder,104.3,66.1,0.9690157314068696,-0.2469990127227428
Sphere_new_000189,Sphere,243.2,53.2,-0.8925858184521253,-0.4508775406894311
SmoothCylinder_new_000299,SmoothCylinder,43.7,72.7,0.6908824110768584,0.7229671459095681
SmoothCylinder_new_000277,SmoothCylinder,300.3,30.5,-0.8633955506067718,0.504527623815019
Sphere_new_000830,Sphere,121.0,35.7,0.8571673007021123,-0.5150380749100543
SmoothCylinder_new_000722,SmoothCylinder,342.9,46.0,-0.2940403252323043,0.95579301479833
SmoothCylinder_new_000253,SmoothCylinder,185.5,45.2,-0.0958457525202241,-0.9953961983671789
Sphere_new_000896,Sphere,97.6,60.9,0.9912155402515416,-0.1322563902571223
Sphere_new_000903,Sphere,264.5,30.6,-0.9953961983671789,-0.0958457525202244
Sphere_new_000324,Sphere,294.7,68.3,-0.908508177526722,0.4178670738010764
Sphere_new_000556,Sphere,45.2,73.1,0.709570736536521,0.7046342099635946
SmoothCylinder_new_000669,SmoothCylinder,264.4,58.2,-0.9952273999818312,-0.0975828997591497
SmoothCylinder_new_000221,SmoothCylinder,157.7,67.3,0.3794561595290054,-0.925209718385782
SmoothCylinder_new_000710,SmoothCylinder,249.9,47.8,-0.9390942520947092,-0.3436596945856157
SmoothCylinder_new_000263,SmoothCylinder,35.7,55.4,0.5835412113561176,0.8120835268918062
Sphere_new_000274,Sphere,355.4,40.1,-0.0801989243288595,0.9967788784562472
Sphere_new_000973,Sphere,118.8,45.4,0.8763066800438637,-0.481753674101715
SmoothCylinder_new_000409,SmoothCylinder,137.2,69.1,0.6794413042615167,-0.7337298645028763
SmoothCylinder_new_000720,SmoothCylinder,226.5,48.2,-0.7253743710122876,-0.688354575693754
SmoothCylinder_new_000687,SmoothCylinder,237.6,45.0,-0.8443279255020149,-0.5358267949789971
SmoothCylinder_new_000103,SmoothCylinder,124.3,71.9,0.8260982944957639,-0.5635260489375714
SmoothCylinder_new_000396,SmoothCylinder,359.0,49.6,-0.0174524064372835,0.9998476951563912
Sphere_new_000104,Sphere,205.6,60.6,-0.4320857488019823,-0.9018325264051138
SmoothCylinder_new_000567,SmoothCylinder,189.8,52.1,-0.1702094991660329,-0.98540789848349
Sphere_new_000405,Sphere,335.1,74.0,-0.4210358133674908,0.907044014291465
SmoothCylinder_new_000352,SmoothCylinder,284.1,32.3,-0.9698720152847466,0.243615011786023
Sphere_new_000894,Sphere,234.7,40.0,-0.8161375900801602,-0.5778576243835054
SmoothCylinder_new_000306,SmoothCylinder,303.6,43.5,-0.8329212407100991,0.5533915492433445
Sphere_new_000003,Sphere,269.8,55.8,-0.9999939076577904,-0.0034906514152236
Sphere_new_000208,Sphere,246.6,46.7,-0.9177546256839808,-0.3971478906347811
Sphere_new_000150,Sphere,147.4,37.0,0.5387707850068629,-0.8424523970071477
Sphere_new_000950,Sphere,156.4,73.6,0.4003490325568947,-0.9163627295622396
Sphere_new_000688,Sphere,358.1,36.8,-0.0331551783885262,0.9994502159417572
Sphere_new_000407,Sphere,242.0,67.9,-0.882947592858927,-0.4694715627858907
Sphere_new_000067,Sphere,97.1,48.5,0.9923319378854888,-0.1236014767404924
Sphere_new_000356,Sphere,314.2,43.3,-0.716910607650483,0.6971651028545643
SmoothCylinder_new_000968,SmoothCylinder,294.4,57.8,-0.9106836608061772,0.4131044298245417
Sphere_new_000252,Sphere,0.8,56.4,0.0139621803391452,0.9999025240093042
SmoothCylinder_new_000942,SmoothCylinder,219.5,74.9,-0.636078220277764,-0.7716245833877199
Sphere_new_000714,Sphere,95.3,73.8,0.995724698184582,-0.0923705874465615
Sphere_new_000085,Sphere,125.0,32.5,0.8191520442889917,-0.5735764363510462
Sphere_new_000781,Sphere,188.9,69.8,-0.154710386299468,-0.9879598657693892
SmoothCylinder_new_000532,SmoothCylinder,295.9,54.6,-0.8995577789551806,0.4368017883677015
Sphere_new_000593,Sphere,164.1,49.6,0.2739592186924326,-0.9617413095492112
Sphere_new_000097,Sphere,169.0,66.0,0.1908089953765449,-0.981627183447664
SmoothCylinder_new_000933,SmoothCylinder,1.2,54.0,0.0209424198833569,0.9997806834748456
SmoothCylinder_new_000291,SmoothCylinder,299.0,45.0,-0.8746197071393956,0.4848096202463373
SmoothCylinder_new_000003,SmoothCylinder,160.6,36.6,0.3321611318837036,-0.9432226579476009
SmoothCylinder_new_000887,SmoothCylinder,191.4,50.2,-0.197657340379126,-0.980271174621722
Sphere_new_000691,Sphere,277.2,58.2,-0.992114701314478,0.1253332335643042
Sphere_new_000815,Sphere,222.6,68.7,-0.6768759696826606,-0.7360970871197344
SmoothCylinder_new_000813,SmoothCylinder,86.9,59.4,0.9985366703262116,0.0540788129847753
Sphere_new_000892,Sphere,212.7,66.2,-0.5402403204776549,-0.8415107819453063
Sphere_new_000791,Sphere,326.1,56.0,-0.55774510897969,0.8300122850953675
Sphere_new_000148,Sphere,186.3,73.4,-0.1097343110910454,-0.9939609554551796
SmoothCylinder_new_000050,SmoothCylinder,290.3,70.3,-0.9378889346118976,0.3469356515732558
SmoothCylinder_new_000873,SmoothCylinder,275.6,38.0,-0.9952273999818312,0.0975828997591494
SmoothCylinder_new_000296,SmoothCylinder,113.5,71.6,0.917060074385124,-0.3987490689252461
SmoothCylinder_new_000833,SmoothCylinder,129.7,71.0,0.7693995550468952,-0.6387678175155976
SmoothCylinder_new_000977,SmoothCylinder,135.9,72.3,0.6959127965923141,-0.718126297763189
SmoothCylinder_new_000503,SmoothCylinder,63.7,40.8,0.8964864303834406,0.4430711908241796
Sphere_new_000242,Sphere,182.2,36.1,-0.0383878090875196,-0.9992629164106211
Sphere_new_000466,Sphere,68.5,43.8,0.9304175679820246,0.3665012267242973
SmoothCylinder_new_000157,SmoothCylinder,241.2,37.3,-0.8763066800438636,-0.4817536741017152
SmoothCylinder_new_000519,SmoothCylinder,217.3,60.4,-0.6059884002657112,-0.7954734808548958
SmoothCylinder_new_000272,SmoothCylinder,134.0,60.6,0.7193398003386511,-0.6946583704589974
SmoothCylinder_new_000552,SmoothCylinder,143.2,43.9,0.599023598515586,-0.8007313709487334
SmoothCylinder_new_000610,SmoothCylinder,338.4,41.3,-0.3681245526846787,0.9297764858882512
SmoothCylinder_new_000199,SmoothCylinder,194.8,40.2,-0.2554457579357908,-0.9668233886044594
SmoothCylinder_new_000760,SmoothCylinder,156.8,68.5,0.3939419095909509,-0.9191353392552344
Sphere_new_000976,Sphere,251.6,38.2,-0.9488760116444966,-0.3156490369471022
Sphere_new_000515,Sphere,5.7,63.5,0.099319749743639,0.9950555699612263
Sphere_new_000371,Sphere,342.9,56.6,-0.2940403252323043,0.95579301479833
SmoothCylinder_new_000828,SmoothCylinder,102.6,56.2,0.9759167619387474,-0.2181432413965423
SmoothCylinder_new_000571,SmoothCylinder,242.0,55.9,-0.882947592858927,-0.4694715627858907
Sphere_new_000398,Sphere,152.1,39.9,0.4679298142605734,-0.8837656300886935
Sphere_new_000372,Sphere,341.5,71.0,-0.3173046564050918,0.9483236552061994
Sphere_new_000710,Sphere,194.7,61.0,-0.2537579445848055,-0.9672677527758768
SmoothCylinder_new_000802,SmoothCylinder,264.1,64.8,-0.9947028171171742,-0.1027925367872468
SmoothCylinder_new_000309,SmoothCylinder,327.7,45.9,-0.5343523493898269,0.8452618332218558
SmoothCylinder_new_000089,SmoothCylinder,226.6,61.3,-0.7265746709709758,-0.6870875108044231
Sphere_new_000035,Sphere,301.8,66.5,-0.849892692986864,0.5269557954966775
SmoothCylinder_new_000268,SmoothCylinder,203.2,62.1,-0.3939419095909507,-0.9191353392552346
SmoothCylinder_new_000463,SmoothCylinder,6.1,37.3,0.1062640713362332,0.9943379441332046
Sphere_new_000889,Sphere,290.8,57.3,-0.9348256763960144,0.3551069624081373
Sphere_new_000633,Sphere,178.8,38.0,0.0209424198833566,-0.9997806834748456
SmoothCylinder_new_000522,SmoothCylinder,5.0,41.9,0.0871557427476581,0.9961946980917455
SmoothCylinder_new_000593,SmoothCylinder,308.9,65.7,-0.7782431485260214,0.6279630576493374
SmoothCylinder_new_000469,SmoothCylinder,77.8,48.3,0.977415894286096,0.2113247964553888
SmoothCylinder_new_000810,SmoothCylinder,111.1,56.3,0.9329535348254892,-0.3599968081200511
Sphere_new_000229,Sphere,248.4,38.7,-0.9297764858882516,-0.3681245526846778
SmoothCylinder_new_000938,SmoothCylinder,50.9,51.8,0.7760464070665459,0.6306758074312863
SmoothCylinder_new_000117,SmoothCylinder,53.5,42.8,0.8038568606172173,0.5948227867513414
SmoothCylinder_new_000989,SmoothCylinder,202.6,62.6,-0.3842953226598035,-0.923210217112981
Sphere_new_000048,Sphere,115.9,39.2,0.8995577789551802,-0.4368017883677024
SmoothCylinder_new_000311,SmoothCylinder,329.8,45.1,-0.5030199466302353,0.8642748019537045
SmoothCylinder_new_000042,SmoothCylinder,320.0,55.0,-0.6427876096865396,0.7660444431189778
Sphere_new_000016,Sphere,44.5,54.0,0.7009092642998509,0.7132504491541816
SmoothCylinder_new_000541,SmoothCylinder,0.1,34.5,0.0017453283658983,0.9999984769132876
SmoothCylinder_new_000640,SmoothCylinder,202.0,41.3,-0.374606593415912,-0.9271838545667874
Sphere_new_000601,Sphere,29.5,74.2,0.4924235601034671,0.8703556959398997
SmoothCylinder_new_000331,SmoothCylinder,83.2,54.6,0.9929655081065368,0.1184039683065009
SmoothCylinder_new_000585,SmoothCylinder,131.8,69.9,0.745475999682862,-0.6665324702494527
Sphere_new_000848,Sphere,336.2,49.8,-0.4035452963523901,0.9149596678498249
SmoothCylinder_new_000607,SmoothCylinder,21.4,71.8,0.3648767843376196,0.9310558158625284
SmoothCylinder_new_000179,SmoothCylinder,108.7,41.6,0.9472102777460288,-0.3206129905856763
Sphere_new_000969,Sphere,77.2,45.3,0.9751493543055632,0.2215484976194672
Sphere_new_000360,Sphere,218.7,30.4,-0.6252426563357049,-0.78043040733833
SmoothCylinder_new_000300,SmoothCylinder,161.6,47.1,0.3156490369471025,-0.9488760116444964
Sphere_new_000475,Sphere,196.7,52.6,-0.2873605198497119,-0.9578224948453148
Sphere_new_000796,Sphere,33.6,65.5,0.5533915492433441,0.8329212407100994
SmoothCylinder_new_000777,SmoothCylinder,128.4,59.2,0.7836934573258398,-0.6211477802783103
Sphere_new_000448,Sphere,0.5,48.5,0.0087265354983739,0.9999619230641712
Sphere_new_000526,Sphere,64.0,54.3,0.898794046299167,0.4383711467890774
SmoothCylinder_new_000928,SmoothCylinder,144.9,65.2,0.5750052520432783,-0.8181497174250236
SmoothCylinder_new_000209,SmoothCylinder,72.8,45.9,0.9552783621223436,0.2957080500440467
SmoothCylinder_new_000798,SmoothCylinder,221.8,62.6,-0.6665324702494526,-0.745475999682862
SmoothCylinder_new_000370,SmoothCylinder,122.8,74.6,0.8405666034956844,-0.5417082102827397
SmoothCylinder_new_000759,SmoothCylinder,57.9,66.9,0.8471219213821372,0.5313985795180829
SmoothCylinder_new_000697,SmoothCylinder,75.9,75.0,0.9698720152847468,0.2436150117860223
Sphere_new_000233,Sphere,183.1,66.5,-0.0540788129847753,-0.9985366703262116
SmoothCylinder_new_000388,SmoothCylinder,38.8,61.3,0.6266038113644604,0.7793379649314742
SmoothCylinder_new_000054,SmoothCylinder,141.6,56.1,0.6211477802783105,-0.7836934573258397
SmoothCylinder_new_000814,SmoothCylinder,166.0,65.0,0.2419218955996677,-0.9702957262759964
Sphere_new_000456,Sphere,65.2,55.3,0.9077774785329088,0.4194520824461771
SmoothCylinder_new_000398,SmoothCylinder,266.9,69.4,-0.9985366703262116,-0.0540788129847756
SmoothCylinder_new_000583,SmoothCylinder,211.9,57.2,-0.528438334722347,-0.8489716876291415
SmoothCylinder_new_000608,SmoothCylinder,53.6,31.4,0.804893797355914,0.5934188866037015
SmoothCylinder_new_000886,SmoothCylinder,6.5,59.8,0.1132032137679067,0.9935718556765876
Sphere_new_000519,Sphere,161.6,32.6,0.3156490369471025,-0.9488760116444964
SmoothCylinder_new_000538,SmoothCylinder,338.5,56.6,-0.3665012267242972,0.9304175679820246
SmoothCylinder_new_000237,SmoothCylinder,201.4,58.4,-0.3648767843376198,-0.9310558158625284
Sphere_new_000198,Sphere,334.8,58.7,-0.4257792915650722,0.9048270524660196
Sphere_new_000311,Sphere,98.1,74.5,0.9900236577165576,-0.1409012319375824
SmoothCylinder_new_000266,SmoothCylinder,331.7,35.6,-0.4740882090471168,0.8804773535091617
SmoothCylinder_new_000609,SmoothCylinder,77.1,67.8,0.9747611941912218,0.2232501160109514
Sphere_new_000427,Sphere,1.1,68.8,0.0191974423996896,0.9998157121216442
Sphere_new_000762,Sphere,28.1,33.2,0.47101188121941,0.8821268660176678
Sphere_new_000613,Sphere,42.7,42.6,0.6781596698680706,0.7349145951499598
Sphere_new_000663,Sphere,194.0,34.2,-0.2419218955996675,-0.9702957262759964
Sphere_new_000952,Sphere,12.2,30.2,0.2113247964553886,0.977415894286096
Sphere_new_000220,Sphere,212.5,70.7,-0.5372996083468239,-0.8433914458128856
SmoothCylinder_new_000934,SmoothCylinder,3.0,49.2,0.0523359562429438,0.9986295347545738
Sphere_new_000400,Sphere,56.4,65.0,0.8329212407100994,0.5533915492433441
SmoothCylinder_new_000704,SmoothCylinder,77.5,53.9,0.9762960071199334,0.2164396139381029
SmoothCylinder_new_000753,SmoothCylinder,209.2,40.4,-0.4878596591387324,-0.8729220772698099
Sphere_new_000975,Sphere,185.6,54.6,-0.0975828997591494,-0.9952273999818312
SmoothCylinder_new_000864,SmoothCylinder,346.4,43.7,-0.2351421131025906,0.971961000578546
Sphere_new_000315,Sphere,241.8,65.8,-0.8813034520649924,-0.4725507648690538
SmoothCylinder_new_000212,SmoothCylinder,94.5,46.5,0.996917333733128,-0.0784590957278448
SmoothCylinder_new_000399,SmoothCylinder,307.9,35.9,-0.789084084834691,0.6142852000989428
Sphere_new_000614,Sphere,81.7,52.2,0.9895257890689696,0.1443562010009731
Sphere_new_000076,Sphere,287.3,42.3,-0.9547607995027976,0.2973748740777857
SmoothCylinder_new_000730,SmoothCylinder,41.6,37.4,0.6639262126522416,0.7477980904985319
SmoothCylinder_new_000505,SmoothCylinder,112.8,54.3,0.9218631515885006,-0.3875155864521028
SmoothCylinder_new_000228,SmoothCylinder,185.0,30.7,-0.0871557427476579,-0.9961946980917455
Sphere_new_000788,Sphere,216.2,72.7,-0.5906056676199251,-0.8069603121438021
Sphere_new_000632,Sphere,30.4,34.0,0.5060337641211637,0.8625136692072575
SmoothCylinder_new_000294,SmoothCylinder,165.7,55.8,0.246999012722743,-0.9690157314068696
SmoothCylinder_new_000442,SmoothCylinder,97.9,47.9,0.9905094632383088,-0.1374445460371466
SmoothCylinder_new_000285,SmoothCylinder,41.7,50.0,0.6652303546543609,0.7466381822853914
Sphere_new_000899,Sphere,97.0,41.8,0.992546151641322,-0.1218693434051473
SmoothCylinder_new_000892,SmoothCylinder,80.6,49.0,0.9865721616069694,0.1633259622416223
Sphere_new_000862,Sphere,194.2,34.9,-0.2453073858788021,-0.969445349895139
Sphere_new_000207,Sphere,333.3,38.3,-0.4493189986158963,0.8933713883278377
SmoothCylinder_new_000431,SmoothCylinder,56.0,59.4,0.8290375725550417,0.5591929034707468
Sphere_new_000483,Sphere,268.1,56.9,-0.9994502159417572,-0.0331551783885261
SmoothCylinder_new_000542,SmoothCylinder,172.1,62.9,0.1374445460371466,-0.9905094632383088
SmoothCylinder_new_000596,SmoothCylinder,348.6,36.8,-0.1976573403791255,0.980271174621722
Sphere_new_000979,Sphere,202.9,53.1,-0.3891239501402061,-0.9211854055657211
Sphere_new_000986,Sphere,132.6,57.2,0.7360970871197344,-0.6768759696826606
SmoothCylinder_new_000723,SmoothCylinder,42.6,45.8,0.6768759696826607,0.7360970871197343
SmoothCylinder_new_000290,SmoothCylinder,324.8,31.4,-0.5764323161697934,0.8171448983351284
Sphere_new_000667,Sphere,277.4,30.3,-0.9916711623830904,0.1287955965775625
SmoothCylinder_new_000523,SmoothCylinder,199.9,72.5,-0.3403795502130501,-0.9402881270104188
SmoothCylinder_new_000958,SmoothCylinder,344.4,31.8,-0.2689198206152658,0.963162566797658
SmoothCylinder_new_000637,SmoothCylinder,38.8,31.6,0.6266038113644604,0.7793379649314742
Sphere_new_000265,Sphere,186.1,45.9,-0.1062640713362331,-0.9943379441332046
SmoothCylinder_new_000917,SmoothCylinder,14.3,50.8,0.2469990127227429,0.9690157314068696
Sphere_new_000594,Sphere,4.9,39.9,0.0854169231373674,0.9963452961909064
Sphere_new_000192,Sphere,316.4,59.7,-0.6896195437356704,0.7241718614374669
Sphere_new_000722,Sphere,248.6,60.2,-0.9310558158625284,-0.3648767843376197
SmoothCylinder_new_000568,SmoothCylinder,350.0,52.1,-0.1736481776669304,0.984807753012208
Sphere_new_000540,Sphere,81.6,52.2,0.9892723329629884,0.1460830285624116
SmoothCylinder_new_000684,SmoothCylinder,269.4,57.5,-0.999945169365512,-0.0104717841162462
SmoothCylinder_new_000680,SmoothCylinder,247.1,69.2,-0.9211854055657211,-0.3891239501402064
SmoothCylinder_new_000853,SmoothCylinder,61.3,52.3,0.8771461637055887,0.4802234974431889
Sphere_new_000777,Sphere,158.2,66.4,0.3713678355502352,-0.9284858268809134
SmoothCylinder_new_000970,SmoothCylinder,186.1,35.1,-0.1062640713362331,-0.9943379441332046
Sphere_new_000449,Sphere,14.6,68.0,0.2520693582431136,0.9677091704819712
SmoothCylinder_new_000907,SmoothCylinder,344.8,67.2,-0.2621891786408644,0.9650164944723116
SmoothCylinder_new_000082,SmoothCylinder,241.9,67.1,-0.8821268660176679,-0.4710118812194099
SmoothCylinder_new_000086,SmoothCylinder,258.6,64.2,-0.980271174621722,-0.1976573403791255
SmoothCylinder_new_000979,SmoothCylinder,56.0,33.3,0.8290375725550417,0.5591929034707468
SmoothCylinder_new_000165,SmoothCylinder,223.1,30.5,-0.6832737736807989,-0.7301622766207525
Sphere_new_000583,Sphere,89.0,39.1,0.9998476951563912,0.0174524064372836
Sphere_new_000070,Sphere,282.4,68.8,-0.976672278334168,0.2147353271670628
Sphere_new_000464,Sphere,291.0,36.9,-0.9335804264972016,0.3583679495453004
Sphere_new_000280,Sphere,77.2,50.6,0.9751493543055632,0.2215484976194672
SmoothCylinder_new_000123,SmoothCylinder,104.6,47.6,0.9677091704819712,-0.2520693582431135
Sphere_new_000705,Sphere,137.1,54.9,0.6807208689589179,-0.7325428987873787
SmoothCylinder_new_000858,SmoothCylinder,245.0,44.6,-0.90630778703665,-0.4226182617406991
Sphere_new_000559,Sphere,349.2,56.5,-0.1873813145857246,0.9822872507286888
Sphere_new_000944,Sphere,215.7,32.0,-0.5835412113561173,-0.8120835268918064
Sphere_new_000661,Sphere,59.9,54.9,0.8651514205697045,0.5015107371594574
Sphere_new_000389,Sphere,358.8,68.4,-0.0209424198833567,0.9997806834748456
SmoothCylinder_new_000948,SmoothCylinder,345.2,45.5,-0.2554457579357907,0.9668233886044594
SmoothCylinder_new_000521,SmoothCylinder,165.1,66.1,0.2571327931546965,-0.9663760793213292
Sphere_new_000100,Sphere,166.9,65.4,0.2266513074368551,-0.9739759672790516
SmoothCylinder_new_000029,SmoothCylinder,34.4,63.1,0.5649670034249379,0.8251134982782952
Sphere_new_000658,Sphere,324.1,41.5,-0.5863723567357888,0.8100416404457963
Sphere_new_000685,Sphere,137.2,45.4,0.6794413042615167,-0.7337298645028763
SmoothCylinder_new_000736,SmoothCylinder,111.2,44.4,0.9323238012155122,-0.3616245700820923
SmoothCylinder_new_000077,SmoothCylinder,191.7,40.1,-0.2027872953565121,-0.979222810621766
Sphere_new_000013,Sphere,284.1,49.9,-0.9698720152847466,0.243615011786023
Sphere_new_000769,Sphere,211.0,38.2,-0.5150380749100542,-0.8571673007021123
SmoothCylinder_new_000118,SmoothCylinder,169.0,70.5,0.1908089953765449,-0.981627183447664
Sphere_new_000524,Sphere,336.4,67.4,-0.4003490325568953,0.9163627295622394
Sphere_new_000966,Sphere,60.5,67.3,0.8703556959398997,0.4924235601034671
SmoothCylinder_new_000363,SmoothCylinder,329.6,48.0,-0.5060337641211639,0.8625136692072574
SmoothCylinder_new_000081,SmoothCylinder,323.0,46.5,-0.6018150231520483,0.7986355100472928
Sphere_new_000875,Sphere,145.2,68.5,0.5707135676844317,-0.821149209133704
Sphere_new_000716,Sphere,84.6,66.3,0.99556196460308,0.0941083133185145
Sphere_new_000554,Sphere,17.7,53.6,0.3040330609254902,0.9526614812535864
Sphere_new_000239,Sphere,337.8,33.2,-0.3778407868184672,0.9258705848099948
SmoothCylinder_new_000328,SmoothCylinder,71.7,31.9,0.949425477641904,0.3139924559674049
Sphere_new_000544,Sphere,185.9,49.7,-0.1027925367872469,-0.9947028171171742
SmoothCylinder_new_000682,SmoothCylinder,175.6,53.9,0.0767190281268188,-0.9970527522269202
Sphere_new_000590,Sphere,150.1,71.2,0.4984877397538304,-0.8668967489356028
SmoothCylinder_new_000249,SmoothCylinder,269.0,72.1,-0.9998476951563912,-0.0174524064372834
Sphere_new_000528,Sphere,266.9,30.6,-0.9985366703262116,-0.0540788129847756
SmoothCylinder_new_000162,SmoothCylinder,6.2,56.7,0.1079993557060228,0.9941509639723154
SmoothCylinder_new_000659,SmoothCylinder,22.7,32.1,0.3859060423243186,0.9225380894562464
Sphere_new_000977,Sphere,80.9,48.6,0.9874138067509114,0.1581580672544835
SmoothCylinder_new_000002,SmoothCylinder,245.7,43.0,-0.9114032766354452,-0.4115143586051091
Sphere_new_000300,Sphere,83.1,42.7,0.9927573419294456,0.1201368388346472
Sphere_new_000609,Sphere,339.5,52.4,-0.3502073812594676,0.9366721892483976
SmoothCylinder_new_000673,SmoothCylinder,346.3,63.6,-0.2368381460656183,0.9715491199976464
Sphere_new_000997,Sphere,236.7,56.3,-0.83580736136827,-0.5490228179981321
Sphere_new_000980,Sphere,238.8,39.0,-0.8553642601605066,-0.5180270093731303
Sphere_new_000993,Sphere,332.9,69.4,-0.4555449072335156,0.8902128046111265
Sphere_new_000532,Sphere,223.4,72.4,-0.6870875108044232,-0.7265746709709757
SmoothCylinder_new_000456,SmoothCylinder,296.1,39.0,-0.8980275757606156,0.439939169855915
Sphere_new_000149,Sphere,197.4,33.8,-0.2990407922560867,-0.9542403285162768
SmoothCylinder_new_000705,SmoothCylinder,234.4,53.6,-0.8131007610470278,-0.5821229701572892
SmoothCylinder_new_000357,SmoothCylinder,34.3,73.0,0.5635260489375714,0.8260982944957639
SmoothCylinder_new_000921,SmoothCylinder,153.7,33.6,0.44307119082418,-0.8964864303834403
Sphere_new_000750,Sphere,75.9,42.0,0.9698720152847468,0.2436150117860223
Sphere_new_000073,Sphere,75.2,32.8,0.9668233886044594,0.2554457579357905
Sphere_new_000811,Sphere,242.9,69.4,-0.8902128046111265,-0.4555449072335156
SmoothCylinder_new_000932,SmoothCylinder,212.7,35.0,-0.5402403204776549,-0.8415107819453063
Sphere_new_000412,Sphere,35.2,72.4,0.5764323161697933,0.8171448983351285
Sphere_new_000225,Sphere,291.0,52.3,-0.9335804264972016,0.3583679495453004
Sphere_new_000122,Sphere,158.2,57.0,0.3713678355502352,-0.9284858268809134
SmoothCylinder_new_000430,SmoothCylinder,76.1,46.6,0.9707164815781908,0.2402280424772638
Sphere_new_000865,Sphere,323.5,53.1,-0.594822786751341,0.8038568606172175
SmoothCylinder_new_000960,SmoothCylinder,174.1,41.6,0.1027925367872467,-0.9947028171171742
Sphere_new_000058,Sphere,340.6,67.5,-0.3321611318837029,0.9432226579476012
SmoothCylinder_new_000322,SmoothCylinder,95.9,57.3,0.9947028171171742,-0.1027925367872467
Sphere_new_000302,Sphere,264.8,74.7,-0.9958843986159704,-0.09063258019778
SmoothCylinder_new_000631,SmoothCylinder,82.0,57.8,0.9902680687415704,0.1391731009600654
SmoothCylinder_new_000765,SmoothCylinder,263.7,65.2,-0.9939609554551796,-0.1097343110910457
Sphere_new_000411,Sphere,189.6,43.4,-0.1667687467161019,-0.985996037070505
Sphere_new_000287,Sphere,266.1,60.3,-0.9976842788356052,-0.0680152906652476
Sphere_new_000363,Sphere,45.6,43.6,0.7144726796328034,0.6996633405133654
SmoothCylinder_new_000899,SmoothCylinder,250.4,67.8,-0.9420574527872968,-0.3354515697502552
SmoothCylinder_new_000340,SmoothCylinder,30.9,57.9,0.51354125205817,0.8580649057236446
Sphere_new_000352,Sphere,81.5,72.4,0.9890158633619168,0.1478094111296105
Sphere_new_000486,Sphere,12.8,69.4,0.2215484976194673,0.9751493543055632
Sphere_new_000278,Sphere,242.5,39.8,-0.8870108331782215,-0.4617486132350343
Sphere_new_000728,Sphere,121.9,64.0,0.8489716876291415,-0.528438334722347
Sphere_new_000394,Sphere,322.3,66.0,-0.6115270401858313,0.7912235329674899
SmoothCylinder_new_000919,SmoothCylinder,295.2,35.8,-0.9048270524660196,0.4257792915650726
SmoothCylinder_new_000043,SmoothCylinder,145.9,47.9,0.5606389945632417,-0.8280603346224944
SmoothCylinder_new_000059,SmoothCylinder,237.6,58.7,-0.8443279255020149,-0.5358267949789971
Sphere_new_000782,Sphere,232.7,56.7,-0.7954734808548956,-0.6059884002657114
SmoothCylinder_new_000922,SmoothCylinder,59.2,39.7,0.8589598969306644,0.5120428648705715
SmoothCylinder_new_000500,SmoothCylinder,138.3,55.0,0.6652303546543606,-0.7466381822853916
Sphere_new_000154,Sphere,234.2,55.5,-0.8110638189893264,-0.5849576749872157
Sphere_new_000885,Sphere,22.6,49.3,0.3842953226598037,0.9232102171129808
Sphere_new_000234,Sphere,17.2,62.4,0.2957080500440466,0.9552783621223436
SmoothCylinder_new_000417,SmoothCylinder,342.5,72.7,-0.300705799504273,0.9537169507482268
SmoothCylinder_new_000951,SmoothCylinder,193.1,46.4,-0.2266513074368549,-0.9739759672790516
SmoothCylinder_new_000824,SmoothCylinder,325.0,48.4,-0.5735764363510465,0.8191520442889916
Sphere_new_000936,Sphere,46.5,63.1,0.7253743710122876,0.688354575693754
Sphere_new_000506,Sphere,237.8,49.0,-0.8461931661275641,-0.5328762760707298
Sphere_new_000134,Sphere,150.4,72.4,0.4939418665842309,-0.869494929505219
SmoothCylinder_new_000675,SmoothCylinder,178.6,48.9,0.024432178152653,-0.9997014897811832
SmoothCylinder_new_000493,SmoothCylinder,20.4,46.0,0.3485720473218152,0.9372819894918916
SmoothCylinder_new_000287,SmoothCylinder,201.1,46.7,-0.3599968081200512,-0.932953534825489
Sphere_new_000155,Sphere,234.6,32.3,-0.8151277957285543,-0.5792811723426787
Sphere_new_000767,Sphere,104.2,41.5,0.9694453498951388,-0.2453073858788026
SmoothCylinder_new_000935,SmoothCylinder,56.6,71.0,0.8348478632634065,0.5504807400849956
Sphere_new_000857,Sphere,89.8,70.9,0.9999939076577904,0.0034906514152237
SmoothCylinder_new_000383,SmoothCylinder,218.7,47.4,-0.6252426563357049,-0.78043040733833
SmoothCylinder_new_000513,SmoothCylinder,357.5,38.0,-0.0436193873653361,0.9990482215818578
SmoothCylinder_new_000407,SmoothCylinder,207.6,39.0,-0.4632960351198614,-0.8862035792312148
SmoothCylinder_new_000380,SmoothCylinder,135.9,35.5,0.6959127965923141,-0.718126297763189
SmoothCylinder_new_000911,SmoothCylinder,199.0,36.5,-0.3255681544571567,-0.9455185755993168
SmoothCylinder_new_000334,SmoothCylinder,340.4,62.0,-0.3354515697502552,0.9420574527872966
Sphere_new_000628,Sphere,347.6,38.0,-0.2147353271670632,0.976672278334168
Sphere_new_000818,Sphere,34.4,51.3,0.5649670034249379,0.8251134982782952
SmoothCylinder_new_000910,SmoothCylinder,280.7,58.2,-0.9826127965436152,0.1856666153855769
SmoothCylinder_new_000017,SmoothCylinder,138.1,67.7,0.6678325554710469,-0.7443115462311538
Sphere_new_000322,Sphere,320.1,49.2,-0.6414496315691575,0.7671651518152999
Sphere_new_000616,Sphere,28.2,69.5,0.4725507648690539,0.8813034520649923
Sphere_new_000059,Sphere,221.0,34.6,-0.656059028990507,-0.7547095802227721
SmoothCylinder_new_000764,SmoothCylinder,198.1,69.9,-0.3106764296307315,-0.9505157316277838
Sphere_new_000819,Sphere,29.2,34.0,0.4878596591387327,0.8729220772698096
Sphere_new_000184,Sphere,230.3,40.7,-0.7693995550468953,-0.6387678175155974
SmoothCylinder_new_000119,SmoothCylinder,221.6,69.1,-0.6639262126522416,-0.7477980904985319
Sphere_new_000718,Sphere,197.9,32.3,-0.307356617799807,-0.9515944038794382
SmoothCylinder_new_000235,SmoothCylinder,206.8,54.9,-0.4508775406894308,-0.8925858184521255
Sphere_new_000439,Sphere,126.7,62.7,0.801775644243754,-0.5976251469755212
Sphere_new_000433,Sphere,232.2,36.5,-0.7901550123756904,-0.6129070536529765
SmoothCylinder_new_000255,SmoothCylinder,283.1,67.7,-0.9739759672790514,0.2266513074368557
Sphere_new_000342,Sphere,146.7,68.8,0.549022817998132,-0.83580736136827
Sphere_new_000470,Sphere,228.4,72.6,-0.747798090498532,-0.6639262126522415
Sphere_new_000760,Sphere,43.1,59.2,0.6832737736807992,0.7301622766207523
SmoothCylinder_new_000745,SmoothCylinder,211.6,63.0,-0.5239859059700789,-0.8517269341430478
SmoothCylinder_new_000827,SmoothCylinder,355.3,69.1,-0.0819385086300405,0.9966373868180366
SmoothCylinder_new_000866,SmoothCylinder,357.5,30.1,-0.0436193873653361,0.9990482215818578
SmoothCylinder_new_000792,SmoothCylinder,96.2,57.2,0.9941509639723154,-0.1079993557060229
Sphere_new_000510,Sphere,300.3,54.4,-0.8633955506067718,0.504527623815019
SmoothCylinder_new_000068,SmoothCylinder,158.1,32.1,0.3729877825758092,-0.92783625389892
Sphere_new_000964,Sphere,276.4,58.1,-0.9937679191605964,0.1114689322063245
SmoothCylinder_new_000185,SmoothCylinder,5.7,48.5,0.099319749743639,0.9950555699612263
SmoothCylinder_new_000139,SmoothCylinder,258.7,71.0,-0.980614658546613,-0.195946144242518
Sphere_new_000385,Sphere,286.5,72.9,-0.9588197348681932,0.2840153447039223
SmoothCylinder_new_000514,SmoothCylinder,258.7,37.8,-0.980614658546613,-0.195946144242518
SmoothCylinder_new_000180,SmoothCylinder,15.7,68.2,0.2706004459758636,0.9626917464264788
Sphere_new_000635,Sphere,230.5,68.2,-0.77162458338772,-0.6360782202777638
SmoothCylinder_new_000149,SmoothCylinder,94.1,31.8,0.997440782930944,-0.0714974443326858
SmoothCylinder_new_000464,SmoothCylinder,296.3,51.7,-0.8964864303834407,0.4430711908241794
SmoothCylinder_new_000125,SmoothCylinder,243.8,42.5,-0.8972583696743284,-0.4415058527917453
Sphere_new_000803,Sphere,6.3,37.4,0.1097343110910452,0.9939609554551796
Sphere_new_000054,Sphere,293.5,43.9,-0.917060074385124,0.3987490689252462
Sphere_new_000694,Sphere,303.7,67.3,-0.8319541221304828,0.554844427447999
Sphere_new_000802,Sphere,106.1,64.9,0.9607791541575942,-0.2773146533023776
SmoothCylinder_new_000281,SmoothCylinder,113.6,70.9,0.9163627295622396,-0.4003490325568948
SmoothCylinder_new_000088,SmoothCylinder,358.3,51.2,-0.0296662440851109,0.999559860119384
Sphere_new_000099,Sphere,37.4,58.9,0.6073758397232867,0.7944146205354181
Sphere_new_000304,Sphere,202.9,72.9,-0.3891239501402061,-0.9211854055657211
Sphere_new_000657,Sphere,109.0,40.9,0.9455185755993168,-0.3255681544571566
SmoothCylinder_new_000174,SmoothCylinder,320.7,48.7,-0.6333808726275503,0.773840209726506
SmoothCylinder_new_000015,SmoothCylinder,196.8,37.5,-0.2890317969444718,-0.9573194975320672
Sphere_new_000620,Sphere,228.5,59.8,-0.7489557207890022,-0.6626200482157375
SmoothCylinder_new_000142,SmoothCylinder,74.4,56.3,0.9631625667976582,0.2689198206152657
Sphere_new_000420,Sphere,151.3,73.7,0.4802234974431889,-0.8771461637055887
Sphere_new_000314,Sphere,344.8,71.9,-0.2621891786408644,0.9650164944723116
Sphere_new_000186,Sphere,345.6,64.4,-0.2486898871648545,0.9685831611286312
SmoothCylinder_new_000606,SmoothCylinder,347.0,63.2,-0.2249510543438653,0.9743700647852352
SmoothCylinder_new_000630,SmoothCylinder,239.4,65.2,-0.8607420270039438,-0.5090414157503711
SmoothCylinder_new_000254,SmoothCylinder,219.6,75.0,-0.6374239897486896,-0.7705132427757893
SmoothCylinder_new_000414,SmoothCylinder,155.7,33.4,0.4115143586051091,-0.9114032766354452
SmoothCylinder_new_000483,SmoothCylinder,87.4,51.8,0.9989705697907147,0.0453629881292536
SmoothCylinder_new_000658,SmoothCylinder,293.6,72.1,-0.9163627295622396,0.4003490325568949
Sphere_new_000874,Sphere,132.5,32.8,0.7372773368101241,-0.6755902076156602
SmoothCylinder_new_000986,SmoothCylinder,248.1,59.3,-0.92783625389892,-0.3729877825758093
Sphere_new_000702,Sphere,19.0,64.2,0.3255681544571567,0.9455185755993168
SmoothCylinder_new_000891,SmoothCylinder,60.6,66.1,0.8712138111201894,0.4909037536151409
SmoothCylinder_new_000619,SmoothCylinder,228.7,58.4,-0.7512641335035111,-0.6600016679609368
Sphere_new_000740,Sphere,53.4,40.0,0.8028174751911145,0.5962248749656158
SmoothCylinder_new_000667,SmoothCylinder,117.3,66.2,0.8886172326549487,-0.458649554484315
SmoothCylinder_new_000227,SmoothCylinder,291.5,35.2,-0.9304175679820248,0.3665012267242968
Sphere_new_000111,Sphere,194.5,72.6,-0.2503800040544415,-0.9681476403781076
SmoothCylinder_new_000342,SmoothCylinder,37.2,68.1,0.6045991148623748,0.7965299180241963
Sphere_new_000147,Sphere,185.7,40.8,-0.0993197497436389,-0.9950555699612263
Sphere_new_000232,Sphere,97.1,74.1,0.9923319378854888,-0.1236014767404924
SmoothCylinder_new_000259,SmoothCylinder,163.5,74.8,0.2840153447039226,-0.958819734868193
Sphere_new_000053,Sphere,86.0,39.9,0.9975640502598242,0.0697564737441252
Sphere_new_000191,Sphere,298.8,35.0,-0.8763066800438634,0.4817536741017157
Sphere_new_000618,Sphere,33.1,54.5,0.5461019610144291,0.8377187166204387
Sphere_new_000143,Sphere,178.0,56.3,0.0348994967025011,-0.9993908270190958
SmoothCylinder_new_000169,SmoothCylinder,354.2,52.7,-0.1010562971829465,0.9948807088287882
Sphere_new_000592,Sphere,329.3,44.9,-0.5105429179116056,0.8598522715968736
SmoothCylinder_new_000569,SmoothCylinder,268.2,64.0,-0.9995065603657316,-0.0314107590781283
SmoothCylinder_new_000599,SmoothCylinder,246.4,47.2,-0.9163627295622396,-0.4003490325568952
SmoothCylinder_new_000632,SmoothCylinder,186.7,49.2,-0.1166707370993328,-0.993170649538486
SmoothCylinder_new_000066,SmoothCylinder,38.1,44.0,0.6170358751407486,0.7869350219613372
Sphere_new_000453,Sphere,209.5,50.2,-0.4924235601034669,-0.8703556959398998
Sphere_new_000359,Sphere,17.6,72.0,0.3023698907504445,0.953190667792947
Sphere_new_000871,Sphere,220.6,32.3,-0.6507742172658507,-0.759271307334881
Sphere_new_000541,Sphere,307.4,61.9,-0.7944146205354187,0.607375839723286
SmoothCylinder_new_000247,SmoothCylinder,44.8,61.1,0.7046342099635946,0.7095707365365209
SmoothCylinder_new_000597,SmoothCylinder,346.6,61.9,-0.2317479034941572,0.9727758782093966
SmoothCylinder_new_000226,SmoothCylinder,45.6,42.9,0.7144726796328034,0.6996633405133654
Sphere_new_000809,Sphere,68.0,72.7,0.9271838545667874,0.3746065934159119
SmoothCylinder_new_000613,SmoothCylinder,295.2,61.7,-0.9048270524660196,0.4257792915650726
SmoothCylinder_new_000969,SmoothCylinder,309.9,48.2,-0.7671651518153001,0.6414496315691571
SmoothCylinder_new_000092,SmoothCylinder,7.6,65.8,0.1322563902571224,0.9912155402515416
Sphere_new_000771,Sphere,103.5,45.2,0.9723699203976768,-0.2334453638559053
Sphere_new_000219,Sphere,277.7,37.5,-0.9909831997148364,0.1339861854182915
Sphere_new_000257,Sphere,21.3,44.8,0.3632512304729783,0.9316912275855488
Sphere_new_000236,Sphere,346.0,32.2,-0.2419218955996678,0.9702957262759964
SmoothCylinder_new_000437,SmoothCylinder,36.3,42.4,0.5920131787992196,0.8059282822485158
Sphere_new_000693,Sphere,67.0,48.5,0.9205048534524404,0.3907311284892737
Sphere_new_000536,Sphere,305.0,34.7,-0.8191520442889918,0.573576436351046
Sphere_new_000913,Sphere,299.0,53.2,-0.8746197071393956,0.4848096202463373
SmoothCylinder_new_000408,SmoothCylinder,176.0,38.4,0.0697564737441255,-0.9975640502598242
SmoothCylinder_new_000622,SmoothCylinder,84.1,56.8,0.9947028171171742,0.1027925367872469
Sphere_new_000187,Sphere,173.8,67.1,0.1079993557060229,-0.9941509639723154
SmoothCylinder_new_000286,SmoothCylinder,301.7,69.4,-0.8508111094240512,0.5254716510722678
SmoothCylinder_new_000496,SmoothCylinder,54.4,46.4,0.8131007610470277,0.5821229701572894
SmoothCylinder_new_000639,SmoothCylinder,276.3,74.7,-0.9939609554551796,0.1097343110910453
Sphere_new_000391,Sphere,130.4,55.6,0.7615383075367367,-0.6481199010631309
SmoothCylinder_new_000350,SmoothCylinder,304.4,68.2,-0.8251134982782953,0.5649670034249378
SmoothCylinder_new_000912,SmoothCylinder,183.8,30.6,-0.0662739004000003,-0.99780146829205
SmoothCylinder_new_000410,SmoothCylinder,221.8,48.2,-0.6665324702494526,-0.745475999682862
SmoothCylinder_new_000836,SmoothCylinder,333.8,36.1,-0.4415058527917453,0.8972583696743284
SmoothCylinder_new_000202,SmoothCylinder,69.6,45.6,0.9372819894918916,0.3485720473218153
Sphere_new_000497,Sphere,162.2,34.4,0.305695304963106,-0.9521293927421386
Sphere_new_000513,Sphere,191.8,66.5,-0.2044960518417903,-0.978867388761685
SmoothCylinder_new_000645,SmoothCylinder,165.5,37.9,0.2503800040544413,-0.9681476403781076
SmoothCylinder_new_000480,SmoothCylinder,227.5,54.1,-0.7372773368101239,-0.6755902076156604
SmoothCylinder_new_000381,SmoothCylinder,23.8,38.6,0.40354529635239,0.9149596678498249
Sphere_new_000738,Sphere,17.4,47.7,0.2990407922560866,0.9542403285162768
SmoothCylinder_new_000649,SmoothCylinder,297.9,41.4,-0.8837656300886936,0.4679298142605731
SmoothCylinder_new_000708,SmoothCylinder,281.3,51.3,-0.980614658546613,0.1959461442425176
Sphere_new_000339,Sphere,70.3,58.7,0.941470544812038,0.3370952584230821
Sphere_new_000244,Sphere,67.0,61.7,0.9205048534524404,0.3907311284892737
Sphere_new_000752,Sphere,274.0,71.2,-0.9975640502598244,0.0697564737441252
Sphere_new_000648,Sphere,263.4,38.5,-0.9933727656003964,-0.1149371504928667
Sphere_new_000087,Sphere,141.0,39.5,0.6293203910498374,-0.7771459614569709
SmoothCylinder_new_000825,SmoothCylinder,291.3,60.5,-0.931691227585549,0.3632512304729781
Sphere_new_000745,Sphere,119.3,62.5,0.8720692724321205,-0.4893824517488463
SmoothCylinder_new_000154,SmoothCylinder,28.9,51.9,0.4832823832550023,0.8754645270000179
Sphere_new_000331,Sphere,107.2,70.4,0.9552783621223436,-0.2957080500440466
SmoothCylinder_new_000341,SmoothCylinder,344.6,73.0,-0.2655561174868083,0.9640954042341102
Sphere_new_000325,Sphere,255.9,47.0,-0.9698720152847468,-0.2436150117860225
Sphere_new_000701,Sphere,355.8,68.3,-0.0732381971276318,0.997314477224458
Sphere_new_000476,Sphere,180.5,40.3,-0.0087265354983737,-0.9999619230641712
SmoothCylinder_new_000670,SmoothCylinder,136.5,44.3,0.6883545756937539,-0.7253743710122876
SmoothCylinder_new_000301,SmoothCylinder,63.8,62.8,0.8972583696743284,0.4415058527917452
SmoothCylinder_new_000581,SmoothCylinder,330.0,32.9,-0.5000000000000004,0.8660254037844384
SmoothCylinder_new_000364,SmoothCylinder,8.2,40.6,0.1426289337055116,0.989776230907789
SmoothCylinder_new_000362,SmoothCylinder,16.7,36.9,0.2873605198497119,0.9578224948453148
SmoothCylinder_new_000735,SmoothCylinder,203.8,52.0,-0.4035452963523902,-0.9149596678498249
Sphere_new_000938,Sphere,188.3,42.9,-0.1443562010009734,-0.9895257890689694
Sphere_new_000172,Sphere,23.3,39.7,0.3955455025629649,0.9184463813430872
Sphere_new_000935,Sphere,356.9,49.3,-0.0540788129847757,0.9985366703262116
SmoothCylinder_new_000019,SmoothCylinder,31.2,63.0,0.5180270093731302,0.8553642601605066
SmoothCylinder_new_000131,SmoothCylinder,77.9,45.8,0.977783236758606,0.2096185629038218
Sphere_new_000906,Sphere,353.2,72.8,-0.1184039683065009,0.9929655081065368
Sphere_new_000572,Sphere,256.6,64.6,-0.9727758782093966,-0.2317479034941571
SmoothCylinder_new_000741,SmoothCylinder,46.7,42.2,0.7277727576572105,0.6858183529273763
SmoothCylinder_new_000439,SmoothCylinder,277.8,69.6,-0.9907478404714436,0.1357155724343046
SmoothCylinder_new_000090,SmoothCylinder,320.3,60.9,-0.6387678175155975,0.7693995550468952
Sphere_new_000823,Sphere,343.4,32.7,-0.2856883674049744,0.958322574465133
Sphere_new_000744,Sphere,137.6,32.6,0.6743023875837236,-0.7384553406258836
SmoothCylinder_new_000512,SmoothCylinder,283.1,50.8,-0.9739759672790514,0.2266513074368557
SmoothCylinder_new_000367,SmoothCylinder,13.1,59.9,0.226651307436855,0.9739759672790516
SmoothCylinder_new_000267,SmoothCylinder,243.8,36.0,-0.8972583696743284,-0.4415058527917453
Sphere_new_000350,Sphere,209.0,51.3,-0.4848096202463369,-0.8746197071393959
Sphere_new_000924,Sphere,240.6,47.6,-0.8712138111201894,-0.490903753615141
Sphere_new_000005,Sphere,64.1,68.8,0.8995577789551803,0.4368017883677023
Sphere_new_000309,Sphere,198.8,74.1,-0.3222656952305114,-0.9466492601156964
Sphere_new_000367,Sphere,229.5,70.0,-0.7604059656000312,-0.6494480483301834
Sphere_new_000996,Sphere,14.2,57.4,0.2453073858788025,0.9694453498951388
SmoothCylinder_new_000785,SmoothCylinder,250.0,33.6,-0.9396926207859084,-0.3420201433256685
Sphere_new_000193,Sphere,217.9,72.2,-0.6142852000989433,-0.7890840848346906
Sphere_new_000188,Sphere,69.4,32.7,0.9360595357389732,0.3518416484047017
SmoothCylinder_new_000786,SmoothCylinder,142.8,69.4,0.6045991148623746,-0.7965299180241965
Sphere_new_000299,Sphere,309.7,65.2,-0.7693995550468955,0.6387678175155972
SmoothCylinder_new_000793,SmoothCylinder,224.8,32.9,-0.7046342099635947,-0.7095707365365209
Sphere_new_000353,Sphere,262.3,65.5,-0.9909831997148364,-0.1339861854182918
Sphere_new_000712,Sphere,172.5,51.1,0.1305261922200515,-0.9914448613738104
SmoothCylinder_new_000120,SmoothCylinder,44.1,66.0,0.6959127965923144,0.7181262977631888
SmoothCylinder_new_000292,SmoothCylinder,345.7,69.0,-0.2469990127227435,0.9690157314068694
Sphere_new_000749,Sphere,351.2,38.0,-0.1529858362840385,0.9882283814465528
SmoothCylinder_new_000039,SmoothCylinder,98.9,43.3,0.9879598657693892,-0.1547103862994681
Sphere_new_000963,Sphere,322.3,69.8,-0.6115270401858313,0.7912235329674899
SmoothCylinder_new_000931,SmoothCylinder,184.5,66.5,-0.0784590957278448,-0.996917333733128
Sphere_new_000481,Sphere,228.4,43.0,-0.747798090498532,-0.6639262126522415
SmoothCylinder_new_000924,SmoothCylinder,35.3,67.5,0.5778576243835053,0.8161375900801603
SmoothCylinder_new_000874,SmoothCylinder,286.4,70.2,-0.9593139745400576,0.2823414568428762
SmoothCylinder_new_000908,SmoothCylinder,146.5,37.6,0.5519369853120583,-0.8338858220671681
SmoothCylinder_new_000005,SmoothCylinder,335.6,38.6,-0.4131044298245413,0.9106836608061774
Sphere_new_000801,Sphere,254.2,30.9,-0.9622179935292854,-0.2722802470405742
SmoothCylinder_new_000024,SmoothCylinder,326.2,38.2,-0.5562956155003047,0.8309844692743283
SmoothCylinder_new_000595,SmoothCylinder,182.3,65.5,-0.0401317925325597,-0.999194395114446
Sphere_new_000870,Sphere,98.3,38.3,0.9895257890689696,-0.1443562010009732
SmoothCylinder_new_000978,SmoothCylinder,37.5,40.1,0.6087614290087207,0.7933533402912352
Sphere_new_000960,Sphere,16.4,32.4,0.2823414568428764,0.9593139745400576
Sphere_new_000821,Sphere,118.7,65.7,0.8771461637055888,-0.4802234974431887
SmoothCylinder_new_000988,SmoothCylinder,56.8,71.3,0.8367643134589616,0.5475632234925503
SmoothCylinder_new_000232,SmoothCylinder,297.8,35.1,-0.884580975215084,0.466386640339891
Sphere_new_000056,Sphere,50.0,62.2,0.766044443118978,0.6427876096865394
SmoothCylinder_new_000971,SmoothCylinder,52.7,74.0,0.7954734808548959,0.605988400265711
Sphere_new_000825,Sphere,146.8,55.3,0.5475632234925503,-0.8367643134589616
Sphere_new_000332,Sphere,163.7,64.0,0.280666708920788,-0.9598052919751868
Sphere_new_000246,Sphere,100.0,62.8,0.984807753012208,-0.1736481776669303
Sphere_new_000766,Sphere,43.9,70.4,0.693401828275813,0.7205511116803305
Sphere_new_000121,Sphere,122.2,58.2,0.846193166127564,-0.5328762760707301
Sphere_new_000878,Sphere,48.9,31.0,0.7535633923016378,0.6573752457940958
SmoothCylinder_new_000402,SmoothCylinder,214.5,33.4,-0.5664062369248329,-0.8241261886220156
SmoothCylinder_new_000807,SmoothCylinder,15.3,57.8,0.2638730499653729,0.964557418457798
SmoothCylinder_new_000360,SmoothCylinder,151.6,50.9,0.4756242090702755,-0.8796485728666164
Sphere_new_000971,Sphere,127.7,40.8,0.7912235329674902,-0.611527040185831
Sphere_new_000946,Sphere,334.8,57.8,-0.4257792915650722,0.9048270524660196
SmoothCylinder_new_000184,SmoothCylinder,284.7,43.5,-0.9672677527758768,0.2537579445848055
Sphere_new_000642,Sphere,71.7,30.4,0.949425477641904,0.3139924559674049
SmoothCylinder_new_000271,SmoothCylinder,159.1,74.5,0.3567379993196252,-0.9342044743210296
SmoothCylinder_new_000289,SmoothCylinder,126.5,51.2,0.8038568606172174,-0.5948227867513411
SmoothCylinder_new_000168,SmoothCylinder,52.2,60.4,0.7901550123756904,0.6129070536529765
Sphere_new_000624,Sphere,311.9,73.8,-0.7443115462311544,0.6678325554710464
Sphere_new_000365,Sphere,271.7,67.9,-0.999559860119384,0.0296662440851105
Sphere_new_000107,Sphere,177.8,59.9,0.0383878090875198,-0.9992629164106211
SmoothCylinder_new_000728,SmoothCylinder,207.8,52.4,-0.4663866403398914,-0.8845809752150838
Sphere_new_000361,Sphere,14.9,31.3,0.2571327931546962,0.9663760793213292
SmoothCylinder_new_000820,SmoothCylinder,236.6,51.0,-0.8348478632634063,-0.5504807400849958
Sphere_new_000114,Sphere,333.2,73.9,-0.4508775406894311,0.8925858184521253
Sphere_new_000153,Sphere,174.1,30.2,0.1027925367872467,-0.9947028171171742
Sphere_new_000162,Sphere,355.1,62.2,-0.0854169231373668,0.9963452961909064
Sphere_new_000881,Sphere,125.9,59.8,0.810041640445796,-0.5863723567357894
SmoothCylinder_new_000767,SmoothCylinder,296.4,44.9,-0.895711760239413,0.444635179184927
Sphere_new_000922,Sphere,192.5,55.0,-0.2164396139381029,-0.9762960071199334
SmoothCylinder_new_000671,SmoothCylinder,331.7,72.3,-0.4740882090471168,0.8804773535091617
Sphere_new_000354,Sphere,334.5,54.8,-0.4305110968082952,0.9025852843498604
Sphere_new_000560,Sphere,94.7,51.8,0.9966373868180366,-0.0819385086300408
Sphere_new_000619,Sphere,36.0,42.5,0.5877852522924731,0.8090169943749475
Sphere_new_000159,Sphere,102.8,63.3,0.9751493543055632,-0.2215484976194673
SmoothCylinder_new_000784,SmoothCylinder,329.9,57.9,-0.5015107371594577,0.8651514205697043
SmoothCylinder_new_000183,SmoothCylinder,136.1,60.4,0.693401828275813,-0.7205511116803305
Sphere_new_000128,Sphere,181.3,70.6,-0.0226873335727816,-0.9997426093226984
SmoothCylinder_new_000551,SmoothCylinder,256.1,30.9,-0.9707164815781908,-0.240228042477263
SmoothCylinder_new_000305,SmoothCylinder,193.6,45.5,-0.2351421131025897,-0.9719610005785464
SmoothCylinder_new_000758,SmoothCylinder,349.9,62.2,-0.1753667260919879,0.9845031799744364
SmoothCylinder_new_000809,SmoothCylinder,175.7,56.3,0.074978726826328,-0.9971851335251156
Sphere_new_000289,Sphere,294.5,69.7,-0.9099612708765432,0.4146932426562389
Sphere_new_000340,Sphere,9.1,62.6,0.1581580672544835,0.9874138067509114
Sphere_new_000399,Sphere,3.9,58.3,0.0680152906652481,0.9976842788356052
SmoothCylinder_new_000617,SmoothCylinder,355.3,63.5,-0.0819385086300405,0.9966373868180366
SmoothCylinder_new_000365,SmoothCylinder,287.7,41.3,-0.9526614812535862,0.3040330609254904
SmoothCylinder_new_000676,SmoothCylinder,150.6,48.1,0.490903753615141,-0.8712138111201894
SmoothCylinder_new_000584,SmoothCylinder,216.2,74.2,-0.5906056676199251,-0.8069603121438021
SmoothCylinder_new_000535,SmoothCylinder,29.9,54.2,0.4984877397538302,0.8668967489356028
Sphere_new_000873,Sphere,123.8,69.7,0.8309844692743282,-0.5562956155003048
Sphere_new_000680,Sphere,126.7,48.3,0.801775644243754,-0.5976251469755212
Sphere_new_000764,Sphere,174.2,50.8,0.1010562971829463,-0.9948807088287882
SmoothCylinder_new_000525,SmoothCylinder,261.3,53.1,-0.9884938868086836,-0.1512608202472188
Sphere_new_000835,Sphere,172.2,57.2,0.1357155724343044,-0.9907478404714436
Sphere_new_000222,Sphere,41.4,60.7,0.6613118653236518,0.7501110696304596
SmoothCylinder_new_000429,SmoothCylinder,45.6,74.6,0.7144726796328034,0.6996633405133654
SmoothCylinder_new_000544,SmoothCylinder,144.4,40.2,0.5821229701572895,-0.8131007610470276
SmoothCylinder_new_000434,SmoothCylinder,123.9,37.7,0.8300122850953675,-0.5577451089796901
Sphere_new_000646,Sphere,262.4,49.9,-0.9912155402515416,-0.1322563902571232
Sphere_new_000276,Sphere,341.8,74.8,-0.3123349185122325,0.9499720515246524
Sphere_new_000822,Sphere,101.9,59.8,0.9785089851017784,-0.2062041853966297
SmoothCylinder_new_000851,SmoothCylinder,278.5,63.3,-0.9890158633619168,0.1478094111296109
SmoothCylinder_new_000849,SmoothCylinder,70.6,40.2,0.943222657947601,0.3321611318837034
SmoothCylinder_new_000297,SmoothCylinder,343.1,41.3,-0.2907021935982521,0.9568135840576076
Sphere_new_000653,Sphere,310.0,58.1,-0.7660444431189781,0.6427876096865393
SmoothCylinder_new_000065,SmoothCylinder,107.3,42.4,0.9547607995027976,-0.2973748740777859
Sphere_new_000861,Sphere,158.5,53.9,0.3665012267242971,-0.9304175679820246
SmoothCylinder_new_000543,SmoothCylinder,103.2,68.7,0.9735789028731604,-0.2283508701106557
SmoothCylinder_new_000906,SmoothCylinder,78.9,72.3,0.9812926639922452,0.1925219665259074
SmoothCylinder_new_000972,SmoothCylinder,24.5,50.9,0.414693242656239,0.9099612708765432
SmoothCylinder_new_000537,SmoothCylinder,157.1,34.3,0.3891239501402063,-0.9211854055657211
SmoothCylinder_new_000319,SmoothCylinder,38.9,64.8,0.6279630576493378,0.7782431485260211
SmoothCylinder_new_000478,SmoothCylinder,46.1,52.4,0.7205511116803304,0.693401828275813
SmoothCylinder_new_000182,SmoothCylinder,116.8,37.7,0.8925858184521254,-0.4508775406894308
SmoothCylinder_new_000832,SmoothCylinder,44.5,43.8,0.7009092642998509,0.7132504491541816
Sphere_new_000503,Sphere,341.9,62.5,-0.3106764296307319,0.9505157316277836
SmoothCylinder_new_000973,SmoothCylinder,359.9,69.5,-0.0017453283658984,0.9999984769132876
SmoothCylinder_new_000495,SmoothCylinder,275.5,49.8,-0.9953961983671789,0.095845752520224
Sphere_new_000424,Sphere,114.8,64.7,0.9077774785329086,-0.4194520824461772
SmoothCylinder_new_000443,SmoothCylinder,327.8,40.6,-0.53287627607073,0.846193166127564
SmoothCylinder_new_000707,SmoothCylinder,89.0,72.3,0.9998476951563912,0.0174524064372836
SmoothCylinder_new_000127,SmoothCylinder,83.2,32.1,0.9929655081065368,0.1184039683065009
SmoothCylinder_new_000575,SmoothCylinder,292.0,31.3,-0.9271838545667874,0.3746065934159119
Sphere_new_000079,Sphere,241.3,56.4,-0.8771461637055887,-0.480223497443189
SmoothCylinder_new_000882,SmoothCylinder,21.1,40.3,0.3599968081200512,0.932953534825489
Sphere_new_000380,Sphere,276.6,42.7,-0.9933727656003964,0.1149371504928672
SmoothCylinder_new_000636,SmoothCylinder,72.3,70.5,0.9526614812535862,0.3040330609254904
SmoothCylinder_new_000823,SmoothCylinder,247.5,69.9,-0.9238795325112868,-0.3826834323650895
SmoothCylinder_new_000692,SmoothCylinder,67.1,32.1,0.9211854055657211,0.3891239501402063
SmoothCylinder_new_000246,SmoothCylinder,19.4,50.0,0.3321611318837033,0.943222657947601
SmoothCylinder_new_000344,SmoothCylinder,266.3,40.5,-0.997915618272179,-0.0645323082529576
Sphere_new_000882,Sphere,147.0,49.9,0.5446390350150273,-0.8386705679454239
Sphere_new_000344,Sphere,181.4,38.2,-0.0244321781526532,-0.9997014897811832
Sphere_new_000535,Sphere,142.3,67.1,0.6115270401858311,-0.79122353296749
Sphere_new_000221,Sphere,134.7,52.4,0.7107994738729926,-0.7033947028105038
SmoothCylinder_new_000930,SmoothCylinder,293.5,37.9,-0.917060074385124,0.3987490689252462
SmoothCylinder_new_000876,SmoothCylinder,13.7,41.5,0.2368381460656186,0.971549119997646
Sphere_new_000853,Sphere,28.9,36.9,0.4832823832550023,0.8754645270000179
Sphere_new_000124,Sphere,59.8,49.1,0.8642748019537047,0.5030199466302352
Sphere_new_000851,Sphere,131.4,40.0,0.7501110696304594,-0.661311865323652
SmoothCylinder_new_000049,SmoothCylinder,220.8,42.8,-0.6534206039901054,-0.7569950556517564
Sphere_new_000644,Sphere,211.7,60.1,-0.5254716510722675,-0.8508111094240514
SmoothCylinder_new_000256,SmoothCylinder,147.7,70.7,0.5343523493898265,-0.8452618332218561
Sphere_new_000069,Sphere,311.8,46.4,-0.7454759996828624,0.6665324702494523
Sphere_new_000025,Sphere,181.2,36.0,-0.0209424198833568,-0.9997806834748456
Sphere_new_000859,Sphere,22.1,52.8,0.3762242631393656,0.9265286308718372
SmoothCylinder_new_000731,SmoothCylinder,105.0,63.2,0.9659258262890684,-0.2588190451025208
Sphere_new_000275,Sphere,25.5,56.1,0.4305110968082951,0.9025852843498606
Sphere_new_000808,Sphere,74.6,69.9,0.96409540423411,0.265556117486809
Sphere_new_000496,Sphere,137.3,40.5,0.6781596698680705,-0.7349145951499599
SmoothCylinder_new_000830,SmoothCylinder,171.4,73.4,0.1495353434437096,-0.9887563810470058
SmoothCylinder_new_000137,SmoothCylinder,70.6,36.1,0.943222657947601,0.3321611318837034
SmoothCylinder_new_000580,SmoothCylinder,51.6,39.0,0.7836934573258398,0.6211477802783103
SmoothCylinder_new_000055,SmoothCylinder,209.8,42.1,-0.4969739610275552,-0.8677654533689285
SmoothCylinder_new_000528,SmoothCylinder,180.6,34.3,-0.0104717841162454,-0.999945169365512
SmoothCylinder_new_000904,SmoothCylinder,296.8,63.8,-0.8925858184521255,0.4508775406894307
Sphere_new_000194,Sphere,268.1,36.7,-0.9994502159417572,-0.0331551783885261
SmoothCylinder_new_000587,SmoothCylinder,345.3,64.5,-0.2537579445848059,0.9672677527758768
SmoothCylinder_new_000773,SmoothCylinder,298.9,61.7,-0.8754645270000181,0.4832823832550019
SmoothCylinder_new_000959,SmoothCylinder,343.2,69.9,-0.2890317969444722,0.9573194975320672
Sphere_new_000393,Sphere,149.4,37.9,0.5090414157503711,-0.8607420270039438
SmoothCylinder_new_000947,SmoothCylinder,211.0,55.7,-0.5150380749100542,-0.8571673007021123
SmoothCylinder_new_000781,SmoothCylinder,280.4,37.6,-0.983571470813386,0.1805191452505591
SmoothCylinder_new_000371,SmoothCylinder,185.8,60.6,-0.1010562971829465,-0.9948807088287882
Sphere_new_000623,Sphere,213.2,35.4,-0.54756322349255,-0.8367643134589619
Sphere_new_000072,Sphere,13.2,44.1,0.2283508701106557,0.9735789028731604
Sphere_new_000045,Sphere,28.7,62.6,0.4802234974431889,0.8771461637055887
Sphere_new_000462,Sphere,216.5,40.4,-0.5948227867513411,-0.8038568606172175
SmoothCylinder_new_000262,SmoothCylinder,204.3,65.1,-0.4115143586051089,-0.9114032766354452
Sphere_new_000250,Sphere,54.7,69.5,0.8161375900801602,0.5778576243835054
SmoothCylinder_new_000788,SmoothCylinder,24.7,47.9,0.4178670738010767,0.908508177526722
SmoothCylinder_new_000018,SmoothCylinder,86.6,68.3,0.9982398279237652,0.0593063735759617
SmoothCylinder_new_000762,SmoothCylinder,216.7,65.5,-0.5976251469755207,-0.8017756442437542
SmoothCylinder_new_000603,SmoothCylinder,87.8,39.4,0.9992629164106211,0.03838780908752
SmoothCylinder_new_000074,SmoothCylinder,16.8,48.5,0.2890317969444716,0.9573194975320672
SmoothCylinder_new_000974,SmoothCylinder,273.2,37.4,-0.998440764181981,0.0558215049931637
SmoothCylinder_new_000714,SmoothCylinder,324.2,39.5,-0.5849576749872157,0.8110638189893264
Sphere_new_000286,Sphere,204.4,58.3,-0.4131044298245417,-0.9106836608061772
Sphere_new_000357,Sphere,335.6,35.2,-0.4131044298245413,0.9106836608061774
SmoothCylinder_new_000190,SmoothCylinder,295.6,31.7,-0.9018325264051136,0.4320857488019827
SmoothCylinder_new_000999,SmoothCylinder,191.4,44.0,-0.197657340379126,-0.980271174621722
SmoothCylinder_new_000239,SmoothCylinder,268.3,63.2,-0.999559860119384,-0.0296662440851108
Sphere_new_000494,Sphere,114.6,35.5,0.9092361090470686,-0.416280792260401
Sphere_new_000743,Sphere,142.8,50.0,0.6045991148623746,-0.7965299180241965
Sphere_new_000852,Sphere,352.2,33.1,-0.135715572434305,0.9907478404714436
SmoothCylinder_new_000188,SmoothCylinder,119.0,49.1,0.8746197071393959,-0.484809620246337
Sphere_new_000671,Sphere,359.0,57.6,-0.0174524064372835,0.9998476951563912
SmoothCylinder_new_000104,SmoothCylinder,90.2,64.4,0.9999939076577904,-0.0034906514152236
Sphere_new_000251,Sphere,313.8,45.9,-0.721760228098362,0.6921431738704069
Sphere_new_000346,Sphere,336.5,31.4,-0.3987490689252466,0.9170600743851238
Sphere_new_000369,Sphere,36.8,39.0,0.5990235985155858,0.8007313709487335
SmoothCylinder_new_000284,SmoothCylinder,102.5,54.9,0.9762960071199334,-0.2164396139381028
Sphere_new_000662,Sphere,38.2,51.9,0.6184083953575542,0.7858568931754019
SmoothCylinder_new_000033,SmoothCylinder,349.5,44.7,-0.1822355254921478,0.9832549075639544
Sphere_new_000579,Sphere,137.3,70.0,0.6781596698680705,-0.7349145951499599
Sphere_new_000683,Sphere,303.6,54.6,-0.8329212407100991,0.5533915492433445
SmoothCylinder_new_000323,SmoothCylinder,148.4,61.1,0.5239859059700791,-0.8517269341430477
SmoothCylinder_new_000695,SmoothCylinder,321.3,68.6,-0.6252426563357051,0.7804304073383298
Sphere_new_000157,Sphere,211.7,53.1,-0.5254716510722675,-0.8508111094240514
SmoothCylinder_new_000031,SmoothCylinder,51.3,45.6,0.7804304073383297,0.6252426563357053
Sphere_new_000514,Sphere,124.0,68.8,0.8290375725550417,-0.5591929034707467
SmoothCylinder_new_000967,SmoothCylinder,161.7,68.4,0.3139924559674051,-0.9494254776419038
Sphere_new_000268,Sphere,27.9,48.2,0.4679298142605733,0.8837656300886935
Sphere_new_000953,Sphere,136.9,61.3,0.6832737736807991,-0.7301622766207524
Sphere_new_000396,Sphere,141.4,54.9,0.6238795967093861,-0.7815204724188188
Sphere_new_000670,Sphere,317.0,31.3,-0.6819983600624983,0.7313537016191707
SmoothCylinder_new_000954,SmoothCylinder,341.0,69.3,-0.3255681544571567,0.9455185755993168
Sphere_new_000482,Sphere,95.0,59.6,0.9961946980917455,-0.0871557427476582
Sphere_new_000759,Sphere,29.0,34.7,0.484809620246337,0.8746197071393957
Sphere_new_000030,Sphere,203.0,40.3,-0.3907311284892735,-0.9205048534524404
SmoothCylinder_new_000093,SmoothCylinder,254.1,47.3,-0.9617413095492114,-0.2739592186924323
Sphere_new_000368,Sphere,240.5,48.6,-0.8703556959398996,-0.4924235601034672
SmoothCylinder_new_000481,SmoothCylinder,58.3,41.3,0.8508111094240511,0.5254716510722678
SmoothCylinder_new_000744,SmoothCylinder,76.1,38.6,0.9707164815781908,0.2402280424772638
Sphere_new_000455,Sphere,50.7,33.2,0.7738402097265061,0.6333808726275502
SmoothCylinder_new_000901,SmoothCylinder,57.2,68.1,0.8405666034956842,0.5417082102827399
Sphere_new_000672,Sphere,116.6,42.3,0.8941542368393682,-0.4477590878387696
SmoothCylinder_new_000734,SmoothCylinder,147.3,37.9,0.5402403204776548,-0.8415107819453063
SmoothCylinder_new_000487,SmoothCylinder,224.7,51.3,-0.7033947028105038,-0.7107994738729927
SmoothCylinder_new_000425,SmoothCylinder,157.5,46.7,0.3826834323650899,-0.9238795325112868
Sphere_new_000570,Sphere,114.8,62.0,0.9077774785329086,-0.4194520824461772
Sphere_new_000266,Sphere,353.0,65.9,-0.1218693434051472,0.992546151641322
Sphere_new_000460,Sphere,73.6,65.5,0.9593139745400576,0.2823414568428765
SmoothCylinder_new_000985,SmoothCylinder,344.5,45.6,-0.2672383760782571,0.963630453208623
SmoothCylinder_new_000036,SmoothCylinder,280.1,71.6,-0.9845031799744366,0.1753667260919875
SmoothCylinder_new_000278,SmoothCylinder,53.8,38.0,0.8069603121438019,0.5906056676199254
Sphere_new_000425,Sphere,49.1,62.4,0.7558534691676395,0.6547408137173397
SmoothCylinder_new_000479,SmoothCylinder,58.2,39.4,0.849892692986864,0.5269557954966775
Sphere_new_000531,Sphere,264.1,73.5,-0.9947028171171742,-0.1027925367872468
Sphere_new_000436,Sphere,300.9,66.6,-0.858064905723645,0.5135412520581694
SmoothCylinder_new_000264,SmoothCylinder,64.8,58.1,0.9048270524660196,0.4257792915650726
Sphere_new_000384,Sphere,230.9,64.4,-0.7760464070665457,-0.6306758074312865
SmoothCylinder_new_000347,SmoothCylinder,291.3,70.3,-0.931691227585549,0.3632512304729781
SmoothCylinder_new_000511,SmoothCylinder,356.7,54.8,-0.0575640269595675,0.9983418166140284
Sphere_new_000787,Sphere,325.9,35.2,-0.5606389945632422,0.8280603346224942
Sphere_new_000335,Sphere,353.2,36.8,-0.1184039683065009,0.9929655081065368
Sphere_new_000890,Sphere,338.6,35.0,-0.3648767843376198,0.9310558158625284
Sphere_new_000066,Sphere,21.0,56.1,0.3583679495453002,0.9335804264972016
SmoothCylinder_new_000329,SmoothCylinder,294.4,50.1,-0.9106836608061772,0.4131044298245417
Sphere_new_000428,Sphere,288.4,74.1,-0.9488760116444968,0.3156490369471019
Sphere_new_000940,Sphere,182.6,73.3,-0.0453629881292535,-0.9989705697907147
Sphere_new_000856,Sphere,116.5,50.4,0.894934361602025,-0.4461978131098088
SmoothCylinder_new_000467,SmoothCylinder,51.7,65.8,0.7847763705330829,0.6197790317951402
Sphere_new_000110,Sphere,292.2,58.7,-0.9258705848099948,0.3778407868184668
SmoothCylinder_new_000900,SmoothCylinder,229.3,43.6,-0.7581343361976526,-0.6520984038303917
Sphere_new_000837,Sphere,5.9,40.1,0.1027925367872468,0.9947028171171742
SmoothCylinder_new_000666,SmoothCylinder,103.8,53.0,0.971134279909636,-0.2385334575785807
SmoothCylinder_new_000861,SmoothCylinder,174.1,39.0,0.1027925367872467,-0.9947028171171742
Sphere_new_000589,Sphere,330.6,39.0,-0.4909037536151403,0.8712138111201897
SmoothCylinder_new_000181,SmoothCylinder,77.6,69.8,0.976672278334168,0.2147353271670633
Sphere_new_000081,Sphere,221.9,68.6,-0.6678325554710467,-0.744311546231154
Sphere_new_000909,Sphere,178.4,69.1,0.027921638723569,-0.9996101150403544
SmoothCylinder_new_000173,SmoothCylinder,147.7,50.5,0.5343523493898265,-0.8452618332218561
Sphere_new_000101,Sphere,235.3,68.2,-0.8221440410307376,-0.569279523430844
SmoothCylinder_new_000854,SmoothCylinder,87.8,47.5,0.9992629164106211,0.03838780908752
Sphere_new_000775,Sphere,99.7,33.6,0.9857034690888536,-0.1684893795650026
SmoothCylinder_new_000852,SmoothCylinder,157.8,44.1,0.3778407868184671,-0.9258705848099948
SmoothCylinder_new_000373,SmoothCylinder,36.8,69.2,0.5990235985155858,0.8007313709487335
Sphere_new_000185,Sphere,301.3,45.7,-0.8544588301328072,0.5195191118795097
Sphere_new_000062,Sphere,26.0,36.4,0.4383711467890774,0.898794046299167
Sphere_new_000879,Sphere,148.1,39.2,0.5284383347223472,-0.8489716876291414
Sphere_new_000735,Sphere,332.5,64.5,-0.4617486132350336,0.8870108331782218
SmoothCylinder_new_000314,SmoothCylinder,130.8,53.9,0.7569950556517564,-0.6534206039901055
Sphere_new_000931,Sphere,271.1,59.2,-0.9998157121216442,0.01919744239969
Sphere_new_000115,Sphere,266.4,74.7,-0.9980267284282716,-0.0627905195293141
Sphere_new_000697,Sphere,128.7,53.9,0.7804304073383299,-0.6252426563357049
SmoothCylinder_new_000598,SmoothCylinder,94.3,73.2,0.9971851335251156,-0.0749787268263276
Sphere_new_000551,Sphere,247.3,54.6,-0.9225380894562466,-0.3859060423243182
SmoothCylinder_new_000711,SmoothCylinder,304.9,30.7,-0.8201518758737726,0.5721458734455156
Sphere_new_000585,Sphere,166.4,73.6,0.23514211310259,-0.9719610005785464
SmoothCylinder_new_000144,SmoothCylinder,333.9,51.0,-0.4399391698559154,0.8980275757606155
SmoothCylinder_new_000193,SmoothCylinder,18.3,41.9,0.3139924559674049,0.949425477641904
Sphere_new_000450,Sphere,202.1,73.2,-0.3762242631393654,-0.9265286308718372
SmoothCylinder_new_000215,SmoothCylinder,89.0,44.9,0.9998476951563912,0.0174524064372836
SmoothCylinder_new_000022,SmoothCylinder,124.5,35.3,0.8241261886220158,-0.5664062369248326
Sphere_new_000932,Sphere,350.4,65.5,-0.1667687467161027,0.9859960370705048
SmoothCylinder_new_000317,SmoothCylinder,74.8,71.2,0.9650164944723114,0.2621891786408647
SmoothCylinder_new_000572,SmoothCylinder,43.1,48.3,0.6832737736807992,0.7301622766207523
SmoothCylinder_new_000834,SmoothCylinder,349.4,72.9,-0.1839513506127204,0.9829353491495542
SmoothCylinder_new_000446,SmoothCylinder,331.4,69.8,-0.478691857940607,0.8779829754279804
SmoothCylinder_new_000870,SmoothCylinder,29.8,33.2,0.4969739610275553,0.8677654533689284
Sphere_new_000008,Sphere,191.8,64.5,-0.2044960518417903,-0.978867388761685
SmoothCylinder_new_000012,SmoothCylinder,90.0,33.0,1.0,6.123233995736766e-17
SmoothCylinder_new_000028,SmoothCylinder,304.6,37.3,-0.8231363685344416,0.5678437450531016
Sphere_new_000732,Sphere,151.1,55.9,0.4832823832550026,-0.8754645270000178
SmoothCylinder_new_000196,SmoothCylinder,277.7,51.8,-0.9909831997148364,0.1339861854182915
SmoothCylinder_new_000244,SmoothCylinder,144.5,36.4,0.5807029557109399,-0.8141155183563191
Sphere_new_000173,Sphere,276.6,31.6,-0.9933727656003964,0.1149371504928672
Sphere_new_000199,Sphere,95.5,64.2,0.9953961983671789,-0.0958457525202239
SmoothCylinder_new_000338,SmoothCylinder,251.2,59.8,-0.9466492601156964,-0.3222656952305112
Sphere_new_000387,Sphere,162.5,60.2,0.3007057995042733,-0.9537169507482268
Sphere_new_000608,Sphere,300.5,51.0,-0.8616291604415259,0.5075383629607038
Sphere_new_000467,Sphere,296.4,39.6,-0.895711760239413,0.444635179184927
Sphere_new_000174,Sphere,240.7,32.7,-0.8720692724321204,-0.4893824517488465
Sphere_new_000037,Sphere,227.0,55.3,-0.7313537016191705,-0.6819983600624986
SmoothCylinder_new_000998,SmoothCylinder,38.1,32.6,0.6170358751407486,0.7869350219613372
Sphere_new_000604,Sphere,167.3,71.6,0.2198462043528372,-0.9755345439458568
Sphere_new_000307,Sphere,50.3,62.1,0.7693995550468951,0.6387678175155977
Sphere_new_000930,Sphere,166.9,70.5,0.2266513074368551,-0.9739759672790516
Sphere_new_000175,Sphere,308.6,49.2,-0.7815204724188184,0.6238795967093866
Sphere_new_000650,Sphere,237.6,60.3,-0.8443279255020149,-0.5358267949789971
Sphere_new_000674,Sphere,158.8,74.6,0.3616245700820921,-0.9323238012155124
SmoothCylinder_new_000589,SmoothCylinder,339.3,54.6,-0.3534748437792571,0.9354440308298674
Sphere_new_000866,Sphere,149.2,35.9,0.5120428648705719,-0.8589598969306642
SmoothCylinder_new_000078,SmoothCylinder,171.3,54.5,0.1512608202472192,-0.9884938868086836
Sphere_new_000904,Sphere,337.8,36.0,-0.3778407868184672,0.9258705848099948
Sphere_new_000756,Sphere,17.1,46.7,0.294040325232304,0.95579301479833
Sphere_new_000692,Sphere,91.8,49.4,0.9995065603657316,-0.0314107590781282
SmoothCylinder_new_000441,SmoothCylinder,312.9,55.9,-0.7325428987873792,0.6807208689589174
Sphere_new_000575,Sphere,233.3,49.9,-0.8017756442437538,-0.5976251469755214
Sphere_new_000887,Sphere,310.2,37.2,-0.7637960286346424,0.6454576877239503
SmoothCylinder_new_000994,SmoothCylinder,109.6,57.0,0.9420574527872968,-0.335451569750255
Sphere_new_000891,Sphere,244.6,67.9,-0.9033352928633008,-0.428935133403146
Sphere_new_000602,Sphere,63.1,45.8,0.8917975296052141,0.4524347093117826
SmoothCylinder_new_000902,SmoothCylinder,120.6,64.9,0.8607420270039436,-0.5090414157503713
SmoothCylinder_new_000124,SmoothCylinder,157.4,67.1,0.3842953226598037,-0.9232102171129808
Sphere_new_000501,Sphere,51.2,33.1,0.7793379649314741,0.6266038113644605
Sphere_new_000828,Sphere,169.8,32.5,0.177084740319583,-0.984195607969242
SmoothCylinder_new_000696,SmoothCylinder,64.2,58.1,0.9003187714021935,0.4352310993723275
SmoothCylinder_new_000280,SmoothCylinder,335.3,74.3,-0.4178670738010768,0.9085081775267216
SmoothCylinder_new_000829,SmoothCylinder,93.2,44.3,0.998440764181981,-0.0558215049931638
SmoothCylinder_new_000635,SmoothCylinder,182.2,61.0,-0.0383878090875196,-0.9992629164106211
SmoothCylinder_new_000016,SmoothCylinder,48.2,57.1,0.7454759996828623,0.6665324702494525
Sphere_new_000547,Sphere,127.0,35.1,0.7986355100472927,-0.6018150231520484
Sphere_new_000742,Sphere,169.9,61.4,0.1753667260919869,-0.9845031799744368
Sphere_new_000026,Sphere,211.9,43.6,-0.528438334722347,-0.8489716876291415
Sphere_new_000492,Sphere,44.9,40.3,0.705871570678681,0.7083398377245289
Sphere_new_000413,Sphere,298.2,44.0,-0.8813034520649925,0.4725507648690534
Sphere_new_000261,Sphere,302.8,73.2,-0.8405666034956845,0.5417082102827396
SmoothCylinder_new_000171,SmoothCylinder,222.0,40.8,-0.6691306063588582,-0.7431448254773942
SmoothCylinder_new_000943,SmoothCylinder,110.4,69.1,0.9372819894918916,-0.3485720473218152
Sphere_new_000190,Sphere,274.9,64.3,-0.9963452961909064,0.0854169231373672
Sphere_new_000493,Sphere,268.6,49.0,-0.9997014897811832,-0.0244321781526527
SmoothCylinder_new_000377,SmoothCylinder,175.5,43.9,0.078459095727845,-0.996917333733128
Sphere_new_000423,Sphere,57.7,62.9,0.8452618332218561,0.5343523493898265
SmoothCylinder_new_000889,SmoothCylinder,195.7,66.7,-0.2706004459758633,-0.9626917464264788
SmoothCylinder_new_000588,SmoothCylinder,153.0,68.9,0.4539904997395468,-0.8910065241883678
Sphere_new_000721,Sphere,245.4,71.7,-0.9092361090470684,-0.4162807922604012
SmoothCylinder_new_000444,SmoothCylinder,229.9,60.3,-0.7649214009184317,-0.6441236297613866
Sphere_new_000867,Sphere,293.7,35.8,-0.9156625933395612,0.40194777665596
SmoothCylinder_new_000390,SmoothCylinder,225.1,62.8,-0.7083398377245287,-0.7058715706786812
Sphere_new_000214,Sphere,101.9,36.7,0.9785089851017784,-0.2062041853966297
Sphere_new_000949,Sphere,31.0,74.4,0.5150380749100542,0.8571673007021123
SmoothCylinder_new_000110,SmoothCylinder,327.5,63.5,-0.5372996083468242,0.8433914458128855
SmoothCylinder_new_000547,SmoothCylinder,296.5,59.8,-0.8949343616020249,0.4461978131098091
SmoothCylinder_new_000756,SmoothCylinder,276.9,66.6,-0.9927573419294456,0.1201368388346465
Sphere_new_000795,Sphere,311.7,32.7,-0.7466381822853915,0.6652303546543606
SmoothCylinder_new_000925,SmoothCylinder,307.5,73.2,-0.7933533402912352,0.6087614290087205
Sphere_new_000675,Sphere,278.5,62.2,-0.9890158633619168,0.1478094111296109
SmoothCylinder_new_000604,SmoothCylinder,64.9,53.6,0.9055687990111396,0.4241994227453901
Sphere_new_000783,Sphere,233.3,47.2,-0.8017756442437538,-0.5976251469755214
Sphere_new_000489,Sphere,218.9,50.2,-0.6279630576493381,-0.7782431485260208
Sphere_new_000584,Sphere,358.2,42.6,-0.0314107590781283,0.9995065603657316
SmoothCylinder_new_000770,SmoothCylinder,343.5,46.6,-0.2840153447039227,0.958819734868193
SmoothCylinder_new_000109,SmoothCylinder,137.8,47.9,0.6717205893229902,-0.74080459628675
SmoothCylinder_new_000618,SmoothCylinder,149.1,69.0,0.5135412520581704,-0.8580649057236444
SmoothCylinder_new_000923,SmoothCylinder,28.4,59.6,0.4756242090702752,0.8796485728666166
SmoothCylinder_new_000751,SmoothCylinder,166.5,56.5,0.2334453638559055,-0.9723699203976766
SmoothCylinder_new_000602,SmoothCylinder,161.8,38.1,0.3123349185122324,-0.9499720515246526
Sphere_new_000847,Sphere,106.4,52.2,0.9593139745400576,-0.2823414568428765
Sphere_new_000654,Sphere,0.6,44.1,0.0104717841162457,0.999945169365512
Sphere_new_000472,Sphere,121.0,53.2,0.8571673007021123,-0.5150380749100543
SmoothCylinder_new_000941,SmoothCylinder,329.8,74.4,-0.5030199466302353,0.8642748019537045
SmoothCylinder_new_000983,SmoothCylinder,168.5,71.4,0.1993679344171972,-0.9799247046208296
Sphere_new_000761,Sphere,60.5,53.6,0.8703556959398997,0.4924235601034671
SmoothCylinder_new_000981,SmoothCylinder,151.4,65.6,0.4786918579406069,-0.8779829754279805
Sphere_new_000163,Sphere,69.3,62.0,0.9354440308298674,0.3534748437792571
SmoothCylinder_new_000715,SmoothCylinder,135.0,72.8,0.7071067811865476,-0.7071067811865475
SmoothCylinder_new_000260,SmoothCylinder,37.4,58.6,0.6073758397232867,0.7944146205354181
SmoothCylinder_new_000447,SmoothCylinder,329.2,72.7,-0.512042864870572,0.8589598969306641
Sphere_new_000637,Sphere,195.7,53.2,-0.2706004459758633,-0.9626917464264788
Sphere_new_000855,Sphere,166.9,58.9,0.2266513074368551,-0.9739759672790516
SmoothCylinder_new_000716,SmoothCylinder,244.4,38.4,-0.9018325264051138,-0.4320857488019822
SmoothCylinder_new_000384,SmoothCylinder,212.2,49.6,-0.5328762760707296,-0.8461931661275642
SmoothCylinder_new_000616,SmoothCylinder,86.0,32.5,0.9975640502598242,0.0697564737441252
SmoothCylinder_new_000869,SmoothCylinder,213.1,60.7,-0.546101961014429,-0.8377187166204388
SmoothCylinder_new_000997,SmoothCylinder,48.6,33.9,0.7501110696304596,0.6613118653236518
Sphere_new_000564,Sphere,279.4,61.2,-0.9865721616069696,0.1633259622416216
Sphere_new_000182,Sphere,26.5,68.1,0.4461978131098087,0.8949343616020251
Sphere_new_000429,Sphere,82.2,66.0,0.9907478404714436,0.1357155724343044
SmoothCylinder_new_000749,SmoothCylinder,210.8,60.8,-0.5120428648705717,-0.8589598969306643
Sphere_new_000863,Sphere,14.1,62.5,0.2436150117860225,0.9698720152847468
Sphere_new_000205,Sphere,135.7,69.3,0.6984152854310062,-0.7156927337037355
SmoothCylinder_new_000275,SmoothCylinder,73.7,36.3,0.9598052919751868,0.2806667089207877
Sphere_new_000733,Sphere,341.3,68.8,-0.3206129905856758,0.947210277746029
SmoothCylinder_new_000885,SmoothCylinder,176.2,45.0,0.0662739004000005,-0.99780146829205
Sphere_new_000078,Sphere,118.0,48.7,0.8829475928589269,-0.4694715627858909
SmoothCylinder_new_000303,SmoothCylinder,128.6,57.5,0.781520472418819,-0.623879596709386
SmoothCylinder_new_000145,SmoothCylinder,299.5,32.4,-0.8703556959398998,0.4924235601034669
SmoothCylinder_new_000229,SmoothCylinder,357.2,66.3,-0.0488497697956131,0.998806137341434
Sphere_new_000327,Sphere,177.5,55.8,0.043619387365336,-0.9990482215818578
SmoothCylinder_new_000358,SmoothCylinder,45.9,64.0,0.7181262977631888,0.6959127965923143
Sphere_new_000165,Sphere,301.2,57.9,-0.8553642601605068,0.51802700937313
Sphere_new_000498,Sphere,140.1,64.4,0.6414496315691581,-0.7671651518152994
SmoothCylinder_new_000114,SmoothCylinder,154.1,70.1,0.4368017883677022,-0.8995577789551803
SmoothCylinder_new_000993,SmoothCylinder,129.0,53.7,0.777145961456971,-0.6293203910498373
Sphere_new_000465,Sphere,311.6,38.1,-0.747798090498532,0.6639262126522415
Sphere_new_000376,Sphere,180.2,30.8,-0.0034906514152233,-0.9999939076577904
SmoothCylinder_new_000894,SmoothCylinder,235.0,66.5,-0.8191520442889916,-0.5735764363510464
Sphere_new_000040,Sphere,188.0,60.2,-0.1391731009600655,-0.9902680687415704
SmoothCylinder_new_000586,SmoothCylinder,261.4,62.0,-0.9887563810470058,-0.1495353434437101
SmoothCylinder_new_000774,SmoothCylinder,99.3,69.1,0.9868557164068074,-0.1616038211033609
SmoothCylinder_new_000633,SmoothCylinder,128.5,50.2,0.782608156852414,-0.6225146366376194
Sphere_new_000713,Sphere,76.0,54.8,0.9702957262759964,0.2419218955996676
Sphere_new_000029,Sphere,324.9,68.5,-0.5750052520432788,0.8181497174250233
SmoothCylinder_new_000236,SmoothCylinder,165.8,45.2,0.2453073858788023,-0.969445349895139
SmoothCylinder_new_000451,SmoothCylinder,236.4,50.8,-0.8329212407100994,-0.5533915492433442
SmoothCylinder_new_000445,SmoothCylinder,312.7,50.0,-0.7349145951499602,0.6781596698680703
Sphere_new_000431,Sphere,325.7,38.0,-0.5635260489375716,0.8260982944957638
Sphere_new_000656,Sphere,133.3,63.7,0.7277727576572105,-0.6858183529273763
SmoothCylinder_new_000153,SmoothCylinder,136.2,43.4,0.6921431738704068,-0.7217602280983622
Sphere_new_000858,Sphere,160.1,55.5,0.3403795502130504,-0.9402881270104188
Sphere_new_000210,Sphere,259.3,56.8,-0.9826127965436152,-0.1856666153855773
Sphere_new_000763,Sphere,284.3,53.3,-0.9690157314068696,0.2469990127227431
SmoothCylinder_new_000094,SmoothCylinder,125.6,40.7,0.8131007610470277,-0.5821229701572893
Sphere_new_000454,Sphere,88.0,63.3,0.9993908270190958,0.034899496702501
Sphere_new_000824,Sphere,75.8,42.8,0.9694453498951388,0.2453073858788027
Sphere_new_000625,Sphere,73.1,46.2,0.9568135840576074,0.2907021935982526
Sphere_new_000249,Sphere,29.8,31.1,0.4969739610275553,0.8677654533689284
Sphere_new_000351,Sphere,60.7,42.4,0.8720692724321206,0.4893824517488462
Sphere_new_000271,Sphere,179.3,53.1,0.0122170008352469,-0.999925369660452
SmoothCylinder_new_000963,SmoothCylinder,228.4,48.9,-0.747798090498532,-0.6639262126522415
Sphere_new_000337,Sphere,319.1,70.4,-0.6547408137173393,0.75585346916764
Sphere_new_000267,Sphere,236.6,46.5,-0.8348478632634063,-0.5504807400849958
Sphere_new_000655,Sphere,14.4,31.2,0.2486898871648548,0.9685831611286312
Sphere_new_000485,Sphere,269.6,36.6,-0.9999756307053947,-0.0069812602979613
SmoothCylinder_new_000787,SmoothCylinder,51.9,43.8,0.7869350219613372,0.6170358751407488
SmoothCylinder_new_000650,SmoothCylinder,199.3,45.2,-0.3305143927132232,-0.9438009515832292
Sphere_new_000118,Sphere,117.3,52.7,0.8886172326549487,-0.458649554484315
SmoothCylinder_new_000789,SmoothCylinder,219.7,61.0,-0.6387678175155975,-0.7693995550468952
Sphere_new_000557,Sphere,179.9,52.1,0.0017453283658983,-0.9999984769132876
SmoothCylinder_new_000868,SmoothCylinder,296.0,72.1,-0.898794046299167,0.4383711467890774
Sphere_new_000565,Sphere,319.9,32.5,-0.6441236297613867,0.7649214009184316
SmoothCylinder_new_000800,SmoothCylinder,117.8,58.6,0.8845809752150839,-0.4663866403398911
Sphere_new_000080,Sphere,29.9,30.4,0.4984877397538302,0.8668967489356028
SmoothCylinder_new_000470,SmoothCylinder,254.0,54.0,-0.961261695938319,-0.2756373558169989
Sphere_new_000951,Sphere,183.9,71.3,-0.0680152906652482,-0.9976842788356052
Sphere_new_000758,Sphere,5.8,55.5,0.1010562971829463,0.9948807088287882
Sphere_new_000211,Sphere,121.2,31.8,0.8553642601605067,-0.5180270093731301
Sphere_new_000627,Sphere,83.2,32.1,0.9929655081065368,0.1184039683065009
Sphere_new_000298,Sphere,318.6,68.0,-0.6613118653236516,0.7501110696304597
SmoothCylinder_new_000995,SmoothCylinder,220.2,44.1,-0.6454576877239503,-0.7637960286346424
Sphere_new_000422,Sphere,211.4,35.3,-0.5210096318405764,-0.8535507972753275
SmoothCylinder_new_000754,SmoothCylinder,61.0,65.5,0.8746197071393957,0.4848096202463371
SmoothCylinder_new_000403,SmoothCylinder,19.2,71.4,0.3288666467385832,0.9443763702374812
SmoothCylinder_new_000096,SmoothCylinder,278.1,39.1,-0.9900236577165576,0.1409012319375825
Sphere_new_000243,Sphere,201.7,33.1,-0.3697467572738291,-0.9291325715340562
Sphere_new_000108,Sphere,257.8,59.9,-0.977415894286096,-0.2113247964553889
Sphere_new_000341,Sphere,210.4,70.8,-0.506033764121164,-0.8625136692072574
SmoothCylinder_new_000799,SmoothCylinder,114.0,73.2,0.9135454576426008,-0.4067366430758002
Sphere_new_000686,Sphere,322.8,51.5,-0.6045991148623747,0.7965299180241964
Sphere_new_000715,Sphere,197.1,52.5,-0.2940403252323039,-0.95579301479833
Sphere_new_000052,Sphere,129.7,57.3,0.7693995550468952,-0.6387678175155976
Sphere_new_000426,Sphere,138.9,73.8,0.6573752457940957,-0.7535633923016379
SmoothCylinder_new_000465,SmoothCylinder,246.7,65.6,-0.9184463813430868,-0.3955455025629655
Sphere_new_000141,Sphere,16.0,34.7,0.2756373558169991,0.9612616959383188
Sphere_new_000757,Sphere,223.4,35.9,-0.6870875108044232,-0.7265746709709757
Sphere_new_000509,Sphere,121.0,35.9,0.8571673007021123,-0.5150380749100543
Sphere_new_000921,Sphere,63.7,30.6,0.8964864303834406,0.4430711908241796
SmoothCylinder_new_000665,SmoothCylinder,87.6,52.3,0.9991228300988584,0.0418756537291997
Sphere_new_000272,Sphere,63.6,71.2,0.8957117602394129,0.4446351791849275
SmoothCylinder_new_000112,SmoothCylinder,94.7,37.0,0.9966373868180366,-0.0819385086300408
Sphere_new_000408,Sphere,343.4,40.1,-0.2856883674049744,0.958322574465133
SmoothCylinder_new_000477,SmoothCylinder,214.0,36.2,-0.5591929034707467,-0.8290375725550418
Sphere_new_000792,Sphere,146.8,72.2,0.5475632234925503,-0.8367643134589616
SmoothCylinder_new_000806,SmoothCylinder,140.0,70.4,0.6427876096865395,-0.7660444431189779
Sphere_new_000177,Sphere,120.4,62.0,0.8625136692072574,-0.506033764121164
SmoothCylinder_new_000611,SmoothCylinder,122.1,45.8,0.8471219213821373,-0.5313985795180827
Sphere_new_000151,Sphere,194.9,61.9,-0.2571327931546963,-0.9663760793213292
SmoothCylinder_new_000129,SmoothCylinder,231.8,35.3,-0.7858568931754022,-0.6184083953575538
SmoothCylinder_new_000412,SmoothCylinder,74.8,72.3,0.9650164944723114,0.2621891786408647
SmoothCylinder_new_000376,SmoothCylinder,114.4,67.3,0.9106836608061772,-0.4131044298245418
Sphere_new_000381,Sphere,306.9,31.0,-0.7996846584870907,0.6004202253258838
Sphere_new_000119,Sphere,279.9,38.5,-0.985109326154774,0.1719291002794092
SmoothCylinder_new_000846,SmoothCylinder,143.6,52.0,0.5934188866037015,-0.804893797355914
SmoothCylinder_new_000634,SmoothCylinder,100.6,68.9,0.9829353491495544,-0.1839513506127201
Sphere_new_000414,Sphere,99.9,35.7,0.985109326154774,-0.1719291002794096
SmoothCylinder_new_000694,SmoothCylinder,226.1,62.3,-0.7205511116803304,-0.693401828275813
Sphere_new_000522,Sphere,255.3,54.4,-0.9672677527758768,-0.2537579445848058
Sphere_new_000545,Sphere,181.1,66.7,-0.0191974423996896,-0.9998157121216442
SmoothCylinder_new_000717,SmoothCylinder,214.1,55.5,-0.5606389945632415,-0.8280603346224946
SmoothCylinder_new_000079,SmoothCylinder,12.7,45.0,0.2198462043528375,0.9755345439458566
Sphere_new_000968,Sphere,294.4,70.2,-0.9106836608061772,0.4131044298245417
SmoothCylinder_new_000515,SmoothCylinder,164.7,71.4,0.2638730499653732,-0.964557418457798
Sphere_new_000817,Sphere,142.7,47.6,0.6059884002657114,-0.7954734808548956
SmoothCylinder_new_000048,SmoothCylinder,321.3,41.9,-0.6252426563357051,0.7804304073383298
SmoothCylinder_new_000903,SmoothCylinder,83.1,55.3,0.9927573419294456,0.1201368388346472
SmoothCylinder_new_000231,SmoothCylinder,141.0,69.8,0.6293203910498374,-0.7771459614569709
SmoothCylinder_new_000324,SmoothCylinder,4.5,36.7,0.0784590957278449,0.996917333733128
Sphere_new_000120,Sphere,169.2,67.0,0.187381314585725,-0.9822872507286886
SmoothCylinder_new_000579,SmoothCylinder,73.2,44.9,0.9573194975320672,0.2890317969444716
Sphere_new_000629,Sphere,355.1,45.1,-0.0854169231373668,0.9963452961909064
Sphere_new_000610,Sphere,357.2,62.3,-0.0488497697956131,0.998806137341434
SmoothCylinder_new_000023,SmoothCylinder,267.9,55.7,-0.9993283937786562,-0.0366437087065568
SmoothCylinder_new_000283,SmoothCylinder,240.4,39.1,-0.869494929505219,-0.493941866584231
Sphere_new_000860,Sphere,74.7,60.6,0.964557418457798,0.2638730499653727
SmoothCylinder_new_000582,SmoothCylinder,278.8,51.0,-0.9882283814465528,0.152985836284038
SmoothCylinder_new_000517,SmoothCylinder,285.3,59.9,-0.964557418457798,0.263873049965373
SmoothCylinder_new_000918,SmoothCylinder,11.3,64.9,0.1959461442425177,0.980614658546613
Sphere_new_000161,Sphere,286.7,30.8,-0.957822494845315,0.2873605198497114
Sphere_new_000770,Sphere,349.5,44.6,-0.1822355254921478,0.9832549075639544
SmoothCylinder_new_000359,SmoothCylinder,150.1,51.8,0.4984877397538304,-0.8668967489356028
SmoothCylinder_new_000393,SmoothCylinder,85.5,36.0,0.996917333733128,0.078459095727845
Sphere_new_000941,Sphere,125.7,47.8,0.8120835268918064,-0.5835412113561174
SmoothCylinder_new_000432,SmoothCylinder,205.3,32.4,-0.4273578633871923,-0.9040825496607784
SmoothCylinder_new_000069,SmoothCylinder,203.6,40.7,-0.4003490325568949,-0.9163627295622396
Sphere_new_000106,Sphere,351.9,55.0,-0.140901231937583,0.9900236577165576
SmoothCylinder_new_000712,SmoothCylinder,158.3,62.5,0.369746757273829,-0.9291325715340564
Sphere_new_000170,Sphere,51.8,41.0,0.7858568931754019,0.6184083953575542
Sphere_new_000989,Sphere,129.8,38.6,0.7682835235935233,-0.6401096994849557
SmoothCylinder_new_000122,SmoothCylinder,124.9,45.3,0.820151875873772,-0.5721458734455164
Sphere_new_000606,Sphere,180.2,35.1,-0.0034906514152233,-0.9999939076577904
SmoothCylinder_new_000404,SmoothCylinder,2.8,63.7,0.0488497697956132,0.998806137341434
Sphere_new_000002,Sphere,13.9,66.0,0.2402280424772637,0.9707164815781908
SmoothCylinder_new_000010,SmoothCylinder,9.6,55.3,0.1667687467161022,0.985996037070505
SmoothCylinder_new_000238,SmoothCylinder,102.0,55.7,0.9781476007338056,-0.2079116908177593
Sphere_new_000125,Sphere,346.9,40.5,-0.2266513074368552,0.9739759672790516
SmoothCylinder_new_000662,SmoothCylinder,305.5,38.5,-0.814115518356319,0.58070295571094
Sphere_new_000992,Sphere,254.8,53.9,-0.9650164944723116,-0.2621891786408644
SmoothCylinder_new_000898,SmoothCylinder,246.6,49.8,-0.9177546256839808,-0.3971478906347811
SmoothCylinder_new_000822,SmoothCylinder,295.9,66.4,-0.8995577789551806,0.4368017883677015
SmoothCylinder_new_000884,SmoothCylinder,39.8,41.5,0.6401096994849554,0.7682835235935234
SmoothCylinder_new_000061,SmoothCylinder,300.3,68.3,-0.8633955506067718,0.504527623815019
Sphere_new_000643,Sphere,312.4,36.7,-0.7384553406258838,0.6743023875837234
Sphere_new_000925,Sphere,0.7,74.2,0.0122170008352471,0.999925369660452
Sphere_new_000505,Sphere,159.5,51.7,0.3502073812594675,-0.9366721892483976
SmoothCylinder_new_000195,SmoothCylinder,69.8,71.3,0.938493022759556,0.3452981989985347
SmoothCylinder_new_000146,SmoothCylinder,279.9,42.8,-0.985109326154774,0.1719291002794092
Sphere_new_000961,Sphere,94.0,73.6,0.9975640502598242,-0.0697564737441253
SmoothCylinder_new_000433,SmoothCylinder,72.3,68.9,0.9526614812535862,0.3040330609254904
Sphere_new_000542,Sphere,14.7,63.6,0.2537579445848056,0.9672677527758768
SmoothCylinder_new_000850,SmoothCylinder,113.7,30.4,0.9156625933395612,-0.4019477766559601
SmoothCylinder_new_000590,SmoothCylinder,152.5,37.3,0.4617486132350339,-0.8870108331782217
SmoothCylinder_new_000895,SmoothCylinder,117.8,71.1,0.8845809752150839,-0.4663866403398911
Sphere_new_000417,Sphere,30.7,64.3,0.5105429179116057,0.8598522715968735
Sphere_new_000060,Sphere,265.3,57.9,-0.9966373868180366,-0.0819385086300404
Sphere_new_000842,Sphere,327.0,31.9,-0.544639035015027,0.838670567945424
SmoothCylinder_new_000909,SmoothCylinder,43.6,31.4,0.6896195437356698,0.7241718614374675
Sphere_new_000845,Sphere,349.5,71.9,-0.1822355254921478,0.9832549075639544
SmoothCylinder_new_000449,SmoothCylinder,14.6,72.7,0.2520693582431136,0.9677091704819712
SmoothCylinder_new_000057,SmoothCylinder,157.4,74.2,0.3842953226598037,-0.9232102171129808
Sphere_new_000084,Sphere,105.2,32.5,0.9650164944723114,-0.2621891786408648
Sphere_new_000086,Sphere,248.1,73.3,-0.92783625389892,-0.3729877825758093
SmoothCylinder_new_000440,SmoothCylinder,27.9,66.0,0.4679298142605733,0.8837656300886935
SmoothCylinder_new_000150,SmoothCylinder,222.4,71.9,-0.6743023875837234,-0.7384553406258838
Sphere_new_000445,Sphere,278.6,41.3,-0.9887563810470058,0.1495353434437097
Sphere_new_000247,Sphere,110.2,41.7,0.938493022759556,-0.3452981989985346
SmoothCylinder_new_000375,SmoothCylinder,7.8,72.7,0.1357155724343043,0.9907478404714436
Sphere_new_000939,Sphere,248.7,74.9,-0.9316912275855488,-0.3632512304729784
SmoothCylinder_new_000026,SmoothCylinder,46.9,32.8,0.7301622766207524,0.6832737736807991
SmoothCylinder_new_000097,SmoothCylinder,50.9,40.1,0.7760464070665459,0.6306758074312863
SmoothCylinder_new_000233,SmoothCylinder,302.2,32.4,-0.8461931661275643,0.5328762760707295
Sphere_new_000196,Sphere,311.5,57.7,-0.7489557207890021,0.6626200482157375
Sphere_new_000836,Sphere,248.7,31.6,-0.9316912275855488,-0.3632512304729784
SmoothCylinder_new_000223,SmoothCylinder,24.5,44.4,0.414693242656239,0.9099612708765432
SmoothCylinder_new_000956,SmoothCylinder,67.5,34.0,0.9238795325112868,0.3826834323650898
Sphere_new_000241,Sphere,237.6,53.3,-0.8443279255020149,-0.5358267949789971
SmoothCylinder_new_000175,SmoothCylinder,206.4,63.5,-0.4446351791849275,-0.8957117602394128
Sphere_new_000024,Sphere,118.8,67.7,0.8763066800438637,-0.481753674101715
SmoothCylinder_new_000841,SmoothCylinder,347.7,65.6,-0.2130303862749767,0.9770455744352636
Sphere_new_000039,Sphere,133.2,60.0,0.7289686274214118,-0.6845471059286884
Sphere_new_000463,Sphere,104.3,62.6,0.9690157314068696,-0.2469990127227428
SmoothCylinder_new_000518,SmoothCylinder,116.6,48.4,0.8941542368393682,-0.4477590878387696
Sphere_new_000729,Sphere,119.5,61.2,0.8703556959398997,-0.492423560103467
SmoothCylinder_new_000801,SmoothCylinder,310.4,50.0,-0.7615383075367371,0.6481199010631304
SmoothCylinder_new_000152,SmoothCylinder,306.3,61.5,-0.8059282822485155,0.5920131787992198
SmoothCylinder_new_000952,SmoothCylinder,300.2,40.5,-0.8642748019537048,0.503019946630235
SmoothCylinder_new_000780,SmoothCylinder,110.2,62.5,0.938493022759556,-0.3452981989985346
Sphere_new_000061,Sphere,43.7,35.6,0.6908824110768584,0.7229671459095681
Sphere_new_000364,Sphere,38.3,30.9,0.61977903179514,0.784776370533083
SmoothCylinder_new_000011,SmoothCylinder,150.5,51.3,0.4924235601034671,-0.8703556959398997
Sphere_new_000074,Sphere,133.5,44.3,0.7253743710122879,-0.6883545756937538
SmoothCylinder_new_000320,SmoothCylinder,244.4,50.9,-0.9018325264051138,-0.4320857488019822
Sphere_new_000700,Sphere,334.4,42.6,-0.4320857488019831,0.9018325264051136
Sphere_new_000753,Sphere,315.0,51.7,-0.7071067811865477,0.7071067811865474
Sphere_new_000747,Sphere,333.7,34.4,-0.4430711908241798,0.8964864303834404
SmoothCylinder_new_000914,SmoothCylinder,241.5,66.4,-0.8788171126619653,-0.4771587602596087
Sphere_new_000432,Sphere,331.9,54.8,-0.4710118812194107,0.8821268660176674
Sphere_new_000479,Sphere,172.0,58.3,0.1391731009600653,-0.9902680687415704
Sphere_new_000504,Sphere,173.3,49.0,0.1166707370993331,-0.993170649538486
Sphere_new_000349,Sphere,300.1,53.4,-0.8651514205697045,0.5015107371594574
SmoothCylinder_new_000558,SmoothCylinder,211.6,41.2,-0.5239859059700789,-0.8517269341430478
SmoothCylinder_new_000755,SmoothCylinder,291.6,54.7,-0.9297764858882512,0.3681245526846782
SmoothCylinder_new_000837,SmoothCylinder,189.3,43.1,-0.1616038211033611,-0.9868557164068072
Sphere_new_000145,Sphere,269.0,70.8,-0.9998476951563912,-0.0174524064372834
Sphere_new_000183,Sphere,118.1,54.5,0.8821268660176678,-0.47101188121941
Sphere_new_000441,Sphere,12.8,49.3,0.2215484976194673,0.9751493543055632
Sphere_new_000270,Sphere,31.0,71.5,0.5150380749100542,0.8571673007021123
SmoothCylinder_new_000143,SmoothCylinder,130.1,30.9,0.7649214009184319,-0.6441236297613865
SmoothCylinder_new_000158,SmoothCylinder,39.1,63.9,0.6306758074312863,0.7760464070665459
SmoothCylinder_new_000790,SmoothCylinder,321.5,32.0,-0.6225146366376196,0.7826081568524138
SmoothCylinder_new_000843,SmoothCylinder,170.5,63.3,0.1650476058606776,-0.9862856015372314
SmoothCylinder_new_000073,SmoothCylinder,78.7,46.6,0.980614658546613,0.1959461442425177
Sphere_new_000204,Sphere,264.9,42.2,-0.9960410654107696,-0.0888942968664423
SmoothCylinder_new_000136,SmoothCylinder,147.9,31.3,0.5313985795180828,-0.8471219213821372
SmoothCylinder_new_000356,SmoothCylinder,133.4,46.4,0.7265746709709759,-0.6870875108044229
Sphere_new_000023,Sphere,308.9,40.2,-0.7782431485260214,0.6279630576493374
Sphere_new_000095,Sphere,118.0,43.9,0.8829475928589269,-0.4694715627858909
SmoothCylinder_new_000400,SmoothCylinder,90.4,51.6,0.9999756307053947,-0.0069812602979617
Sphere_new_000569,Sphere,186.7,31.6,-0.1166707370993328,-0.993170649538486
Sphere_new_000044,Sphere,352.6,30.9,-0.1287955965775621,0.9916711623830904
Sphere_new_000673,Sphere,160.1,50.8,0.3403795502130504,-0.9402881270104188
Sphere_new_000741,Sphere,88.8,50.0,0.9997806834748456,0.020942419883357
Sphere_new_000765,Sphere,32.9,50.1,0.5431744499506707,0.8396198645344132
SmoothCylinder_new_000046,SmoothCylinder,30.4,56.3,0.5060337641211637,0.8625136692072575
Sphere_new_000130,Sphere,305.7,60.4,-0.8120835268918062,0.5835412113561176
Sphere_new_000534,Sphere,224.5,57.3,-0.7009092642998509,-0.7132504491541816
Sphere_new_000386,Sphere,139.7,50.1,0.6467897795104598,-0.7626683296956881
SmoothCylinder_new_000198,SmoothCylinder,204.4,74.4,-0.4131044298245417,-0.9106836608061772
Sphere_new_000918,Sphere,313.2,74.9,-0.7289686274214116,0.6845471059286886
SmoothCylinder_new_000428,SmoothCylinder,60.4,54.2,0.869494929505219,0.493941866584231
SmoothCylinder_new_000545,SmoothCylinder,91.3,72.7,0.9997426093226984,-0.0226873335727812
Sphere_new_000343,Sphere,122.6,68.2,0.8424523970071475,-0.5387707850068632
SmoothCylinder_new_000530,SmoothCylinder,245.6,58.0,-0.910683660806177,-0.413104429824542
Sphere_new_000487,Sphere,10.5,47.2,0.1822355254921474,0.9832549075639546
SmoothCylinder_new_000060,SmoothCylinder,216.9,32.8,-0.6004202253258842,-0.7996846584870904
Sphere_new_000774,Sphere,57.3,63.5,0.8415107819453062,0.5402403204776551
Sphere_new_000434,Sphere,213.2,64.9,-0.54756322349255,-0.8367643134589619
Sphere_new_000313,Sphere,286.9,47.4,-0.9568135840576076,0.2907021935982517
Sphere_new_000591,Sphere,108.9,43.8,0.9460853588275452,-0.3239174181981494
Sphere_new_000388,Sphere,170.3,56.6,0.1684893795650024,-0.9857034690888536
SmoothCylinder_new_000939,SmoothCylinder,35.8,33.0,0.5849576749872154,0.8110638189893267
Sphere_new_000880,Sphere,344.6,31.9,-0.2655561174868083,0.9640954042341102
SmoothCylinder_new_000327,SmoothCylinder,67.9,51.2,0.9265286308718372,0.3762242631393654
SmoothCylinder_new_000965,SmoothCylinder,197.2,56.6,-0.2957080500440465,-0.9552783621223436
Sphere_new_000786,Sphere,23.6,72.0,0.4003490325568949,0.9163627295622396
SmoothCylinder_new_000737,SmoothCylinder,90.4,35.7,0.9999756307053947,-0.0069812602979617
SmoothCylinder_new_000419,SmoothCylinder,53.3,46.4,0.8017756442437539,0.5976251469755212
SmoothCylinder_new_000644,SmoothCylinder,105.8,48.6,0.9622179935292854,-0.2722802470405742
Sphere_new_000383,Sphere,106.1,32.9,0.9607791541575942,-0.2773146533023776
Sphere_new_000631,Sphere,292.6,35.6,-0.9232102171129808,0.3842953226598039
Sphere_new_000123,Sphere,167.3,31.5,0.2198462043528372,-0.9755345439458568
SmoothCylinder_new_000624,SmoothCylinder,276.2,57.3,-0.9941509639723156,0.1079993557060221
Sphere_new_000146,Sphere,114.3,59.0,0.9114032766354452,-0.4115143586051087
SmoothCylinder_new_000140,SmoothCylinder,236.4,70.7,-0.8329212407100994,-0.5533915492433442
Sphere_new_000438,Sphere,105.0,53.0,0.9659258262890684,-0.2588190451025208
Sphere_new_000321,Sphere,341.1,32.5,-0.3239174181981495,0.9460853588275452
Sphere_new_000537,Sphere,310.6,50.0,-0.7592713073348807,0.650774217265851
SmoothCylinder_new_000953,SmoothCylinder,220.1,70.7,-0.6441236297613864,-0.7649214009184319
SmoothCylinder_new_000457,SmoothCylinder,248.2,74.5,-0.9284858268809134,-0.3713678355502353
SmoothCylinder_new_000044,SmoothCylinder,313.8,37.8,-0.721760228098362,0.6921431738704069
SmoothCylinder_new_000472,SmoothCylinder,350.7,37.5,-0.161603821103361,0.9868557164068072
SmoothCylinder_new_000628,SmoothCylinder,239.0,38.1,-0.8571673007021121,-0.5150380749100545
SmoothCylinder_new_000570,SmoothCylinder,306.4,57.2,-0.8048937973559145,0.5934188866037009
SmoothCylinder_new_000325,SmoothCylinder,310.0,69.1,-0.7660444431189781,0.6427876096865393
SmoothCylinder_new_000987,SmoothCylinder,210.7,35.0,-0.5105429179116057,-0.8598522715968735
SmoothCylinder_new_000757,SmoothCylinder,150.8,59.4,0.4878596591387326,-0.8729220772698097
Sphere_new_000091,Sphere,150.8,66.5,0.4878596591387326,-0.8729220772698097
Sphere_new_000180,Sphere,84.7,37.8,0.995724698184582,0.0923705874465616
SmoothCylinder_new_000316,SmoothCylinder,326.2,30.2,-0.5562956155003047,0.8309844692743283
Sphere_new_000112,Sphere,311.7,32.8,-0.7466381822853915,0.6652303546543606
SmoothCylinder_new_000984,SmoothCylinder,100.8,71.8,0.9822872507286888,-0.1873813145857246
SmoothCylinder_new_000926,SmoothCylinder,37.2,70.9,0.6045991148623748,0.7965299180241963
SmoothCylinder_new_000549,SmoothCylinder,138.4,69.6,0.6639262126522414,-0.747798090498532
Sphere_new_000706,Sphere,228.7,70.1,-0.7512641335035111,-0.6600016679609368
Sphere_new_000731,Sphere,27.0,48.7,0.4539904997395467,0.8910065241883679
Sphere_new_000807,Sphere,32.1,33.4,0.5313985795180829,0.8471219213821372
SmoothCylinder_new_000450,SmoothCylinder,280.3,33.2,-0.9838850379335417,0.1788022151163497
SmoothCylinder_new_000416,SmoothCylinder,54.4,61.9,0.8131007610470277,0.5821229701572894
Sphere_new_000334,Sphere,329.2,70.9,-0.512042864870572,0.8589598969306641
SmoothCylinder_new_000172,SmoothCylinder,98.0,46.7,0.9902680687415704,-0.1391731009600653
Sphere_new_000679,Sphere,62.1,45.3,0.8837656300886935,0.4679298142605733
SmoothCylinder_new_000312,SmoothCylinder,142.7,69.5,0.6059884002657114,-0.7954734808548956
SmoothCylinder_new_000282,SmoothCylinder,160.6,60.1,0.3321611318837036,-0.9432226579476009
Sphere_new_000780,Sphere,62.0,49.9,0.8829475928589269,0.4694715627858908
Sphere_new_000552,Sphere,10.5,60.4,0.1822355254921474,0.9832549075639546
Sphere_new_000709,Sphere,188.1,69.5,-0.1409012319375826,-0.9900236577165576
SmoothCylinder_new_000422,SmoothCylinder,233.3,33.1,-0.8017756442437538,-0.5976251469755214
Sphere_new_000558,Sphere,283.9,68.2,-0.9707164815781908,0.2402280424772635
SmoothCylinder_new_000076,SmoothCylinder,202.0,52.7,-0.374606593415912,-0.9271838545667874
SmoothCylinder_new_000111,SmoothCylinder,356.6,36.2,-0.0593063735759617,0.9982398279237652
Sphere_new_000717,Sphere,197.4,39.6,-0.2990407922560867,-0.9542403285162768
Sphere_new_000051,Sphere,317.6,52.4,-0.674302387583723,0.7384553406258841
SmoothCylinder_new_000940,SmoothCylinder,221.9,72.5,-0.6678325554710467,-0.744311546231154
SmoothCylinder_new_000163,SmoothCylinder,346.0,72.3,-0.2419218955996678,0.9702957262759964
Sphere_new_000009,Sphere,274.3,45.0,-0.9971851335251156,0.0749787268263281
SmoothCylinder_new_000485,SmoothCylinder,110.5,37.8,0.9366721892483976,-0.3502073812594673
SmoothCylinder_new_000318,SmoothCylinder,222.9,73.8,-0.6807208689589177,-0.7325428987873788
Sphere_new_000581,Sphere,238.8,50.2,-0.8553642601605066,-0.5180270093731303
Sphere_new_000245,Sphere,272.8,64.1,-0.998806137341434,0.0488497697956135
Sphere_new_000596,Sphere,273.5,41.1,-0.998134798421867,0.0610485395348564
Sphere_new_000042,Sphere,149.3,67.7,0.5105429179116054,-0.8598522715968736
Sphere_new_000262,Sphere,215.1,67.4,-0.5750052520432786,-0.8181497174250235
Sphere_new_000001,Sphere,123.2,46.2,0.8367643134589617,-0.5475632234925502
Sphere_new_000730,Sphere,36.2,70.1,0.5906056676199254,0.8069603121438019
Sphere_new_000790,Sphere,153.3,43.9,0.4493189986158966,-0.8933713883278376
SmoothCylinder_new_000351,SmoothCylinder,158.8,33.3,0.3616245700820921,-0.9323238012155124
SmoothCylinder_new_000946,SmoothCylinder,48.3,48.0,0.7466381822853914,0.6652303546543609
SmoothCylinder_new_000835,SmoothCylinder,130.1,63.3,0.7649214009184319,-0.6441236297613865
Sphere_new_000474,Sphere,109.7,34.6,0.9414705448120378,-0.3370952584230821
Sphere_new_000152,Sphere,340.3,64.3,-0.3370952584230822,0.9414705448120378
SmoothCylinder_new_000657,SmoothCylinder,231.5,68.8,-0.7826081568524138,-0.6225146366376196
Sphere_new_000469,Sphere,211.7,61.5,-0.5254716510722675,-0.8508111094240514
Sphere_new_000734,Sphere,263.3,31.6,-0.993170649538486,-0.1166707370993331
SmoothCylinder_new_000721,SmoothCylinder,253.2,33.4,-0.9573194975320672,-0.2890317969444722
SmoothCylinder_new_000739,SmoothCylinder,175.3,40.4,0.0819385086300408,-0.9966373868180366
Sphere_new_000218,Sphere,50.8,62.1,0.7749444887041795,0.6320293026648509
Sphere_new_000687,Sphere,160.7,53.2,0.3305143927132231,-0.9438009515832294
SmoothCylinder_new_000293,SmoothCylinder,80.0,42.4,0.984807753012208,0.1736481776669304
SmoothCylinder_new_000248,SmoothCylinder,148.1,46.5,0.5284383347223472,-0.8489716876291414
Sphere_new_000047,Sphere,170.5,40.9,0.1650476058606776,-0.9862856015372314
Sphere_new_000338,Sphere,178.7,48.6,0.0226873335727814,-0.9997426093226984
Sphere_new_000015,Sphere,108.8,50.6,0.9466492601156964,-0.322265695230511
Sphere_new_000915,Sphere,147.5,67.0,0.5372996083468238,-0.8433914458128857
Sphere_new_000166,Sphere,315.2,35.6,-0.7046342099635949,0.7095707365365206
Sphere_new_000527,Sphere,56.0,32.1,0.8290375725550417,0.5591929034707468
Sphere_new_000555,Sphere,68.7,53.3,0.9316912275855488,0.3632512304729783
SmoothCylinder_new_000405,SmoothCylinder,259.3,41.8,-0.9826127965436152,-0.1856666153855773
Sphere_new_000255,Sphere,189.3,60.7,-0.1616038211033611,-0.9868557164068072
SmoothCylinder_new_000761,SmoothCylinder,108.2,46.9,0.9499720515246526,-0.3123349185122325
SmoothCylinder_new_000100,SmoothCylinder,249.7,68.5,-0.9378889346118976,-0.3469356515732562
Sphere_new_000507,Sphere,126.6,57.1,0.8028174751911147,-0.5962248749656156
Sphere_new_000920,Sphere,154.8,52.4,0.4257792915650725,-0.9048270524660196
Sphere_new_000806,Sphere,269.1,68.2,-0.9998766324816606,-0.0157073173118207
Sphere_new_000530,Sphere,33.7,53.5,0.5548444274479993,0.8319541221304825
SmoothCylinder_new_000167,SmoothCylinder,189.5,46.8,-0.1650476058606774,-0.9862856015372314
Sphere_new_000638,Sphere,328.2,36.2,-0.5269557954966778,0.8498926929868638
SmoothCylinder_new_000038,SmoothCylinder,154.8,60.2,0.4257792915650725,-0.9048270524660196
SmoothCylinder_new_000808,SmoothCylinder,278.7,67.7,-0.9884938868086836,0.1512608202472193
SmoothCylinder_new_000627,SmoothCylinder,180.4,55.0,-0.0069812602979614,-0.9999756307053947
SmoothCylinder_new_000651,SmoothCylinder,35.3,45.2,0.5778576243835053,0.8161375900801603
Sphere_new_000800,Sphere,73.5,42.1,0.958819734868193,0.2840153447039227
Sphere_new_000083,Sphere,323.7,34.0,-0.5920131787992194,0.8059282822485159
SmoothCylinder_new_000353,SmoothCylinder,252.4,57.3,-0.953190667792947,-0.3023698907504442
SmoothCylinder_new_000550,SmoothCylinder,356.6,54.4,-0.0593063735759617,0.9982398279237652
Sphere_new_000543,Sphere,344.3,35.4,-0.2706004459758637,0.9626917464264788
Sphere_new_000259,Sphere,172.5,55.0,0.1305261922200515,-0.9914448613738104
SmoothCylinder_new_000423,SmoothCylinder,285.6,44.6,-0.963162566797658,0.2689198206152663
Sphere_new_000794,Sphere,123.7,61.6,0.8319541221304825,-0.5548444274479994
Sphere_new_000962,Sphere,168.9,67.6,0.1925219665259075,-0.9812926639922452
Sphere_new_000911,Sphere,338.5,72.7,-0.3665012267242972,0.9304175679820246
Sphere_new_000707,Sphere,184.2,42.7,-0.0732381971276314,-0.997314477224458
Sphere_new_000283,Sphere,99.1,55.9,0.9874138067509116,-0.1581580672544833
Sphere_new_000284,Sphere,111.7,46.4,0.9291325715340562,-0.3697467572738294
Sphere_new_000093,Sphere,58.8,70.5,0.8553642601605066,0.5180270093731303
Sphere_new_000983,Sphere,184.8,70.8,-0.0836778433323154,-0.9964928592495044
SmoothCylinder_new_000394,SmoothCylinder,125.3,70.4,0.8161375900801604,-0.5778576243835052
Sphere_new_000135,Sphere,30.8,53.0,0.5120428648705715,0.8589598969306644
SmoothCylinder_new_000620,SmoothCylinder,125.9,41.5,0.810041640445796,-0.5863723567357894
SmoothCylinder_new_000913,SmoothCylinder,272.9,65.2,-0.9987193571841864,0.0505929400767126
SmoothCylinder_new_000482,SmoothCylinder,244.5,50.8,-0.9025852843498606,-0.4305110968082951
Sphere_new_000736,Sphere,49.1,71.2,0.7558534691676395,0.6547408137173397
SmoothCylinder_new_000816,SmoothCylinder,205.3,52.0,-0.4273578633871923,-0.9040825496607784
Sphere_new_000598,Sphere,147.7,35.4,0.5343523493898265,-0.8452618332218561
Sphere_new_000669,Sphere,219.1,49.5,-0.6306758074312863,-0.7760464070665459
Sphere_new_000071,Sphere,162.9,67.6,0.2940403252323037,-0.9557930147983302
Sphere_new_000402,Sphere,163.0,70.2,0.2923717047227366,-0.9563047559630355
SmoothCylinder_new_000594,SmoothCylinder,255.8,57.4,-0.9694453498951388,-0.2453073858788024
Sphere_new_000098,Sphere,313.5,44.9,-0.7253743710122879,0.6883545756937537
Sphere_new_000990,Sphere,190.4,44.3,-0.1805191452505601,-0.983571470813386
SmoothCylinder_new_000548,SmoothCylinder,264.9,37.8,-0.9960410654107696,-0.0888942968664423
Sphere_new_000442,Sphere,113.4,59.5,0.9177546256839813,-0.3971478906347807
SmoothCylinder_new_000222,SmoothCylinder,230.1,32.6,-0.7671651518152993,-0.6414496315691581
Sphere_new_000999,Sphere,68.2,48.8,0.9284858268809136,0.3713678355502347
Sphere_new_000043,Sphere,346.0,43.0,-0.2419218955996678,0.9702957262759964
SmoothCylinder_new_000421,SmoothCylinder,312.7,64.0,-0.7349145951499602,0.6781596698680703
Sphere_new_000297,Sphere,12.3,73.5,0.2130303862749765,0.9770455744352636
SmoothCylinder_new_000867,SmoothCylinder,108.7,35.2,0.9472102777460288,-0.3206129905856763
Sphere_new_000373,Sphere,53.4,43.0,0.8028174751911145,0.5962248749656158
Sphere_new_000049,Sphere,116.6,58.2,0.8941542368393682,-0.4477590878387696
SmoothCylinder_new_000006,SmoothCylinder,265.7,38.6,-0.9971851335251156,-0.0749787268263276
Sphere_new_000027,Sphere,61.2,37.3,0.8763066800438637,0.4817536741017151
SmoothCylinder_new_000641,SmoothCylinder,128.5,38.7,0.782608156852414,-0.6225146366376194
Sphere_new_000630,Sphere,352.7,68.3,-0.1270646086013508,0.9918944425900296
SmoothCylinder_new_000576,SmoothCylinder,71.1,44.8,0.9460853588275452,0.3239174181981495
SmoothCylinder_new_000234,SmoothCylinder,281.1,34.8,-0.9812926639922452,0.1925219665259076
SmoothCylinder_new_000643,SmoothCylinder,203.9,53.8,-0.4051415867798627,-0.9142539552342636
Sphere_new_000310,Sphere,97.2,54.8,0.9921147013144778,-0.1253332335643043
Sphere_new_000840,Sphere,309.4,46.9,-0.7727335734973513,0.6347305132022674
Sphere_new_000330,Sphere,30.7,45.4,0.5105429179116057,0.8598522715968735
Sphere_new_000703,Sphere,124.4,33.4,0.8251134982782952,-0.5649670034249379
SmoothCylinder_new_000083,SmoothCylinder,13.7,40.8,0.2368381460656186,0.971549119997646
SmoothCylinder_new_000426,SmoothCylinder,92.8,37.2,0.998806137341434,-0.0488497697956132
Sphere_new_000923,Sphere,163.9,69.2,0.2773146533023777,-0.9607791541575942
Sphere_new_000473,Sphere,239.6,37.7,-0.8625136692072575,-0.5060337641211639
Sphere_new_000347,Sphere,128.1,44.7,0.7869350219613374,-0.6170358751407485
Sphere_new_000548,Sphere,197.5,32.3,-0.300705799504273,-0.9537169507482268
Sphere_new_000586,Sphere,146.2,58.9,0.556295615500305,-0.8309844692743281
SmoothCylinder_new_000664,SmoothCylinder,191.6,52.9,-0.2010779211459643,-0.9795752495993442
SmoothCylinder_new_000559,SmoothCylinder,75.8,70.5,0.9694453498951388,0.2453073858788027
Sphere_new_000912,Sphere,292.6,54.2,-0.9232102171129808,0.3842953226598039
Sphere_new_000538,Sphere,283.0,66.1,-0.9743700647852352,0.2249510543438649
SmoothCylinder_new_000204,SmoothCylinder,81.2,68.1,0.9882283814465528,0.1529858362840381
SmoothCylinder_new_000623,SmoothCylinder,58.8,66.7,0.8553642601605066,0.5180270093731303
SmoothCylinder_new_000009,SmoothCylinder,62.0,50.0,0.8829475928589269,0.4694715627858908
SmoothCylinder_new_000497,SmoothCylinder,91.8,30.7,0.9995065603657316,-0.0314107590781282
Sphere_new_000720,Sphere,123.9,49.4,0.8300122850953675,-0.5577451089796901
Sphere_new_000846,Sphere,44.6,45.8,0.7021530529951624,0.7120260459909965
SmoothCylinder_new_000746,SmoothCylinder,291.0,60.3,-0.9335804264972016,0.3583679495453004
Sphere_new_000517,Sphere,353.6,46.9,-0.1114689322063249,0.9937679191605964
Sphere_new_000708,Sphere,123.0,61.6,0.8386705679454239,-0.5446390350150271
Sphere_new_000254,Sphere,245.6,62.8,-0.910683660806177,-0.413104429824542
Sphere_new_000550,Sphere,290.7,44.5,-0.9354440308298676,0.3534748437792567
SmoothCylinder_new_000533,SmoothCylinder,95.9,47.5,0.9947028171171742,-0.1027925367872467
SmoothCylinder_new_000208,SmoothCylinder,260.0,72.3,-0.984807753012208,-0.1736481776669303
Sphere_new_000256,Sphere,302.7,50.6,-0.8415107819453063,0.5402403204776549
SmoothCylinder_new_000534,SmoothCylinder,258.1,71.4,-0.9785089851017784,-0.2062041853966293
Sphere_new_000988,Sphere,193.1,68.9,-0.2266513074368549,-0.9739759672790516
SmoothCylinder_new_000855,SmoothCylinder,34.0,55.0,0.5591929034707469,0.8290375725550416
SmoothCylinder_new_000797,SmoothCylinder,165.2,33.3,0.2554457579357905,-0.9668233886044594
Sphere_new_000491,Sphere,294.6,55.4,-0.9092361090470684,0.4162807922604017
Sphere_new_000169,Sphere,93.9,40.0,0.9976842788356052,-0.0680152906652483
SmoothCylinder_new_000257,SmoothCylinder,123.0,62.2,0.8386705679454239,-0.5446390350150271
Sphere_new_000898,Sphere,125.7,36.3,0.8120835268918064,-0.5835412113561174
SmoothCylinder_new_000629,SmoothCylinder,119.9,49.0,0.8668967489356029,-0.4984877397538302
Sphere_new_000607,Sphere,253.5,74.8,-0.958819734868193,-0.2840153447039226
Sphere_new_000292,Sphere,334.2,67.5,-0.435231099372328,0.9003187714021932
SmoothCylinder_new_000045,SmoothCylinder,74.1,47.9,0.9617413095492112,0.2739592186924325
Sphere_new_000216,Sphere,167.8,30.3,0.2113247964553884,-0.977415894286096
SmoothCylinder_new_000462,SmoothCylinder,194.7,61.0,-0.2537579445848055,-0.9672677527758768
Sphere_new_000176,Sphere,112.7,59.2,0.9225380894562464,-0.3859060423243186
Sphere_new_000007,Sphere,314.5,53.5,-0.7132504491541813,0.7009092642998511
SmoothCylinder_new_000778,SmoothCylinder,162.0,53.7,0.3090169943749475,-0.9510565162951536
SmoothCylinder_new_000865,SmoothCylinder,326.2,64.5,-0.5562956155003047,0.8309844692743283
Sphere_new_000240,Sphere,131.8,34.4,0.745475999682862,-0.6665324702494527
SmoothCylinder_new_000452,SmoothCylinder,11.4,47.2,0.1976573403791261,0.980271174621722
Sphere_new_000248,Sphere,342.2,41.0,-0.3056953049631061,0.9521293927421386
Sphere_new_000303,Sphere,260.6,50.5,-0.9865721616069696,-0.163325962241622
Sphere_new_000529,Sphere,253.3,49.5,-0.9578224948453148,-0.2873605198497118
