image_id,shape,light_azimuth_deg,light_elevation_deg,sin_azimuth,cos_azimuth
Sphere_new_000000,Sphere,204.9,45.0,-0.42103581336749096,-0.907044014291465
Sphere_new_000001,Sphere,123.2,46.2,0.8367643134589617,-0.5475632234925502
Sphere_new_000002,Sphere,13.9,66.0,0.24022804247726373,0.9707164815781908
Sphere_new_000003,Sphere,269.8,55.8,-0.9999939076577904,-0.0034906514152236987
Sphere_new_000004,Sphere,160.5,46.4,0.3338068592337712,-0.9426414910921783
Sphere_new_000005,Sphere,64.1,68.8,0.8995577789551803,0.43680178836770234
Sphere_new_000006,Sphere,240.0,73.4,-0.8660254037844384,-0.5000000000000004
Sphere_new_000007,Sphere,314.5,53.5,-0.7132504491541813,0.7009092642998511
Sphere_new_000008,Sphere,191.8,64.5,-0.2044960518417903,-0.978867388761685
Sphere_new_000009,Sphere,274.3,45.0,-0.9971851335251157,0.07497872682632817
Sphere_new_000010,Sphere,76.5,68.1,0.9723699203976766,0.23344536385590547
Sphere_new_000011,Sphere,324.2,69.5,-0.5849576749872157,0.8110638189893264
Sphere_new_000012,Sphere,75.4,61.6,0.9677091704819712,0.2520693582431136
Sphere_new_000013,Sphere,284.1,49.9,-0.9698720152847466,0.243615011786023
Sphere_new_000014,Sphere,199.0,55.8,-0.32556815445715676,-0.9455185755993167
Sphere_new_000015,Sphere,108.8,50.6,0.9466492601156964,-0.322265695230511
Sphere_new_000016,Sphere,44.5,54.0,0.7009092642998509,0.7132504491541816
Sphere_new_000017,Sphere,215.4,60.7,-0.5792811723426788,-0.8151277957285542
Sphere_new_000018,Sphere,176.0,57.9,0.06975647374412552,-0.9975640502598242
Sphere_new_000019,Sphere,0.5,42.9,0.008726535498373935,0.9999619230641713
Sphere_new_000020,Sphere,136.2,43.1,0.6921431738704068,-0.7217602280983622
Sphere_new_000021,Sphere,126.3,48.8,0.8059282822485158,-0.5920131787992196
Sphere_new_000022,Sphere,279.8,66.2,-0.9854078984834902,0.1702094991660324
Sphere_new_000023,Sphere,308.9,40.2,-0.7782431485260214,0.6279630576493374
Sphere_new_000024,Sphere,118.8,67.7,0.8763066800438637,-0.48175367410171505
Sphere_new_000025,Sphere,181.2,36.0,-0.020942419883356867,-0.9997806834748455
Sphere_new_000026,Sphere,211.9,43.6,-0.528438334722347,-0.8489716876291415
Sphere_new_000027,Sphere,61.2,37.3,0.8763066800438637,0.48175367410171516
Sphere_new_000028,Sphere,111.6,55.0,0.9297764858882515,-0.36812455268467775
Sphere_new_000029,Sphere,324.9,68.5,-0.5750052520432788,0.8181497174250233
Sphere_new_000030,Sphere,203.0,40.3,-0.39073112848927355,-0.9205048534524404
Sphere_new_000031,Sphere,119.0,40.1,0.8746197071393959,-0.484809620246337
Sphere_new_000032,Sphere,82.5,59.8,0.9914448613738104,0.1305261922200517
Sphere_new_000033,Sphere,272.9,42.4,-0.9987193571841863,0.050592940076712646
Sphere_new_000034,Sphere,74.3,57.8,0.9626917464264787,0.27060044597586375
Sphere_new_000035,Sphere,301.8,66.5,-0.849892692986864,0.5269557954966775
Sphere_new_000036,Sphere,28.4,67.7,0.4756242090702752,0.8796485728666166
Sphere_new_000037,Sphere,227.0,55.3,-0.7313537016191705,-0.6819983600624986
Sphere_new_000038,Sphere,329.1,62.6,-0.5135412520581697,0.8580649057236448
Sphere_new_000039,Sphere,133.2,60.0,0.7289686274214118,-0.6845471059286884
Sphere_new_000040,Sphere,188.0,60.2,-0.13917310096006552,-0.9902680687415703
Sphere_new_000041,Sphere,47.2,67.3,0.7337298645028764,0.6794413042615165
Sphere_new_000042,Sphere,149.3,67.7,0.5105429179116054,-0.8598522715968736
Sphere_new_000043,Sphere,346.0,43.0,-0.24192189559966787,0.9702957262759965
Sphere_new_000044,Sphere,352.6,30.9,-0.1287955965775621,0.9916711623830905
Sphere_new_000045,Sphere,28.7,62.6,0.48022349744318893,0.8771461637055887
Sphere_new_000046,Sphere,16.5,60.3,0.28401534470392265,0.958819734868193
Sphere_new_000047,Sphere,170.5,40.9,0.16504760586067765,-0.9862856015372314
Sphere_new_000048,Sphere,115.9,39.2,0.8995577789551802,-0.43680178836770245
Sphere_new_000049,Sphere,116.6,58.2,0.8941542368393682,-0.4477590878387696
Sphere_new_000050,Sphere,4.9,49.4,0.08541692313736747,0.9963452961909064
Sphere_new_000051,Sphere,317.6,52.4,-0.674302387583723,0.7384553406258841
Sphere_new_000052,Sphere,129.7,57.3,0.7693995550468952,-0.6387678175155976
Sphere_new_000053,Sphere,86.0,39.9,0.9975640502598242,0.06975647374412523
Sphere_new_000054,Sphere,293.5,43.9,-0.917060074385124,0.39874906892524625
Sphere_new_000055,Sphere,184.1,48.8,-0.07149744433268579,-0.997440782930944
Sphere_new_000056,Sphere,50.0,62.2,0.766044443118978,0.6427876096865394
Sphere_new_000057,Sphere,36.2,56.9,0.5906056676199254,0.8069603121438019
Sphere_new_000058,Sphere,340.6,67.5,-0.33216113188370294,0.9432226579476011
Sphere_new_000059,Sphere,221.0,34.6,-0.656059028990507,-0.7547095802227721
Sphere_new_000060,Sphere,265.3,57.9,-0.9966373868180366,-0.08193850863004044
Sphere_new_000061,Sphere,43.7,35.6,0.6908824110768584,0.7229671459095681
Sphere_new_000062,Sphere,26.0,36.4,0.4383711467890774,0.898794046299167
Sphere_new_000063,Sphere,75.0,54.0,0.9659258262890683,0.25881904510252074
Sphere_new_000064,Sphere,218.9,56.8,-0.6279630576493381,-0.7782431485260208
Sphere_new_000065,Sphere,321.8,38.5,-0.6184083953575539,0.7858568931754021
Sphere_new_000066,Sphere,21.0,56.1,0.35836794954530027,0.9335804264972017
Sphere_new_000067,Sphere,97.1,48.5,0.9923319378854888,-0.12360147674049249
Sphere_new_000068,Sphere,265.6,65.7,-0.9970527522269202,-0.0767190281268185
Sphere_new_000069,Sphere,311.8,46.4,-0.7454759996828624,0.6665324702494523
Sphere_new_000070,Sphere,282.4,68.8,-0.9766722783341679,0.21473532716706287
Sphere_new_000071,Sphere,162.9,67.6,0.2940403252323037,-0.9557930147983302
Sphere_new_000072,Sphere,13.2,44.1,0.22835087011065572,0.9735789028731603
Sphere_new_000073,Sphere,75.2,32.8,0.9668233886044594,0.2554457579357905
Sphere_new_000074,Sphere,133.5,44.3,0.7253743710122879,-0.6883545756937538
Sphere_new_000075,Sphere,155.3,59.9,0.4178670738010767,-0.9085081775267219
Sphere_new_000076,Sphere,287.3,42.3,-0.9547607995027976,0.2973748740777857
Sphere_new_000077,Sphere,29.5,48.5,0.49242356010346716,0.8703556959398997
Sphere_new_000078,Sphere,118.0,48.7,0.8829475928589269,-0.4694715627858909
Sphere_new_000079,Sphere,241.3,56.4,-0.8771461637055887,-0.480223497443189
Sphere_new_000080,Sphere,29.9,30.4,0.49848773975383026,0.8668967489356028
Sphere_new_000081,Sphere,221.9,68.6,-0.6678325554710467,-0.744311546231154
Sphere_new_000082,Sphere,117.4,39.3,0.8878153851364013,-0.4601997847838516
Sphere_new_000083,Sphere,323.7,34.0,-0.5920131787992194,0.8059282822485159
Sphere_new_000084,Sphere,105.2,32.5,0.9650164944723114,-0.2621891786408648
Sphere_new_000085,Sphere,125.0,32.5,0.8191520442889917,-0.5735764363510462
Sphere_new_000086,Sphere,248.1,73.3,-0.9278362538989199,-0.3729877825758093
Sphere_new_000087,Sphere,141.0,39.5,0.6293203910498374,-0.7771459614569709
Sphere_new_000088,Sphere,196.5,50.0,-0.28401534470392276,-0.958819734868193
Sphere_new_000089,Sphere,184.1,49.6,-0.07149744433268579,-0.997440782930944
Sphere_new_000090,Sphere,106.2,36.6,0.9602936856769431,-0.27899110603922933
Sphere_new_000091,Sphere,150.8,66.5,0.48785965913873264,-0.8729220772698097
Sphere_new_000092,Sphere,148.5,41.9,0.5224985647159489,-0.8526401643540922
Sphere_new_000093,Sphere,58.8,70.5,0.8553642601605066,0.5180270093731303
Sphere_new_000094,Sphere,226.3,64.0,-0.7229671459095683,-0.6908824110768582
Sphere_new_000095,Sphere,118.0,43.9,0.8829475928589269,-0.4694715627858909
Sphere_new_000096,Sphere,45.2,62.5,0.709570736536521,0.7046342099635946
Sphere_new_000097,Sphere,169.0,66.0,0.19080899537654497,-0.981627183447664
Sphere_new_000098,Sphere,313.5,44.9,-0.7253743710122879,0.6883545756937537
Sphere_new_000099,Sphere,37.4,58.9,0.6073758397232867,0.7944146205354181
Sphere_new_000100,Sphere,166.9,65.4,0.22665130743685516,-0.9739759672790516
Sphere_new_000101,Sphere,235.3,68.2,-0.8221440410307376,-0.569279523430844
Sphere_new_000102,Sphere,337.2,56.7,-0.38751558645210327,0.9218631515885004
Sphere_new_000103,Sphere,166.9,64.0,0.22665130743685516,-0.9739759672790516
Sphere_new_000104,Sphere,205.6,60.6,-0.43208574880198236,-0.9018325264051138
Sphere_new_000105,Sphere,3.1,31.8,0.05407881298477529,0.9985366703262117
Sphere_new_000106,Sphere,351.9,55.0,-0.140901231937583,0.9900236577165575
Sphere_new_000107,Sphere,177.8,59.9,0.03838780908751989,-0.9992629164106211
Sphere_new_000108,Sphere,257.8,59.9,-0.9774158942860959,-0.2113247964553889
Sphere_new_000109,Sphere,217.3,41.1,-0.6059884002657112,-0.7954734808548958
Sphere_new_000110,Sphere,292.2,58.7,-0.9258705848099948,0.37784078681846683
Sphere_new_000111,Sphere,194.5,72.6,-0.25038000405444155,-0.9681476403781077
Sphere_new_000112,Sphere,311.7,32.8,-0.7466381822853915,0.6652303546543606
Sphere_new_000113,Sphere,99.6,72.6,0.985996037070505,-0.16676874671610223
Sphere_new_000114,Sphere,333.2,73.9,-0.45087754068943114,0.8925858184521253
Sphere_new_000115,Sphere,266.4,74.7,-0.9980267284282716,-0.0627905195293141
Sphere_new_000116,Sphere,78.9,67.0,0.9812926639922451,0.19252196652590745
Sphere_new_000117,Sphere,45.2,59.7,0.709570736536521,0.7046342099635946
Sphere_new_000118,Sphere,117.3,52.7,0.8886172326549487,-0.458649554484315
Sphere_new_000119,Sphere,279.9,38.5,-0.985109326154774,0.17192910027940927
Sphere_new_000120,Sphere,169.2,67.0,0.18738131458572502,-0.9822872507286886
Sphere_new_000121,Sphere,122.2,58.2,0.846193166127564,-0.5328762760707301
Sphere_new_000122,Sphere,158.2,57.0,0.3713678355502352,-0.9284858268809134
Sphere_new_000123,Sphere,167.3,31.5,0.2198462043528372,-0.9755345439458567
Sphere_new_000124,Sphere,59.8,49.1,0.8642748019537047,0.5030199466302352
Sphere_new_000125,Sphere,346.9,40.5,-0.22665130743685527,0.9739759672790516
Sphere_new_000126,Sphere,211.0,64.3,-0.5150380749100542,-0.8571673007021123
Sphere_new_000127,Sphere,154.1,41.4,0.4368017883677022,-0.8995577789551803
Sphere_new_000128,Sphere,181.3,70.6,-0.0226873335727816,-0.9997426093226983
Sphere_new_000129,Sphere,67.0,70.9,0.9205048534524404,0.3907311284892737
Sphere_new_000130,Sphere,305.7,60.4,-0.8120835268918062,0.5835412113561176
Sphere_new_000131,Sphere,207.9,60.4,-0.46792981426057356,-0.8837656300886934
Sphere_new_000132,Sphere,312.3,39.6,-0.7396310949786097,0.6730125135097734
Sphere_new_000133,Sphere,186.6,43.8,-0.11493715049286643,-0.9933727656003964
Sphere_new_000134,Sphere,150.4,72.4,0.49394186658423095,-0.869494929505219
Sphere_new_000135,Sphere,30.8,53.0,0.5120428648705715,0.8589598969306644
Sphere_new_000136,Sphere,105.1,42.2,0.9654726308792251,-0.2605045086426483
Sphere_new_000137,Sphere,41.4,60.0,0.6613118653236518,0.7501110696304596
Sphere_new_000138,Sphere,46.5,71.8,0.7253743710122876,0.688354575693754
Sphere_new_000139,Sphere,54.8,34.7,0.8171448983351285,0.5764323161697933
Sphere_new_000140,Sphere,292.1,73.8,-0.9265286308718371,0.37622426313936624
Sphere_new_000141,Sphere,16.0,34.7,0.27563735581699916,0.9612616959383189
Sphere_new_000142,Sphere,28.9,48.1,0.4832823832550023,0.8754645270000179
Sphere_new_000143,Sphere,178.0,56.3,0.03489949670250114,-0.9993908270190958
Sphere_new_000144,Sphere,2.4,50.4,0.04187565372919962,0.9991228300988584
Sphere_new_000145,Sphere,269.0,70.8,-0.9998476951563913,-0.017452406437283498
Sphere_new_000146,Sphere,114.3,59.0,0.9114032766354453,-0.41151435860510877
Sphere_new_000147,Sphere,185.7,40.8,-0.09931974974363891,-0.9950555699612263
Sphere_new_000148,Sphere,186.3,73.4,-0.10973431109104541,-0.9939609554551797
Sphere_new_000149,Sphere,197.4,33.8,-0.2990407922560867,-0.9542403285162768
Sphere_new_000150,Sphere,147.4,37.0,0.5387707850068629,-0.8424523970071477
Sphere_new_000151,Sphere,194.9,61.9,-0.25713279315469634,-0.9663760793213293
Sphere_new_000152,Sphere,340.3,64.3,-0.33709525842308224,0.9414705448120378
Sphere_new_000153,Sphere,174.1,30.2,0.10279253678724674,-0.9947028171171742
Sphere_new_000154,Sphere,234.2,55.5,-0.8110638189893264,-0.5849576749872157
Sphere_new_000155,Sphere,234.6,32.3,-0.8151277957285543,-0.5792811723426787
Sphere_new_000156,Sphere,200.7,56.9,-0.35347484377925675,-0.9354440308298675
Sphere_new_000157,Sphere,211.7,53.1,-0.5254716510722675,-0.8508111094240514
Sphere_new_000158,Sphere,206.1,34.1,-0.4399391698559151,-0.8980275757606156
Sphere_new_000159,Sphere,102.8,63.3,0.9751493543055633,-0.22154849761946732
Sphere_new_000160,Sphere,70.7,61.8,0.9438009515832294,0.330514392713223
Sphere_new_000161,Sphere,286.7,30.8,-0.957822494845315,0.28736051984971145
Sphere_new_000162,Sphere,355.1,62.2,-0.08541692313736683,0.9963452961909065
Sphere_new_000163,Sphere,69.3,62.0,0.9354440308298674,0.35347484377925714
Sphere_new_000164,Sphere,170.8,48.1,0.15988118769183476,-0.9871362650729879
Sphere_new_000165,Sphere,301.2,57.9,-0.8553642601605068,0.51802700937313
Sphere_new_000166,Sphere,315.2,35.6,-0.7046342099635949,0.7095707365365206
Sphere_new_000167,Sphere,353.0,42.5,-0.12186934340514723,0.9925461516413221
Sphere_new_000168,Sphere,140.1,71.8,0.6414496315691581,-0.7671651518152994
Sphere_new_000169,Sphere,93.9,40.0,0.9976842788356053,-0.0680152906652483
Sphere_new_000170,Sphere,51.8,41.0,0.7858568931754019,0.6184083953575542
Sphere_new_000171,Sphere,113.6,54.6,0.9163627295622396,-0.4003490325568948
Sphere_new_000172,Sphere,23.3,39.7,0.39554550256296495,0.9184463813430872
Sphere_new_000173,Sphere,276.6,31.6,-0.9933727656003963,0.11493715049286725
Sphere_new_000174,Sphere,240.7,32.7,-0.8720692724321204,-0.48938245174884654
Sphere_new_000175,Sphere,308.6,49.2,-0.7815204724188184,0.6238795967093866
Sphere_new_000176,Sphere,112.7,59.2,0.9225380894562464,-0.3859060423243186
Sphere_new_000177,Sphere,120.4,62.0,0.8625136692072574,-0.506033764121164
Sphere_new_000178,Sphere,249.8,46.7,-0.938493022759556,-0.3452981989985342
Sphere_new_000179,Sphere,268.4,44.0,-0.9996101150403544,-0.027921638723569103
Sphere_new_000180,Sphere,84.7,37.8,0.9957246981845821,0.09237058744656165
Sphere_new_000181,Sphere,81.0,53.6,0.9876883405951378,0.15643446504023092
Sphere_new_000182,Sphere,26.5,68.1,0.44619781310980877,0.8949343616020251
Sphere_new_000183,Sphere,118.1,54.5,0.8821268660176678,-0.47101188121941007
Sphere_new_000184,Sphere,230.3,40.7,-0.7693995550468953,-0.6387678175155974
Sphere_new_000185,Sphere,301.3,45.7,-0.8544588301328072,0.5195191118795097
Sphere_new_000186,Sphere,345.6,64.4,-0.2486898871648545,0.9685831611286312
Sphere_new_000187,Sphere,173.8,67.1,0.1079993557060229,-0.9941509639723154
Sphere_new_000188,Sphere,69.4,32.7,0.9360595357389733,0.3518416484047017
Sphere_new_000189,Sphere,243.2,53.2,-0.8925858184521253,-0.4508775406894311
Sphere_new_000190,Sphere,274.9,64.3,-0.9963452961909064,0.08541692313736729
Sphere_new_000191,Sphere,298.8,35.0,-0.8763066800438634,0.4817536741017157
Sphere_new_000192,Sphere,316.4,59.7,-0.6896195437356704,0.7241718614374669
Sphere_new_000193,Sphere,217.9,72.2,-0.6142852000989433,-0.7890840848346906
Sphere_new_000194,Sphere,268.1,36.7,-0.9994502159417572,-0.03315517838852618
Sphere_new_000195,Sphere,38.0,46.5,0.6156614753256583,0.7880107536067219
Sphere_new_000196,Sphere,311.5,57.7,-0.7489557207890021,0.6626200482157375
Sphere_new_000197,Sphere,165.3,46.7,0.25375794458480533,-0.9672677527758768
Sphere_new_000198,Sphere,334.8,58.7,-0.4257792915650722,0.9048270524660197
Sphere_new_000199,Sphere,95.5,64.2,0.9953961983671789,-0.09584575252022395
Sphere_new_000200,Sphere,105.6,45.9,0.9631625667976582,-0.2689198206152656
Sphere_new_000201,Sphere,237.6,60.5,-0.8443279255020149,-0.5358267949789971
Sphere_new_000202,Sphere,328.4,43.3,-0.5239859059700797,0.8517269341430473
Sphere_new_000203,Sphere,229.7,38.3,-0.7626683296956883,-0.6467897795104595
Sphere_new_000204,Sphere,264.9,42.2,-0.9960410654107695,-0.08889429686644237
Sphere_new_000205,Sphere,135.7,69.3,0.6984152854310062,-0.7156927337037355
Sphere_new_000206,Sphere,181.9,55.2,-0.033155178388526316,-0.9994502159417572
Sphere_new_000207,Sphere,333.3,38.3,-0.4493189986158963,0.8933713883278377
Sphere_new_000208,Sphere,246.6,46.7,-0.9177546256839809,-0.3971478906347811
Sphere_new_000209,Sphere,302.7,32.9,-0.8415107819453063,0.5402403204776549
Sphere_new_000210,Sphere,259.3,56.8,-0.9826127965436152,-0.1856666153855773
Sphere_new_000211,Sphere,121.2,31.8,0.8553642601605067,-0.5180270093731301
Sphere_new_000212,Sphere,282.8,35.7,-0.9751493543055632,0.22154849761946743
Sphere_new_000213,Sphere,38.7,57.6,0.6252426563357052,0.7804304073383297
Sphere_new_000214,Sphere,101.9,36.7,0.9785089851017784,-0.20620418539662974
Sphere_new_000215,Sphere,97.5,54.0,0.9914448613738104,-0.1305261922200516
Sphere_new_000216,Sphere,167.8,30.3,0.2113247964553884,-0.977415894286096
Sphere_new_000217,Sphere,219.2,35.5,-0.6320293026648508,-0.7749444887041796
Sphere_new_000218,Sphere,50.8,62.1,0.7749444887041795,0.6320293026648509
Sphere_new_000219,Sphere,277.7,37.5,-0.9909831997148364,0.13398618541829152
Sphere_new_000220,Sphere,212.5,70.7,-0.5372996083468239,-0.8433914458128856
Sphere_new_000221,Sphere,134.7,52.4,0.7107994738729926,-0.7033947028105038
Sphere_new_000222,Sphere,41.4,60.7,0.6613118653236518,0.7501110696304596
Sphere_new_000223,Sphere,222.8,57.5,-0.6794413042615165,-0.7337298645028764
Sphere_new_000224,Sphere,20.0,62.0,0.3420201433256687,0.9396926207859084
Sphere_new_000225,Sphere,291.0,52.3,-0.9335804264972017,0.3583679495453004
Sphere_new_000226,Sphere,247.7,56.2,-0.9252097183857821,-0.379456159529005
Sphere_new_000227,Sphere,323.5,69.6,-0.594822786751341,0.8038568606172175
Sphere_new_000228,Sphere,152.6,52.1,0.46019978478385176,-0.8878153851364012
Sphere_new_000229,Sphere,248.4,38.7,-0.9297764858882515,-0.3681245526846778
Sphere_new_000230,Sphere,355.4,34.8,-0.0801989243288595,0.9967788784562471
Sphere_new_000231,Sphere,199.2,41.8,-0.3288666467385831,-0.9443763702374811
Sphere_new_000232,Sphere,97.1,74.1,0.9923319378854888,-0.12360147674049249
Sphere_new_000233,Sphere,183.1,66.5,-0.054078812984775355,-0.9985366703262117
Sphere_new_000234,Sphere,17.2,62.4,0.29570805004404666,0.9552783621223436
Sphere_new_000235,Sphere,24.6,67.2,0.4162807922604012,0.9092361090470685
Sphere_new_000236,Sphere,346.0,32.2,-0.24192189559966787,0.9702957262759965
Sphere_new_000237,Sphere,149.2,57.7,0.5120428648705719,-0.8589598969306642
Sphere_new_000238,Sphere,133.6,49.9,0.7241718614374677,-0.6896195437356696
Sphere_new_000239,Sphere,337.8,33.2,-0.3778407868184672,0.9258705848099947
Sphere_new_000240,Sphere,131.8,34.4,0.745475999682862,-0.6665324702494527
Sphere_new_000241,Sphere,237.6,53.3,-0.8443279255020149,-0.5358267949789971
Sphere_new_000242,Sphere,182.2,36.1,-0.038387809087519646,-0.9992629164106213
Sphere_new_000243,Sphere,201.7,33.1,-0.36974675727382916,-0.9291325715340562
Sphere_new_000244,Sphere,67.0,61.7,0.9205048534524404,0.3907311284892737
Sphere_new_000245,Sphere,272.8,64.1,-0.998806137341434,0.04884976979561359
Sphere_new_000246,Sphere,100.0,62.8,0.984807753012208,-0.1736481776669303
Sphere_new_000247,Sphere,110.2,41.7,0.9384930227595559,-0.34529819899853464
Sphere_new_000248,Sphere,342.2,41.0,-0.3056953049631061,0.9521293927421386
Sphere_new_000249,Sphere,29.8,31.1,0.49697396102755537,0.8677654533689284
Sphere_new_000250,Sphere,54.7,69.5,0.8161375900801602,0.5778576243835054
Sphere_new_000251,Sphere,313.8,45.9,-0.721760228098362,0.6921431738704069
Sphere_new_000252,Sphere,0.8,56.4,0.013962180339145272,0.9999025240093042
Sphere_new_000253,Sphere,278.3,69.6,-0.9895257890689695,0.1443562010009729
Sphere_new_000254,Sphere,245.6,62.8,-0.910683660806177,-0.41310442982454204
Sphere_new_000255,Sphere,189.3,60.7,-0.16160382110336113,-0.9868557164068072
Sphere_new_000256,Sphere,302.7,50.6,-0.8415107819453063,0.5402403204776549
Sphere_new_000257,Sphere,21.3,44.8,0.36325123047297836,0.9316912275855489
Sphere_new_000258,Sphere,155.8,36.8,0.4099230338415728,-0.912120116172273
Sphere_new_000259,Sphere,172.5,55.0,0.13052619222005157,-0.9914448613738104
Sphere_new_000260,Sphere,163.0,55.6,0.2923717047227366,-0.9563047559630355
Sphere_new_000261,Sphere,302.8,73.2,-0.8405666034956845,0.5417082102827396
Sphere_new_000262,Sphere,215.1,67.4,-0.5750052520432786,-0.8181497174250235
Sphere_new_000263,Sphere,283.9,70.7,-0.9707164815781908,0.24022804247726354
Sphere_new_000264,Sphere,55.2,37.8,0.821149209133704,0.5707135676844317
Sphere_new_000265,Sphere,186.1,45.9,-0.10626407133623313,-0.9943379441332046
Sphere_new_000266,Sphere,353.0,65.9,-0.12186934340514723,0.9925461516413221
Sphere_new_000267,Sphere,236.6,46.5,-0.8348478632634063,-0.5504807400849958
Sphere_new_000268,Sphere,27.9,48.2,0.46792981426057334,0.8837656300886935
Sphere_new_000269,Sphere,320.3,46.8,-0.6387678175155975,0.7693995550468952
Sphere_new_000270,Sphere,31.0,71.5,0.5150380749100542,0.8571673007021123
Sphere_new_000271,Sphere,179.3,53.1,0.012217000835246974,-0.999925369660452
Sphere_new_000272,Sphere,63.6,71.2,0.8957117602394129,0.4446351791849275
Sphere_new_000273,Sphere,194.2,52.5,-0.24530738587880213,-0.969445349895139
Sphere_new_000274,Sphere,355.4,40.1,-0.0801989243288595,0.9967788784562471
Sphere_new_000275,Sphere,25.5,56.1,0.43051109680829514,0.9025852843498606
Sphere_new_000276,Sphere,341.8,74.8,-0.31233491851223255,0.9499720515246525
Sphere_new_000277,Sphere,128.5,74.9,0.782608156852414,-0.6225146366376194
Sphere_new_000278,Sphere,242.5,39.8,-0.8870108331782215,-0.46174861323503436
Sphere_new_000279,Sphere,249.4,62.9,-0.9360595357389733,-0.35184164840470183
Sphere_new_000280,Sphere,77.2,50.6,0.9751493543055633,0.22154849761946724
Sphere_new_000281,Sphere,171.5,47.9,0.14780941112961082,-0.9890158633619168
Sphere_new_000282,Sphere,45.9,42.3,0.7181262977631888,0.6959127965923143
Sphere_new_000283,Sphere,99.1,55.9,0.9874138067509115,-0.15815806725448336
Sphere_new_000284,Sphere,111.7,46.4,0.9291325715340562,-0.36974675727382944
Sphere_new_000285,Sphere,141.0,47.2,0.6293203910498374,-0.7771459614569709
Sphere_new_000286,Sphere,204.4,58.3,-0.41310442982454176,-0.9106836608061771
Sphere_new_000287,Sphere,266.1,60.3,-0.9976842788356053,-0.06801529066524767
Sphere_new_000288,Sphere,233.5,53.3,-0.8038568606172171,-0.5948227867513417
Sphere_new_000289,Sphere,294.5,69.7,-0.9099612708765432,0.4146932426562389
Sphere_new_000290,Sphere,145.3,74.8,0.569279523430844,-0.8221440410307376
Sphere_new_000291,Sphere,176.5,35.0,0.06104853953485675,-0.998134798421867
Sphere_new_000292,Sphere,334.2,67.5,-0.43523109937232807,0.9003187714021932
Sphere_new_000293,Sphere,306.3,38.8,-0.8059282822485155,0.5920131787992198
Sphere_new_000294,Sphere,18.2,45.2,0.31233491851223255,0.9499720515246525
Sphere_new_000295,Sphere,355.2,69.8,-0.08367784333231584,0.9964928592495043
Sphere_new_000296,Sphere,170.6,50.9,0.16332596224162238,-0.9865721616069694
Sphere_new_000297,Sphere,12.3,73.5,0.21303038627497659,0.9770455744352636
Sphere_new_000298,Sphere,318.6,68.0,-0.6613118653236516,0.7501110696304597
Sphere_new_000299,Sphere,309.7,65.2,-0.7693995550468955,0.6387678175155972
Sphere_new_000300,Sphere,83.1,42.7,0.9927573419294455,0.12013683883464721
Sphere_new_000301,Sphere,99.8,41.3,0.9854078984834901,-0.1702094991660325
Sphere_new_000302,Sphere,264.8,74.7,-0.9958843986159703,-0.09063258019778002
Sphere_new_000303,Sphere,260.6,50.5,-0.9865721616069695,-0.163325962241622
Sphere_new_000304,Sphere,202.9,72.9,-0.3891239501402061,-0.9211854055657213
Sphere_new_000305,Sphere,356.6,59.3,-0.05930637357596173,0.9982398279237653
Sphere_new_000306,Sphere,321.8,47.3,-0.6184083953575539,0.7858568931754021
Sphere_new_000307,Sphere,50.3,62.1,0.7693995550468951,0.6387678175155977
Sphere_new_000308,Sphere,12.3,64.8,0.21303038627497659,0.9770455744352636
Sphere_new_000309,Sphere,198.8,74.1,-0.3222656952305114,-0.9466492601156963
Sphere_new_000310,Sphere,97.2,54.8,0.9921147013144778,-0.12533323356430437
Sphere_new_000311,Sphere,98.1,74.5,0.9900236577165576,-0.14090123193758247
Sphere_new_000312,Sphere,273.7,68.5,-0.997915618272179,0.06453230825295732
Sphere_new_000313,Sphere,286.9,47.4,-0.9568135840576076,0.2907021935982517
Sphere_new_000314,Sphere,344.8,71.9,-0.26218917864086444,0.9650164944723115
Sphere_new_000315,Sphere,241.8,65.8,-0.8813034520649924,-0.4725507648690538
Sphere_new_000316,Sphere,61.6,56.1,0.8796485728666165,0.4756242090702753
Sphere_new_000317,Sphere,120.2,50.8,0.8642748019537047,-0.5030199466302351
Sphere_new_000318,Sphere,302.2,31.9,-0.8461931661275643,0.5328762760707295
Sphere_new_000319,Sphere,50.0,50.7,0.766044443118978,0.6427876096865394
Sphere_new_000320,Sphere,305.7,34.7,-0.8120835268918062,0.5835412113561176
Sphere_new_000321,Sphere,341.1,32.5,-0.32391741819814956,0.9460853588275453
Sphere_new_000322,Sphere,320.1,49.2,-0.6414496315691575,0.7671651518152999
Sphere_new_000323,Sphere,255.1,64.0,-0.9663760793213293,-0.25713279315469617
Sphere_new_000324,Sphere,294.7,68.3,-0.908508177526722,0.4178670738010764
Sphere_new_000325,Sphere,255.9,47.0,-0.9698720152847468,-0.2436150117860225
Sphere_new_000326,Sphere,168.0,53.9,0.20791169081775931,-0.9781476007338057
Sphere_new_000327,Sphere,177.5,55.8,0.04361938736533607,-0.9990482215818578
Sphere_new_000328,Sphere,119.9,30.9,0.8668967489356029,-0.4984877397538302
Sphere_new_000329,Sphere,242.8,41.2,-0.8894163732912975,-0.4570979270586941
Sphere_new_000330,Sphere,30.7,45.4,0.5105429179116057,0.8598522715968735
Sphere_new_000331,Sphere,107.2,70.4,0.9552783621223437,-0.2957080500440466
Sphere_new_000332,Sphere,163.7,64.0,0.280666708920788,-0.9598052919751868
Sphere_new_000333,Sphere,53.5,51.6,0.8038568606172173,0.5948227867513414
Sphere_new_000334,Sphere,329.2,70.9,-0.512042864870572,0.8589598969306641
Sphere_new_000335,Sphere,353.2,36.8,-0.1184039683065009,0.9929655081065369
Sphere_new_000336,Sphere,124.0,50.0,0.8290375725550417,-0.5591929034707467
Sphere_new_000337,Sphere,319.1,70.4,-0.6547408137173393,0.75585346916764
Sphere_new_000338,Sphere,178.7,48.6,0.0226873335727814,-0.9997426093226983
Sphere_new_000339,Sphere,70.3,58.7,0.941470544812038,0.3370952584230821
Sphere_new_000340,Sphere,9.1,62.6,0.15815806725448353,0.9874138067509114
Sphere_new_000341,Sphere,210.4,70.8,-0.506033764121164,-0.8625136692072574
Sphere_new_000342,Sphere,146.7,68.8,0.549022817998132,-0.83580736136827
Sphere_new_000343,Sphere,122.6,68.2,0.8424523970071475,-0.5387707850068632
Sphere_new_000344,Sphere,181.4,38.2,-0.024432178152653285,-0.9997014897811831
Sphere_new_000345,Sphere,346.2,38.2,-0.23853345757858122,0.971134279909636
Sphere_new_000346,Sphere,336.5,31.4,-0.39874906892524664,0.9170600743851238
Sphere_new_000347,Sphere,128.1,44.7,0.7869350219613374,-0.6170358751407485
Sphere_new_000348,Sphere,298.3,43.0,-0.8804773535091619,0.4740882090471164
Sphere_new_000349,Sphere,300.1,53.4,-0.8651514205697045,0.5015107371594574
Sphere_new_000350,Sphere,209.0,51.3,-0.48480962024633695,-0.8746197071393959
Sphere_new_000351,Sphere,60.7,42.4,0.8720692724321206,0.48938245174884626
Sphere_new_000352,Sphere,81.5,72.4,0.9890158633619168,0.14780941112961055
Sphere_new_000353,Sphere,262.3,65.5,-0.9909831997148363,-0.13398618541829188
Sphere_new_000354,Sphere,334.5,54.8,-0.4305110968082952,0.9025852843498605
Sphere_new_000355,Sphere,307.6,50.6,-0.7922896433551903,0.6101451639012682
Sphere_new_000356,Sphere,314.2,43.3,-0.716910607650483,0.6971651028545643
Sphere_new_000357,Sphere,335.6,35.2,-0.4131044298245413,0.9106836608061774
Sphere_new_000358,Sphere,53.3,32.5,0.8017756442437539,0.5976251469755212
Sphere_new_000359,Sphere,17.6,72.0,0.3023698907504445,0.953190667792947
Sphere_new_000360,Sphere,218.7,30.4,-0.6252426563357049,-0.78043040733833
Sphere_new_000361,Sphere,14.9,31.3,0.2571327931546962,0.9663760793213293
Sphere_new_000362,Sphere,180.8,62.2,-0.013962180339145612,-0.9999025240093042
Sphere_new_000363,Sphere,45.6,43.6,0.7144726796328034,0.6996633405133654
Sphere_new_000364,Sphere,38.3,30.9,0.61977903179514,0.784776370533083
Sphere_new_000365,Sphere,271.7,67.9,-0.999559860119384,0.029666244085110503
Sphere_new_000366,Sphere,152.4,49.1,0.4632960351198616,-0.8862035792312147
Sphere_new_000367,Sphere,229.5,70.0,-0.7604059656000312,-0.6494480483301834
Sphere_new_000368,Sphere,240.5,48.6,-0.8703556959398996,-0.4924235601034672
Sphere_new_000369,Sphere,36.8,39.0,0.5990235985155858,0.8007313709487335
Sphere_new_000370,Sphere,351.5,45.7,-0.14780941112961052,0.9890158633619168
Sphere_new_000371,Sphere,342.9,56.6,-0.2940403252323043,0.95579301479833
Sphere_new_000372,Sphere,341.5,71.0,-0.31730465640509187,0.9483236552061994
Sphere_new_000373,Sphere,53.4,43.0,0.8028174751911145,0.5962248749656158
Sphere_new_000374,Sphere,243.7,32.4,-0.8964864303834406,-0.44307119082417973
Sphere_new_000375,Sphere,307.8,51.7,-0.7901550123756901,0.6129070536529769
Sphere_new_000376,Sphere,180.2,30.8,-0.0034906514152233926,-0.9999939076577904
Sphere_new_000377,Sphere,135.4,57.4,0.7021530529951625,-0.7120260459909964
Sphere_new_000378,Sphere,112.1,32.0,0.9265286308718373,-0.3762242631393655
Sphere_new_000379,Sphere,95.3,39.9,0.9957246981845821,-0.09237058744656154
Sphere_new_000380,Sphere,276.6,42.7,-0.9933727656003963,0.11493715049286725
Sphere_new_000381,Sphere,306.9,31.0,-0.7996846584870907,0.6004202253258838
Sphere_new_000382,Sphere,183.2,48.1,-0.05582150499316376,-0.998440764181981
Sphere_new_000383,Sphere,106.1,32.9,0.9607791541575942,-0.2773146533023776
Sphere_new_000384,Sphere,230.9,64.4,-0.7760464070665457,-0.6306758074312865
Sphere_new_000385,Sphere,286.5,72.9,-0.9588197348681932,0.2840153447039223
Sphere_new_000386,Sphere,139.7,50.1,0.6467897795104598,-0.7626683296956881
Sphere_new_000387,Sphere,162.5,60.2,0.30070579950427334,-0.9537169507482268
Sphere_new_000388,Sphere,170.3,56.6,0.1684893795650024,-0.9857034690888536
Sphere_new_000389,Sphere,358.8,68.4,-0.02094241988335679,0.9997806834748455
Sphere_new_000390,Sphere,289.1,38.2,-0.9449489121575307,0.3272178989791043
Sphere_new_000391,Sphere,130.4,55.6,0.7615383075367367,-0.6481199010631309
Sphere_new_000392,Sphere,193.5,63.9,-0.23344536385590528,-0.9723699203976767
Sphere_new_000393,Sphere,149.4,37.9,0.5090414157503711,-0.8607420270039438
Sphere_new_000394,Sphere,322.3,66.0,-0.6115270401858313,0.7912235329674899
Sphere_new_000395,Sphere,178.8,42.6,0.020942419883356666,-0.9997806834748455
Sphere_new_000396,Sphere,141.4,54.9,0.6238795967093861,-0.7815204724188188
Sphere_new_000397,Sphere,202.3,47.7,-0.3794561595290052,-0.925209718385782
Sphere_new_000398,Sphere,152.1,39.9,0.4679298142605734,-0.8837656300886935
Sphere_new_000399,Sphere,3.9,58.3,0.06801529066524817,0.9976842788356053
Sphere_new_000400,Sphere,56.4,65.0,0.8329212407100994,0.5533915492433441
Sphere_new_000401,Sphere,256.6,74.1,-0.9727758782093966,-0.23174790349415716
Sphere_new_000402,Sphere,163.0,70.2,0.2923717047227366,-0.9563047559630355
Sphere_new_000403,Sphere,219.4,46.2,-0.6347305132022677,-0.772733573497351
Sphere_new_000404,Sphere,240.6,71.9,-0.8712138111201894,-0.49090375361514105
Sphere_new_000405,Sphere,335.1,74.0,-0.42103581336749085,0.907044014291465
Sphere_new_000406,Sphere,66.4,49.2,0.9163627295622396,0.4003490325568949
Sphere_new_000407,Sphere,242.0,67.9,-0.882947592858927,-0.46947156278589075
Sphere_new_000408,Sphere,343.4,40.1,-0.2856883674049744,0.958322574465133
Sphere_new_000409,Sphere,232.9,64.7,-0.7975839288252285,-0.6032079877452824
Sphere_new_000410,Sphere,163.9,68.3,0.27731465330237776,-0.9607791541575942
Sphere_new_000411,Sphere,189.6,43.4,-0.16676874671610195,-0.985996037070505
Sphere_new_000412,Sphere,35.2,72.4,0.5764323161697933,0.8171448983351285
Sphere_new_000413,Sphere,298.2,44.0,-0.8813034520649925,0.47255076486905345
Sphere_new_000414,Sphere,99.9,35.7,0.9851093261547739,-0.1719291002794096
Sphere_new_000415,Sphere,5.9,34.5,0.10279253678724681,0.9947028171171742
Sphere_new_000416,Sphere,174.6,53.9,0.09410831331851435,-0.99556196460308
Sphere_new_000417,Sphere,30.7,64.3,0.5105429179116057,0.8598522715968735
Sphere_new_000418,Sphere,221.2,55.8,-0.6586894601186801,-0.7524149088957247
Sphere_new_000419,Sphere,110.9,36.3,0.9342044743210295,-0.3567379993196253
Sphere_new_000420,Sphere,151.3,73.7,0.48022349744318893,-0.8771461637055887
Sphere_new_000421,Sphere,151.7,51.1,0.4740882090471163,-0.880477353509162
Sphere_new_000422,Sphere,211.4,35.3,-0.5210096318405764,-0.8535507972753275
Sphere_new_000423,Sphere,57.7,62.9,0.8452618332218561,0.5343523493898265
Sphere_new_000424,Sphere,114.8,64.7,0.9077774785329086,-0.4194520824461772
Sphere_new_000425,Sphere,49.1,62.4,0.7558534691676395,0.6547408137173397
Sphere_new_000426,Sphere,138.9,73.8,0.6573752457940957,-0.7535633923016379
Sphere_new_000427,Sphere,1.1,68.8,0.01919744239968967,0.9998157121216442
Sphere_new_000428,Sphere,288.4,74.1,-0.9488760116444968,0.3156490369471019
Sphere_new_000429,Sphere,82.2,66.0,0.9907478404714436,0.1357155724343044
Sphere_new_000430,Sphere,339.8,49.3,-0.34529819899853426,0.938493022759556
Sphere_new_000431,Sphere,325.7,38.0,-0.5635260489375716,0.8260982944957638
Sphere_new_000432,Sphere,331.9,54.8,-0.47101188121941073,0.8821268660176674
Sphere_new_000433,Sphere,232.2,36.5,-0.7901550123756904,-0.6129070536529765
Sphere_new_000434,Sphere,213.2,64.9,-0.54756322349255,-0.8367643134589619
Sphere_new_000435,Sphere,206.4,63.3,-0.44463517918492756,-0.8957117602394128
Sphere_new_000436,Sphere,300.9,66.6,-0.858064905723645,0.5135412520581694
Sphere_new_000437,Sphere,131.2,48.5,0.7524149088957246,-0.6586894601186802
Sphere_new_000438,Sphere,105.0,53.0,0.9659258262890683,-0.25881904510252085
Sphere_new_000439,Sphere,126.7,62.7,0.801775644243754,-0.5976251469755212
Sphere_new_000440,Sphere,213.0,35.3,-0.5446390350150271,-0.838670567945424
Sphere_new_000441,Sphere,12.8,49.3,0.2215484976194673,0.9751493543055633
Sphere_new_000442,Sphere,113.4,59.5,0.9177546256839811,-0.3971478906347807
Sphere_new_000443,Sphere,106.8,57.6,0.9573194975320672,-0.2890317969444715
Sphere_new_000444,Sphere,231.8,67.6,-0.7858568931754022,-0.6184083953575538
Sphere_new_000445,Sphere,278.6,41.3,-0.9887563810470058,0.14953534344370978
Sphere_new_000446,Sphere,5.0,54.1,0.08715574274765817,0.9961946980917455
Sphere_new_000447,Sphere,104.3,43.0,0.9690157314068695,-0.24699901272274286
Sphere_new_000448,Sphere,0.5,48.5,0.008726535498373935,0.9999619230641713
Sphere_new_000449,Sphere,14.6,68.0,0.25206935824311366,0.9677091704819712
Sphere_new_000450,Sphere,202.1,73.2,-0.37622426313936547,-0.9265286308718373
Sphere_new_000451,Sphere,356.7,60.2,-0.0575640269595675,0.9983418166140283
Sphere_new_000452,Sphere,282.9,60.6,-0.974761194191222,0.22325011601095052
Sphere_new_000453,Sphere,209.5,50.2,-0.49242356010346694,-0.8703556959398998
Sphere_new_000454,Sphere,88.0,63.3,0.9993908270190958,0.03489949670250108
Sphere_new_000455,Sphere,50.7,33.2,0.7738402097265061,0.6333808726275502
Sphere_new_000456,Sphere,65.2,55.3,0.9077774785329087,0.4194520824461771
Sphere_new_000457,Sphere,95.9,69.6,0.9947028171171742,-0.10279253678724679
Sphere_new_000458,Sphere,149.4,72.9,0.5090414157503711,-0.8607420270039438
Sphere_new_000459,Sphere,195.4,30.7,-0.26555611748680885,-0.9640954042341101
Sphere_new_000460,Sphere,73.6,65.5,0.9593139745400575,0.2823414568428765
Sphere_new_000461,Sphere,131.0,67.2,0.7547095802227721,-0.6560590289905072
Sphere_new_000462,Sphere,216.5,40.4,-0.5948227867513411,-0.8038568606172175
Sphere_new_000463,Sphere,104.3,62.6,0.9690157314068695,-0.24699901272274286
Sphere_new_000464,Sphere,291.0,36.9,-0.9335804264972017,0.3583679495453004
Sphere_new_000465,Sphere,311.6,38.1,-0.747798090498532,0.6639262126522415
Sphere_new_000466,Sphere,68.5,43.8,0.9304175679820246,0.3665012267242973
Sphere_new_000467,Sphere,296.4,39.6,-0.895711760239413,0.44463517918492707
Sphere_new_000468,Sphere,62.8,50.4,0.8894163732912975,0.45709792705869423
Sphere_new_000469,Sphere,211.7,61.5,-0.5254716510722675,-0.8508111094240514
Sphere_new_000470,Sphere,228.4,72.6,-0.747798090498532,-0.6639262126522415
Sphere_new_000471,Sphere,78.5,70.5,0.9799247046208296,0.1993679344171972
Sphere_new_000472,Sphere,121.0,53.2,0.8571673007021123,-0.5150380749100543
Sphere_new_000473,Sphere,239.6,37.7,-0.8625136692072575,-0.5060337641211639
Sphere_new_000474,Sphere,109.7,34.6,0.9414705448120378,-0.33709525842308213
Sphere_new_000475,Sphere,196.7,52.6,-0.28736051984971195,-0.9578224948453149
Sphere_new_000476,Sphere,180.5,40.3,-0.008726535498373713,-0.9999619230641713
Sphere_new_000477,Sphere,237.8,55.1,-0.8461931661275641,-0.5328762760707298
Sphere_new_000478,Sphere,298.0,41.5,-0.8829475928589271,0.4694715627858904
Sphere_new_000479,Sphere,172.0,58.3,0.13917310096006533,-0.9902680687415704
Sphere_new_000480,Sphere,166.7,47.5,0.23004973718810473,-0.9731788727770881
Sphere_new_000481,Sphere,228.4,43.0,-0.747798090498532,-0.6639262126522415
Sphere_new_000482,Sphere,95.0,59.6,0.9961946980917455,-0.08715574274765824
Sphere_new_000483,Sphere,268.1,56.9,-0.9994502159417572,-0.03315517838852618
Sphere_new_000484,Sphere,327.0,59.0,-0.544639035015027,0.838670567945424
Sphere_new_000485,Sphere,269.6,36.6,-0.9999756307053947,-0.006981260297961302
Sphere_new_000486,Sphere,12.8,69.4,0.2215484976194673,0.9751493543055633
Sphere_new_000487,Sphere,10.5,47.2,0.18223552549214747,0.9832549075639546
Sphere_new_000488,Sphere,192.6,63.4,-0.2181432413965425,-0.9759167619387474
Sphere_new_000489,Sphere,218.9,50.2,-0.6279630576493381,-0.7782431485260208
Sphere_new_000490,Sphere,209.5,41.6,-0.49242356010346694,-0.8703556959398998
Sphere_new_000491,Sphere,294.6,55.4,-0.9092361090470683,0.41628079226040177
Sphere_new_000492,Sphere,44.9,40.3,0.705871570678681,0.7083398377245289
Sphere_new_000493,Sphere,268.6,49.0,-0.9997014897811831,-0.024432178152652702
Sphere_new_000494,Sphere,114.6,35.5,0.9092361090470686,-0.41628079226040104
Sphere_new_000495,Sphere,189.2,31.6,-0.15988118769183451,-0.987136265072988
Sphere_new_000496,Sphere,137.3,40.5,0.6781596698680705,-0.7349145951499599
Sphere_new_000497,Sphere,162.2,34.4,0.305695304963106,-0.9521293927421386
Sphere_new_000498,Sphere,140.1,64.4,0.6414496315691581,-0.7671651518152994
Sphere_new_000499,Sphere,312.1,54.9,-0.7419758409756162,0.6704266189587993
Sphere_new_000500,Sphere,170.3,46.9,0.1684893795650024,-0.9857034690888536
Sphere_new_000501,Sphere,51.2,33.1,0.7793379649314741,0.6266038113644605
Sphere_new_000502,Sphere,293.5,43.1,-0.917060074385124,0.39874906892524625
Sphere_new_000503,Sphere,341.9,62.5,-0.3106764296307319,0.9505157316277837
Sphere_new_000504,Sphere,173.3,49.0,0.11667073709933312,-0.9931706495384861
Sphere_new_000505,Sphere,159.5,51.7,0.35020738125946754,-0.9366721892483976
Sphere_new_000506,Sphere,237.8,49.0,-0.8461931661275641,-0.5328762760707298
Sphere_new_000507,Sphere,126.6,57.1,0.8028174751911147,-0.5962248749656156
Sphere_new_000508,Sphere,162.7,42.1,0.29737487407778634,-0.9547607995027974
Sphere_new_000509,Sphere,121.0,35.9,0.8571673007021123,-0.5150380749100543
Sphere_new_000510,Sphere,300.3,54.4,-0.8633955506067718,0.504527623815019
Sphere_new_000511,Sphere,183.6,70.5,-0.06279051952931335,-0.9980267284282716
Sphere_new_000512,Sphere,352.3,31.8,-0.13398618541829194,0.9909831997148363
Sphere_new_000513,Sphere,191.8,66.5,-0.2044960518417903,-0.978867388761685
Sphere_new_000514,Sphere,124.0,68.8,0.8290375725550417,-0.5591929034707467
Sphere_new_000515,Sphere,5.7,63.5,0.09931974974363901,0.9950555699612263
Sphere_new_000516,Sphere,68.6,73.5,0.9310558158625283,0.3648767843376198
Sphere_new_000517,Sphere,353.6,46.9,-0.11146893220632499,0.9937679191605965
Sphere_new_000518,Sphere,348.0,39.7,-0.20791169081775987,0.9781476007338056
Sphere_new_000519,Sphere,161.6,32.6,0.31564903694710256,-0.9488760116444965
Sphere_new_000520,Sphere,328.4,72.2,-0.5239859059700797,0.8517269341430473
Sphere_new_000521,Sphere,347.7,54.5,-0.21303038627497678,0.9770455744352636
Sphere_new_000522,Sphere,255.3,54.4,-0.9672677527758767,-0.25375794458480583
Sphere_new_000523,Sphere,119.0,46.9,0.8746197071393959,-0.484809620246337
Sphere_new_000524,Sphere,336.4,67.4,-0.4003490325568953,0.9163627295622394
Sphere_new_000525,Sphere,46.7,32.1,0.7277727576572105,0.6858183529273763
Sphere_new_000526,Sphere,64.0,54.3,0.898794046299167,0.43837114678907746
Sphere_new_000527,Sphere,56.0,32.1,0.8290375725550417,0.5591929034707468
Sphere_new_000528,Sphere,266.9,30.6,-0.9985366703262117,-0.05407881298477566
Sphere_new_000529,Sphere,253.3,49.5,-0.9578224948453149,-0.28736051984971184
Sphere_new_000530,Sphere,33.7,53.5,0.5548444274479993,0.8319541221304825
Sphere_new_000531,Sphere,264.1,73.5,-0.9947028171171742,-0.1027925367872468
Sphere_new_000532,Sphere,223.4,72.4,-0.6870875108044232,-0.7265746709709757
Sphere_new_000533,Sphere,0.1,63.7,0.0017453283658983088,0.9999984769132877
Sphere_new_000534,Sphere,224.5,57.3,-0.7009092642998509,-0.7132504491541816
Sphere_new_000535,Sphere,142.3,67.1,0.6115270401858311,-0.79122353296749
Sphere_new_000536,Sphere,305.0,34.7,-0.8191520442889918,0.573576436351046
Sphere_new_000537,Sphere,310.6,50.0,-0.7592713073348807,0.650774217265851
Sphere_new_000538,Sphere,283.0,66.1,-0.9743700647852352,0.22495105434386492
Sphere_new_000539,Sphere,357.9,49.3,-0.03664370870655691,0.9993283937786562
Sphere_new_000540,Sphere,81.6,52.2,0.9892723329629883,0.14608302856241165
Sphere_new_000541,Sphere,307.4,61.9,-0.7944146205354187,0.607375839723286
Sphere_new_000542,Sphere,14.7,63.6,0.2537579445848056,0.9672677527758768
Sphere_new_000543,Sphere,344.3,35.4,-0.2706004459758637,0.9626917464264788
Sphere_new_000544,Sphere,185.9,49.7,-0.10279253678724694,-0.9947028171171742
Sphere_new_000545,Sphere,181.1,66.7,-0.01919744239968968,-0.9998157121216442
Sphere_new_000546,Sphere,93.2,50.3,0.998440764181981,-0.055821504993163816
Sphere_new_000547,Sphere,127.0,35.1,0.7986355100472927,-0.6018150231520484
Sphere_new_000548,Sphere,197.5,32.3,-0.30070579950427306,-0.9537169507482269
Sphere_new_000549,Sphere,93.5,60.1,0.998134798421867,-0.06104853953485678
Sphere_new_000550,Sphere,290.7,44.5,-0.9354440308298675,0.3534748437792567
Sphere_new_000551,Sphere,247.3,54.6,-0.9225380894562466,-0.3859060423243182
Sphere_new_000552,Sphere,10.5,60.4,0.18223552549214747,0.9832549075639546
Sphere_new_000553,Sphere,145.0,47.3,0.5735764363510459,-0.8191520442889919
Sphere_new_000554,Sphere,17.7,53.6,0.30403306092549026,0.9526614812535863
Sphere_new_000555,Sphere,68.7,53.3,0.9316912275855489,0.36325123047297836
Sphere_new_000556,Sphere,45.2,73.1,0.709570736536521,0.7046342099635946
Sphere_new_000557,Sphere,179.9,52.1,0.0017453283658983227,-0.9999984769132877
Sphere_new_000558,Sphere,283.9,68.2,-0.9707164815781908,0.24022804247726354
Sphere_new_000559,Sphere,349.2,56.5,-0.18738131458572468,0.9822872507286887
Sphere_new_000560,Sphere,94.7,51.8,0.9966373868180366,-0.08193850863004087
Sphere_new_000561,Sphere,179.9,32.8,0.0017453283658983227,-0.9999984769132877
Sphere_new_000562,Sphere,227.4,48.8,-0.7360970871197342,-0.6768759696826608
Sphere_new_000563,Sphere,148.5,67.8,0.5224985647159489,-0.8526401643540922
Sphere_new_000564,Sphere,279.4,61.2,-0.9865721616069695,0.16332596224162163
Sphere_new_000565,Sphere,319.9,32.5,-0.6441236297613867,0.7649214009184316
Sphere_new_000566,Sphere,326.8,30.8,-0.54756322349255,0.8367643134589619
Sphere_new_000567,Sphere,338.0,51.7,-0.37460659341591235,0.9271838545667873
Sphere_new_000568,Sphere,17.1,72.4,0.294040325232304,0.9557930147983301
Sphere_new_000569,Sphere,186.7,31.6,-0.11667073709933287,-0.9931706495384861
Sphere_new_000570,Sphere,114.8,62.0,0.9077774785329086,-0.4194520824461772
Sphere_new_000571,Sphere,208.2,40.6,-0.4725507648690539,-0.8813034520649923
Sphere_new_000572,Sphere,256.6,64.6,-0.9727758782093966,-0.23174790349415716
Sphere_new_000573,Sphere,279.6,47.0,-0.9859960370705049,0.1667687467161023
Sphere_new_000574,Sphere,251.6,52.3,-0.9488760116444966,-0.3156490369471022
Sphere_new_000575,Sphere,233.3,49.9,-0.8017756442437538,-0.5976251469755214
Sphere_new_000576,Sphere,57.0,64.8,0.838670567945424,0.5446390350150271
Sphere_new_000577,Sphere,76.9,53.0,0.9739759672790517,0.22665130743685488
Sphere_new_000578,Sphere,260.8,68.6,-0.9871362650729879,-0.15988118769183482
Sphere_new_000579,Sphere,137.3,70.0,0.6781596698680705,-0.7349145951499599
Sphere_new_000580,Sphere,25.2,67.5,0.42577929156507266,0.9048270524660196
Sphere_new_000581,Sphere,238.8,50.2,-0.8553642601605066,-0.5180270093731303
Sphere_new_000582,Sphere,356.3,68.5,-0.06453230825295775,0.997915618272179
Sphere_new_000583,Sphere,89.0,39.1,0.9998476951563913,0.0174524064372836
Sphere_new_000584,Sphere,358.2,42.6,-0.03141075907812836,0.9995065603657316
Sphere_new_000585,Sphere,166.4,73.6,0.23514211310259003,-0.9719610005785463
Sphere_new_000586,Sphere,146.2,58.9,0.556295615500305,-0.8309844692743281
Sphere_new_000587,Sphere,352.7,71.7,-0.1270646086013508,0.9918944425900296
Sphere_new_000588,Sphere,310.7,32.9,-0.7581343361976522,0.6520984038303922
Sphere_new_000589,Sphere,330.6,39.0,-0.4909037536151403,0.8712138111201897
Sphere_new_000590,Sphere,150.1,71.2,0.4984877397538304,-0.8668967489356028
Sphere_new_000591,Sphere,108.9,43.8,0.9460853588275453,-0.32391741819814945
Sphere_new_000592,Sphere,329.3,44.9,-0.5105429179116056,0.8598522715968736
Sphere_new_000593,Sphere,164.1,49.6,0.2739592186924326,-0.9617413095492113
Sphere_new_000594,Sphere,4.9,39.9,0.08541692313736747,0.9963452961909064
Sphere_new_000595,Sphere,296.3,67.1,-0.8964864303834407,0.4430711908241794
Sphere_new_000596,Sphere,273.5,41.1,-0.998134798421867,0.06104853953485644
Sphere_new_000597,Sphere,78.4,62.9,0.9795752495993441,0.20107792114596457
Sphere_new_000598,Sphere,147.7,35.4,0.5343523493898265,-0.8452618332218561
Sphere_new_000599,Sphere,279.1,41.9,-0.9874138067509113,0.1581580672544841
Sphere_new_000600,Sphere,14.6,66.5,0.25206935824311366,0.9677091704819712
Sphere_new_000601,Sphere,29.5,74.2,0.49242356010346716,0.8703556959398997
Sphere_new_000602,Sphere,63.1,45.8,0.8917975296052141,0.45243470931178265
Sphere_new_000603,Sphere,267.4,74.7,-0.9989705697907146,-0.04536298812925469
Sphere_new_000604,Sphere,167.3,71.6,0.2198462043528372,-0.9755345439458567
Sphere_new_000605,Sphere,279.8,56.4,-0.9854078984834902,0.1702094991660324
Sphere_new_000606,Sphere,180.2,35.1,-0.0034906514152233926,-0.9999939076577904
Sphere_new_000607,Sphere,253.5,74.8,-0.958819734868193,-0.28401534470392265
Sphere_new_000608,Sphere,300.5,51.0,-0.8616291604415259,0.5075383629607038
Sphere_new_000609,Sphere,339.5,52.4,-0.35020738125946765,0.9366721892483976
Sphere_new_000610,Sphere,357.2,62.3,-0.04884976979561313,0.9988061373414341
Sphere_new_000611,Sphere,247.9,46.4,-0.9265286308718372,-0.37622426313936574
Sphere_new_000612,Sphere,129.3,71.0,0.773840209726506,-0.6333808726275504
Sphere_new_000613,Sphere,42.7,42.6,0.6781596698680706,0.7349145951499598
Sphere_new_000614,Sphere,81.7,52.2,0.9895257890689695,0.14435620100097316
Sphere_new_000615,Sphere,164.3,60.3,0.2706004459758636,-0.9626917464264788
Sphere_new_000616,Sphere,28.2,69.5,0.47255076486905395,0.8813034520649923
Sphere_new_000617,Sphere,57.9,74.8,0.8471219213821372,0.5313985795180829
Sphere_new_000618,Sphere,33.1,54.5,0.5461019610144291,0.8377187166204387
Sphere_new_000619,Sphere,36.0,42.5,0.5877852522924731,0.8090169943749475
Sphere_new_000620,Sphere,228.5,59.8,-0.7489557207890022,-0.6626200482157375
Sphere_new_000621,Sphere,38.1,43.3,0.6170358751407486,0.7869350219613372
Sphere_new_000622,Sphere,32.6,71.2,0.538770785006863,0.8424523970071476
Sphere_new_000623,Sphere,213.2,35.4,-0.54756322349255,-0.8367643134589619
Sphere_new_000624,Sphere,311.9,73.8,-0.7443115462311544,0.6678325554710464
Sphere_new_000625,Sphere,73.1,46.2,0.9568135840576074,0.2907021935982526
Sphere_new_000626,Sphere,35.3,37.8,0.5778576243835053,0.8161375900801603
Sphere_new_000627,Sphere,83.2,32.1,0.9929655081065369,0.11840396830650095
Sphere_new_000628,Sphere,347.6,38.0,-0.21473532716706328,0.9766722783341679
Sphere_new_000629,Sphere,355.1,45.1,-0.08541692313736683,0.9963452961909065
Sphere_new_000630,Sphere,352.7,68.3,-0.1270646086013508,0.9918944425900296
Sphere_new_000631,Sphere,292.6,35.6,-0.9232102171129809,0.3842953226598039
Sphere_new_000632,Sphere,30.4,34.0,0.5060337641211637,0.8625136692072575
Sphere_new_000633,Sphere,178.8,38.0,0.020942419883356666,-0.9997806834748455
Sphere_new_000634,Sphere,281.5,39.0,-0.9799247046208297,0.19936793441719694
Sphere_new_000635,Sphere,230.5,68.2,-0.77162458338772,-0.6360782202777638
Sphere_new_000636,Sphere,130.4,41.1,0.7615383075367367,-0.6481199010631309
Sphere_new_000637,Sphere,195.7,53.2,-0.27060044597586336,-0.9626917464264788
Sphere_new_000638,Sphere,328.2,36.2,-0.5269557954966778,0.8498926929868638
Sphere_new_000639,Sphere,236.8,55.7,-0.8367643134589619,-0.5475632234925499
Sphere_new_000640,Sphere,129.9,31.1,0.7671651518152995,-0.6414496315691579
Sphere_new_000641,Sphere,55.6,68.9,0.8251134982782952,0.564967003424938
Sphere_new_000642,Sphere,71.7,30.4,0.9494254776419039,0.3139924559674049
Sphere_new_000643,Sphere,312.4,36.7,-0.7384553406258838,0.6743023875837234
Sphere_new_000644,Sphere,211.7,60.1,-0.5254716510722675,-0.8508111094240514
Sphere_new_000645,Sphere,226.4,37.5,-0.7241718614374676,-0.6896195437356697
Sphere_new_000646,Sphere,262.4,49.9,-0.9912155402515416,-0.13225639025712324
Sphere_new_000647,Sphere,144.6,37.6,0.5792811723426791,-0.8151277957285541
Sphere_new_000648,Sphere,263.4,38.5,-0.9933727656003964,-0.11493715049286674
Sphere_new_000649,Sphere,231.5,53.2,-0.7826081568524138,-0.6225146366376196
Sphere_new_000650,Sphere,237.6,60.3,-0.8443279255020149,-0.5358267949789971
Sphere_new_000651,Sphere,273.7,42.7,-0.997915618272179,0.06453230825295732
Sphere_new_000652,Sphere,75.8,60.3,0.9694453498951389,0.24530738587880274
Sphere_new_000653,Sphere,310.0,58.1,-0.7660444431189781,0.6427876096865393
Sphere_new_000654,Sphere,0.6,44.1,0.010471784116245792,0.9999451693655121
Sphere_new_000655,Sphere,14.4,31.2,0.2486898871648548,0.9685831611286311
Sphere_new_000656,Sphere,133.3,63.7,0.7277727576572105,-0.6858183529273763
Sphere_new_000657,Sphere,109.0,40.9,0.9455185755993168,-0.32556815445715664
Sphere_new_000658,Sphere,324.1,41.5,-0.5863723567357888,0.8100416404457963
Sphere_new_000659,Sphere,290.0,46.6,-0.9396926207859083,0.342020143325669
Sphere_new_000660,Sphere,82.2,44.0,0.9907478404714436,0.1357155724343044
Sphere_new_000661,Sphere,59.9,54.9,0.8651514205697045,0.5015107371594574
Sphere_new_000662,Sphere,38.2,51.9,0.6184083953575542,0.7858568931754019
Sphere_new_000663,Sphere,194.0,34.2,-0.2419218955996675,-0.9702957262759965
Sphere_new_000664,Sphere,106.3,33.0,0.9598052919751869,-0.28066670892078777
Sphere_new_000665,Sphere,11.3,73.5,0.19594614424251772,0.980614658546613
Sphere_new_000666,Sphere,29.8,55.2,0.49697396102755537,0.8677654533689284
Sphere_new_000667,Sphere,277.4,30.3,-0.9916711623830905,0.12879559657756257
Sphere_new_000668,Sphere,320.3,30.1,-0.6387678175155975,0.7693995550468952
Sphere_new_000669,Sphere,219.1,49.5,-0.6306758074312863,-0.7760464070665459
Sphere_new_000670,Sphere,317.0,31.3,-0.6819983600624983,0.7313537016191707
Sphere_new_000671,Sphere,359.0,57.6,-0.01745240643728356,0.9998476951563913
Sphere_new_000672,Sphere,116.6,42.3,0.8941542368393682,-0.4477590878387696
Sphere_new_000673,Sphere,160.1,50.8,0.3403795502130504,-0.9402881270104189
Sphere_new_000674,Sphere,158.8,74.6,0.3616245700820921,-0.9323238012155123
Sphere_new_000675,Sphere,278.5,62.2,-0.9890158633619168,0.14780941112961096
Sphere_new_000676,Sphere,36.8,37.7,0.5990235985155858,0.8007313709487335
Sphere_new_000677,Sphere,310.0,36.5,-0.7660444431189781,0.6427876096865393
Sphere_new_000678,Sphere,350.4,62.2,-0.16676874671610273,0.9859960370705049
Sphere_new_000679,Sphere,62.1,45.3,0.8837656300886935,0.46792981426057334
Sphere_new_000680,Sphere,126.7,48.3,0.801775644243754,-0.5976251469755212
Sphere_new_000681,Sphere,95.5,74.1,0.9953961983671789,-0.09584575252022395
Sphere_new_000682,Sphere,310.1,70.8,-0.7649214009184314,0.644123629761387
Sphere_new_000683,Sphere,303.6,54.6,-0.8329212407100991,0.5533915492433445
Sphere_new_000684,Sphere,17.1,49.3,0.294040325232304,0.9557930147983301
Sphere_new_000685,Sphere,137.2,45.4,0.6794413042615167,-0.7337298645028763
Sphere_new_000686,Sphere,322.8,51.5,-0.6045991148623747,0.7965299180241964
Sphere_new_000687,Sphere,160.7,53.2,0.3305143927132231,-0.9438009515832294
Sphere_new_000688,Sphere,358.1,36.8,-0.03315517838852624,0.9994502159417572
Sphere_new_000689,Sphere,187.7,30.2,-0.13398618541829202,-0.9909831997148363
Sphere_new_000690,Sphere,66.1,34.6,0.9142539552342637,0.4051415867798626
Sphere_new_000691,Sphere,277.2,58.2,-0.9921147013144779,0.12533323356430423
Sphere_new_000692,Sphere,91.8,49.4,0.9995065603657316,-0.03141075907812828
Sphere_new_000693,Sphere,67.0,48.5,0.9205048534524404,0.3907311284892737
Sphere_new_000694,Sphere,303.7,67.3,-0.8319541221304828,0.554844427447999
Sphere_new_000695,Sphere,333.6,40.7,-0.44463517918492745,0.8957117602394129
Sphere_new_000696,Sphere,320.7,65.9,-0.6333808726275503,0.773840209726506
Sphere_new_000697,Sphere,128.7,53.9,0.7804304073383299,-0.6252426563357049
Sphere_new_000698,Sphere,239.3,65.2,-0.8598522715968736,-0.5105429179116054
Sphere_new_000699,Sphere,69.5,40.2,0.9366721892483976,0.35020738125946743
Sphere_new_000700,Sphere,334.4,42.6,-0.4320857488019831,0.9018325264051135
Sphere_new_000701,Sphere,355.8,68.3,-0.07323819712763181,0.9973144772244581
Sphere_new_000702,Sphere,19.0,64.2,0.3255681544571567,0.9455185755993168
Sphere_new_000703,Sphere,124.4,33.4,0.8251134982782952,-0.5649670034249379
Sphere_new_000704,Sphere,294.9,72.3,-0.9070440142914652,0.42103581336749046
Sphere_new_000705,Sphere,137.1,54.9,0.6807208689589179,-0.7325428987873787
Sphere_new_000706,Sphere,228.7,70.1,-0.7512641335035111,-0.6600016679609368
Sphere_new_000707,Sphere,184.2,42.7,-0.07323819712763145,-0.9973144772244581
Sphere_new_000708,Sphere,123.0,61.6,0.8386705679454239,-0.5446390350150271
Sphere_new_000709,Sphere,188.1,69.5,-0.1409012319375826,-0.9900236577165575
Sphere_new_000710,Sphere,194.7,61.0,-0.25375794458480555,-0.9672677527758768
Sphere_new_000711,Sphere,356.6,37.9,-0.05930637357596173,0.9982398279237653
Sphere_new_000712,Sphere,172.5,51.1,0.13052619222005157,-0.9914448613738104
Sphere_new_000713,Sphere,76.0,54.8,0.9702957262759965,0.24192189559966767
Sphere_new_000714,Sphere,95.3,73.8,0.9957246981845821,-0.09237058744656154
Sphere_new_000715,Sphere,197.1,52.5,-0.2940403252323039,-0.9557930147983301
Sphere_new_000716,Sphere,84.6,66.3,0.99556196460308,0.0941083133185145
Sphere_new_000717,Sphere,197.4,39.6,-0.2990407922560867,-0.9542403285162768
Sphere_new_000718,Sphere,197.9,32.3,-0.30735661779980705,-0.9515944038794382
Sphere_new_000719,Sphere,5.1,34.0,0.08889429686644151,0.9960410654107695
Sphere_new_000720,Sphere,123.9,49.4,0.8300122850953675,-0.5577451089796901
Sphere_new_000721,Sphere,245.4,71.7,-0.9092361090470685,-0.41628079226040127
Sphere_new_000722,Sphere,248.6,60.2,-0.9310558158625283,-0.3648767843376197
Sphere_new_000723,Sphere,207.0,31.6,-0.4539904997395467,-0.8910065241883679
Sphere_new_000724,Sphere,40.1,63.4,0.6441236297613865,0.7649214009184319
Sphere_new_000725,Sphere,0.3,56.0,0.00523596383141958,0.9999862922474267
Sphere_new_000726,Sphere,118.7,60.9,0.8771461637055888,-0.48022349744318876
Sphere_new_000727,Sphere,276.9,34.7,-0.9927573419294456,0.12013683883464653
Sphere_new_000728,Sphere,121.9,64.0,0.8489716876291415,-0.528438334722347
Sphere_new_000729,Sphere,119.5,61.2,0.8703556959398997,-0.492423560103467
Sphere_new_000730,Sphere,36.2,70.1,0.5906056676199254,0.8069603121438019
Sphere_new_000731,Sphere,27.0,48.7,0.45399049973954675,0.8910065241883679
Sphere_new_000732,Sphere,151.1,55.9,0.4832823832550026,-0.8754645270000178
Sphere_new_000733,Sphere,341.3,68.8,-0.3206129905856758,0.947210277746029
Sphere_new_000734,Sphere,263.3,31.6,-0.993170649538486,-0.11667073709933318
Sphere_new_000735,Sphere,332.5,64.5,-0.46174861323503363,0.8870108331782218
Sphere_new_000736,Sphere,49.1,71.2,0.7558534691676395,0.6547408137173397
Sphere_new_000737,Sphere,104.9,55.2,0.9663760793213293,-0.25713279315469617
Sphere_new_000738,Sphere,17.4,47.7,0.29904079225608665,0.9542403285162769
Sphere_new_000739,Sphere,125.8,47.1,0.8110638189893266,-0.5849576749872155
Sphere_new_000740,Sphere,53.4,40.0,0.8028174751911145,0.5962248749656158
Sphere_new_000741,Sphere,88.8,50.0,0.9997806834748455,0.02094241988335705
Sphere_new_000742,Sphere,169.9,61.4,0.17536672609198692,-0.9845031799744367
Sphere_new_000743,Sphere,142.8,50.0,0.6045991148623746,-0.7965299180241965
Sphere_new_000744,Sphere,137.6,32.6,0.6743023875837236,-0.7384553406258836
Sphere_new_000745,Sphere,119.3,62.5,0.8720692724321205,-0.4893824517488463
Sphere_new_000746,Sphere,338.2,73.2,-0.37136783555023534,0.9284858268809133
Sphere_new_000747,Sphere,333.7,34.4,-0.4430711908241798,0.8964864303834404
Sphere_new_000748,Sphere,127.7,62.5,0.7912235329674902,-0.611527040185831
Sphere_new_000749,Sphere,351.2,38.0,-0.15298583628403853,0.9882283814465528
Sphere_new_000750,Sphere,75.9,42.0,0.9698720152847469,0.24361501178602238
Sphere_new_000751,Sphere,126.4,73.2,0.8048937973559142,-0.5934188866037013
Sphere_new_000752,Sphere,274.0,71.2,-0.9975640502598243,0.06975647374412522
Sphere_new_000753,Sphere,315.0,51.7,-0.7071067811865477,0.7071067811865474
Sphere_new_000754,Sphere,173.9,68.4,0.10626407133623336,-0.9943379441332046
Sphere_new_000755,Sphere,12.5,55.7,0.21643961393810288,0.9762960071199334
Sphere_new_000756,Sphere,17.1,46.7,0.294040325232304,0.9557930147983301
Sphere_new_000757,Sphere,223.4,35.9,-0.6870875108044232,-0.7265746709709757
Sphere_new_000758,Sphere,5.8,55.5,0.10105629718294634,0.9948807088287882
Sphere_new_000759,Sphere,29.0,34.7,0.48480962024633706,0.8746197071393957
Sphere_new_000760,Sphere,43.1,59.2,0.6832737736807992,0.7301622766207523
Sphere_new_000761,Sphere,60.5,53.6,0.8703556959398997,0.4924235601034671
Sphere_new_000762,Sphere,28.1,33.2,0.47101188121941,0.8821268660176678
Sphere_new_000763,Sphere,284.3,53.3,-0.9690157314068695,0.24699901272274316
Sphere_new_000764,Sphere,174.2,50.8,0.10105629718294638,-0.9948807088287882
Sphere_new_000765,Sphere,32.9,50.1,0.5431744499506707,0.8396198645344132
Sphere_new_000766,Sphere,43.9,70.4,0.693401828275813,0.7205511116803305
Sphere_new_000767,Sphere,104.2,41.5,0.9694453498951389,-0.24530738587880263
Sphere_new_000768,Sphere,76.8,35.8,0.9735789028731602,0.22835087011065588
Sphere_new_000769,Sphere,211.0,38.2,-0.5150380749100542,-0.8571673007021123
Sphere_new_000770,Sphere,349.5,44.6,-0.18223552549214783,0.9832549075639545
Sphere_new_000771,Sphere,103.5,45.2,0.9723699203976767,-0.23344536385590534
Sphere_new_000772,Sphere,295.0,35.9,-0.9063077870366499,0.4226182617406996
Sphere_new_000773,Sphere,78.8,35.6,0.9809551553491915,0.1942343512199721
Sphere_new_000774,Sphere,57.3,63.5,0.8415107819453062,0.5402403204776551
Sphere_new_000775,Sphere,99.7,33.6,0.9857034690888535,-0.16848937956500265
Sphere_new_000776,Sphere,327.0,49.2,-0.544639035015027,0.838670567945424
Sphere_new_000777,Sphere,158.2,66.4,0.3713678355502352,-0.9284858268809134
Sphere_new_000778,Sphere,4.6,62.7,0.08019892432885892,0.9967788784562471
Sphere_new_000779,Sphere,356.2,57.6,-0.0662739004000007,0.99780146829205
Sphere_new_000780,Sphere,62.0,49.9,0.8829475928589269,0.46947156278589086
Sphere_new_000781,Sphere,188.9,69.8,-0.15471038629946807,-0.9879598657693891
Sphere_new_000782,Sphere,232.7,56.7,-0.7954734808548956,-0.6059884002657114
Sphere_new_000783,Sphere,233.3,47.2,-0.8017756442437538,-0.5976251469755214
Sphere_new_000784,Sphere,241.7,61.4,-0.8804773535091617,-0.47408820904711674
Sphere_new_000785,Sphere,196.1,38.2,-0.27731465330237753,-0.9607791541575942
Sphere_new_000786,Sphere,23.6,72.0,0.40034903255689497,0.9163627295622396
Sphere_new_000787,Sphere,325.9,35.2,-0.5606389945632422,0.8280603346224942
Sphere_new_000788,Sphere,216.2,72.7,-0.5906056676199251,-0.8069603121438021
Sphere_new_000789,Sphere,227.1,65.8,-0.7325428987873787,-0.6807208689589179
Sphere_new_000790,Sphere,153.3,43.9,0.4493189986158966,-0.8933713883278376
Sphere_new_000791,Sphere,326.1,56.0,-0.55774510897969,0.8300122850953675
Sphere_new_000792,Sphere,146.8,72.2,0.5475632234925503,-0.8367643134589616
Sphere_new_000793,Sphere,273.6,58.7,-0.9980267284282716,0.06279051952931372
Sphere_new_000794,Sphere,123.7,61.6,0.8319541221304825,-0.5548444274479994
Sphere_new_000795,Sphere,311.7,32.7,-0.7466381822853915,0.6652303546543606
Sphere_new_000796,Sphere,33.6,65.5,0.5533915492433441,0.8329212407100994
Sphere_new_000797,Sphere,103.6,49.7,0.9719610005785463,-0.23514211310258984
Sphere_new_000798,Sphere,16.2,57.2,0.2789911060392293,0.9602936856769431
Sphere_new_000799,Sphere,170.0,55.7,0.17364817766693028,-0.984807753012208
Sphere_new_000800,Sphere,73.5,42.1,0.958819734868193,0.28401534470392276
Sphere_new_000801,Sphere,254.2,30.9,-0.9622179935292854,-0.27228024704057424
Sphere_new_000802,Sphere,106.1,64.9,0.9607791541575942,-0.2773146533023776
Sphere_new_000803,Sphere,6.3,37.4,0.10973431109104527,0.9939609554551797
Sphere_new_000804,Sphere,179.7,31.8,0.005235963831419821,-0.9999862922474267
Sphere_new_000805,Sphere,298.7,38.3,-0.8771461637055888,0.4802234974431887
Sphere_new_000806,Sphere,269.1,68.2,-0.9998766324816606,-0.01570731731182077
Sphere_new_000807,Sphere,32.1,33.4,0.5313985795180829,0.8471219213821372
Sphere_new_000808,Sphere,74.6,69.9,0.9640954042341101,0.265556117486809
Sphere_new_000809,Sphere,68.0,72.7,0.9271838545667874,0.37460659341591196
Sphere_new_000810,Sphere,251.9,72.6,-0.9505157316277837,-0.31067642963073183
Sphere_new_000811,Sphere,242.9,69.4,-0.8902128046111265,-0.4555449072335156
Sphere_new_000812,Sphere,210.4,66.5,-0.506033764121164,-0.8625136692072574
Sphere_new_000813,Sphere,178.4,69.1,0.02792163872356904,-0.9996101150403544
Sphere_new_000814,Sphere,88.9,32.4,0.9998157121216442,0.01919744239968964
Sphere_new_000815,Sphere,222.6,68.7,-0.6768759696826606,-0.7360970871197344
Sphere_new_000816,Sphere,171.8,59.3,0.1426289337055113,-0.989776230907789
Sphere_new_000817,Sphere,142.7,47.6,0.6059884002657114,-0.7954734808548956
Sphere_new_000818,Sphere,34.4,51.3,0.5649670034249379,0.8251134982782952
Sphere_new_000819,Sphere,29.2,34.0,0.4878596591387327,0.8729220772698096
Sphere_new_000820,Sphere,206.0,71.6,-0.43837114678907746,-0.8987940462991669
Sphere_new_000821,Sphere,118.7,65.7,0.8771461637055888,-0.48022349744318876
Sphere_new_000822,Sphere,101.9,59.8,0.9785089851017784,-0.20620418539662974
Sphere_new_000823,Sphere,343.4,32.7,-0.2856883674049744,0.958322574465133
Sphere_new_000824,Sphere,75.8,42.8,0.9694453498951389,0.24530738587880274
Sphere_new_000825,Sphere,146.8,55.3,0.5475632234925503,-0.8367643134589616
Sphere_new_000826,Sphere,52.8,39.9,0.7965299180241963,0.6045991148623749
Sphere_new_000827,Sphere,159.6,67.4,0.34857204732181535,-0.9372819894918915
Sphere_new_000828,Sphere,169.8,32.5,0.177084740319583,-0.984195607969242
Sphere_new_000829,Sphere,215.5,34.4,-0.5807029557109398,-0.8141155183563192
Sphere_new_000830,Sphere,121.0,35.7,0.8571673007021123,-0.5150380749100543
Sphere_new_000831,Sphere,298.5,43.8,-0.8788171126619654,0.47715876025960835
Sphere_new_000832,Sphere,14.7,67.2,0.2537579445848056,0.9672677527758768
Sphere_new_000833,Sphere,130.6,37.6,0.7592713073348809,-0.6507742172658508
Sphere_new_000834,Sphere,276.0,53.1,-0.9945218953682734,0.10452846326765299
Sphere_new_000835,Sphere,172.2,57.2,0.13571557243430446,-0.9907478404714436
Sphere_new_000836,Sphere,248.7,31.6,-0.9316912275855489,-0.36325123047297847
Sphere_new_000837,Sphere,5.9,40.1,0.10279253678724681,0.9947028171171742
Sphere_new_000838,Sphere,186.0,53.8,-0.1045284632676535,-0.9945218953682733
Sphere_new_000839,Sphere,315.5,52.4,-0.7009092642998508,0.7132504491541817
Sphere_new_000840,Sphere,309.4,46.9,-0.7727335734973513,0.6347305132022674
Sphere_new_000841,Sphere,17.9,39.0,0.30735661779980705,0.9515944038794382
Sphere_new_000842,Sphere,327.0,31.9,-0.544639035015027,0.838670567945424
Sphere_new_000843,Sphere,186.7,40.0,-0.11667073709933287,-0.9931706495384861
Sphere_new_000844,Sphere,185.9,64.0,-0.10279253678724694,-0.9947028171171742
Sphere_new_000845,Sphere,349.5,71.9,-0.18223552549214783,0.9832549075639545
Sphere_new_000846,Sphere,44.6,45.8,0.7021530529951624,0.7120260459909965
Sphere_new_000847,Sphere,106.4,52.2,0.9593139745400575,-0.28234145684287654
Sphere_new_000848,Sphere,336.2,49.8,-0.40354529635239017,0.9149596678498247
Sphere_new_000849,Sphere,127.8,50.1,0.7901550123756905,-0.6129070536529763
Sphere_new_000850,Sphere,55.5,53.7,0.8241261886220157,0.5664062369248328
Sphere_new_000851,Sphere,131.4,40.0,0.7501110696304594,-0.661311865323652
Sphere_new_000852,Sphere,352.2,33.1,-0.13571557243430504,0.9907478404714435
Sphere_new_000853,Sphere,28.9,36.9,0.4832823832550023,0.8754645270000179
Sphere_new_000854,Sphere,87.9,54.3,0.9993283937786562,0.036643708706556276
Sphere_new_000855,Sphere,166.9,58.9,0.22665130743685516,-0.9739759672790516
Sphere_new_000856,Sphere,116.5,50.4,0.894934361602025,-0.4461978131098088
Sphere_new_000857,Sphere,89.8,70.9,0.9999939076577904,0.0034906514152237985
Sphere_new_000858,Sphere,160.1,55.5,0.3403795502130504,-0.9402881270104189
Sphere_new_000859,Sphere,22.1,52.8,0.37622426313936563,0.9265286308718373
Sphere_new_000860,Sphere,74.7,60.6,0.9645574184577981,0.26387304996537275
Sphere_new_000861,Sphere,158.5,53.9,0.36650122672429714,-0.9304175679820246
Sphere_new_000862,Sphere,194.2,34.9,-0.24530738587880213,-0.969445349895139
Sphere_new_000863,Sphere,14.1,62.5,0.2436150117860225,0.9698720152847468
Sphere_new_000864,Sphere,270.6,68.9,-0.9999451693655121,0.010471784116245846
Sphere_new_000865,Sphere,323.5,53.1,-0.594822786751341,0.8038568606172175
Sphere_new_000866,Sphere,149.2,35.9,0.5120428648705719,-0.8589598969306642
Sphere_new_000867,Sphere,293.7,35.8,-0.9156625933395611,0.40194777665596
Sphere_new_000868,Sphere,4.6,45.2,0.08019892432885892,0.9967788784562471
Sphere_new_000869,Sphere,59.1,71.2,0.8580649057236446,0.5135412520581701
Sphere_new_000870,Sphere,98.3,38.3,0.9895257890689695,-0.14435620100097324
Sphere_new_000871,Sphere,220.6,32.3,-0.6507742172658507,-0.759271307334881
Sphere_new_000872,Sphere,85.6,74.2,0.9970527522269202,0.07671902812681881
Sphere_new_000873,Sphere,123.8,69.7,0.8309844692743282,-0.5562956155003048
Sphere_new_000874,Sphere,132.5,32.8,0.7372773368101241,-0.6755902076156602
Sphere_new_000875,Sphere,145.2,68.5,0.5707135676844317,-0.821149209133704
Sphere_new_000876,Sphere,109.2,36.2,0.9443763702374811,-0.3288666467385832
Sphere_new_000877,Sphere,227.3,32.4,-0.7349145951499599,-0.6781596698680706
Sphere_new_000878,Sphere,48.9,31.0,0.7535633923016378,0.6573752457940958
Sphere_new_000879,Sphere,148.1,39.2,0.5284383347223472,-0.8489716876291414
Sphere_new_000880,Sphere,344.6,31.9,-0.2655561174868083,0.9640954042341102
Sphere_new_000881,Sphere,125.9,59.8,0.810041640445796,-0.5863723567357894
Sphere_new_000882,Sphere,147.0,49.9,0.5446390350150273,-0.8386705679454239
Sphere_new_000883,Sphere,92.1,32.8,0.9993283937786562,-0.03664370870655615
Sphere_new_000884,Sphere,127.4,37.4,0.794414620535418,-0.6073758397232868
Sphere_new_000885,Sphere,22.6,49.3,0.38429532265980376,0.9232102171129809
Sphere_new_000886,Sphere,300.8,44.5,-0.8589598969306643,0.5120428648705716
Sphere_new_000887,Sphere,310.2,37.2,-0.7637960286346424,0.6454576877239503
Sphere_new_000888,Sphere,132.4,43.8,0.7384553406258838,-0.6743023875837234
Sphere_new_000889,Sphere,290.8,57.3,-0.9348256763960143,0.3551069624081373
Sphere_new_000890,Sphere,338.6,35.0,-0.3648767843376198,0.9310558158625283
Sphere_new_000891,Sphere,244.6,67.9,-0.9033352928633007,-0.428935133403146
Sphere_new_000892,Sphere,212.7,66.2,-0.5402403204776549,-0.8415107819453063
Sphere_new_000893,Sphere,255.2,32.6,-0.9668233886044594,-0.2554457579357906
Sphere_new_000894,Sphere,234.7,40.0,-0.8161375900801602,-0.5778576243835054
Sphere_new_000895,Sphere,346.7,68.7,-0.23004973718810443,0.9731788727770883
Sphere_new_000896,Sphere,97.6,60.9,0.9912155402515417,-0.13225639025712235
Sphere_new_000897,Sphere,59.0,63.5,0.8571673007021123,0.5150380749100542
Sphere_new_000898,Sphere,125.7,36.3,0.8120835268918064,-0.5835412113561174
Sphere_new_000899,Sphere,97.0,41.8,0.9925461516413221,-0.12186934340514737
Sphere_new_000900,Sphere,235.3,30.5,-0.8221440410307376,-0.569279523430844
Sphere_new_000901,Sphere,348.4,72.7,-0.20107792114596473,0.9795752495993441
Sphere_new_000902,Sphere,348.4,41.2,-0.20107792114596473,0.9795752495993441
Sphere_new_000903,Sphere,264.5,30.6,-0.9953961983671787,-0.09584575252022441
Sphere_new_000904,Sphere,337.8,36.0,-0.3778407868184672,0.9258705848099947
Sphere_new_000905,Sphere,226.8,38.1,-0.7289686274214116,-0.6845471059286886
Sphere_new_000906,Sphere,353.2,72.8,-0.1184039683065009,0.9929655081065369
Sphere_new_000907,Sphere,243.2,50.1,-0.8925858184521253,-0.4508775406894311
Sphere_new_000908,Sphere,322.7,42.3,-0.6059884002657115,0.7954734808548956
Sphere_new_000909,Sphere,178.4,69.1,0.02792163872356904,-0.9996101150403544
Sphere_new_000910,Sphere,75.2,50.3,0.9668233886044594,0.2554457579357905
Sphere_new_000911,Sphere,338.5,72.7,-0.36650122672429725,0.9304175679820246
Sphere_new_000912,Sphere,292.6,54.2,-0.9232102171129809,0.3842953226598039
Sphere_new_000913,Sphere,299.0,53.2,-0.8746197071393956,0.4848096202463373
Sphere_new_000914,Sphere,68.4,52.2,0.9297764858882515,0.36812455268467786
Sphere_new_000915,Sphere,147.5,67.0,0.5372996083468238,-0.8433914458128857
Sphere_new_000916,Sphere,308.6,37.6,-0.7815204724188184,0.6238795967093866
Sphere_new_000917,Sphere,292.4,71.6,-0.9245460336123134,0.38107037635027363
Sphere_new_000918,Sphere,313.2,74.9,-0.7289686274214116,0.6845471059286886
Sphere_new_000919,Sphere,283.8,59.2,-0.9711342799096361,0.2385334575785808
Sphere_new_000920,Sphere,154.8,52.4,0.4257792915650725,-0.9048270524660196
Sphere_new_000921,Sphere,63.7,30.6,0.8964864303834406,0.4430711908241796
Sphere_new_000922,Sphere,192.5,55.0,-0.21643961393810293,-0.9762960071199334
Sphere_new_000923,Sphere,163.9,69.2,0.27731465330237776,-0.9607791541575942
Sphere_new_000924,Sphere,240.6,47.6,-0.8712138111201894,-0.49090375361514105
Sphere_new_000925,Sphere,0.7,74.2,0.012217000835247169,0.999925369660452
Sphere_new_000926,Sphere,155.6,70.9,0.413104429824542,-0.910683660806177
Sphere_new_000927,Sphere,252.8,72.6,-0.9552783621223436,-0.2957080500440468
Sphere_new_000928,Sphere,89.8,41.8,0.9999939076577904,0.0034906514152237985
Sphere_new_000929,Sphere,96.1,37.3,0.9943379441332046,-0.10626407133623318
Sphere_new_000930,Sphere,166.9,70.5,0.22665130743685516,-0.9739759672790516
Sphere_new_000931,Sphere,271.1,59.2,-0.9998157121216442,0.019197442399690064
Sphere_new_000932,Sphere,350.4,65.5,-0.16676874671610273,0.9859960370705049
Sphere_new_000933,Sphere,36.7,53.4,0.5976251469755212,0.801775644243754
Sphere_new_000934,Sphere,341.6,42.7,-0.3156490369471023,0.9488760116444966
Sphere_new_000935,Sphere,356.9,49.3,-0.05407881298477572,0.9985366703262117
Sphere_new_000936,Sphere,46.5,63.1,0.7253743710122876,0.688354575693754
Sphere_new_000937,Sphere,6.0,44.3,0.10452846326765347,0.9945218953682733
Sphere_new_000938,Sphere,188.3,42.9,-0.1443562010009734,-0.9895257890689694
Sphere_new_000939,Sphere,248.7,74.9,-0.9316912275855489,-0.36325123047297847
Sphere_new_000940,Sphere,182.6,73.3,-0.0453629881292535,-0.9989705697907147
Sphere_new_000941,Sphere,125.7,47.8,0.8120835268918064,-0.5835412113561174
Sphere_new_000942,Sphere,153.7,37.1,0.44307119082418006,-0.8964864303834403
Sphere_new_000943,Sphere,277.7,53.3,-0.9909831997148364,0.13398618541829152
Sphere_new_000944,Sphere,215.7,32.0,-0.5835412113561173,-0.8120835268918064
Sphere_new_000945,Sphere,285.1,34.8,-0.965472630879225,0.2605045086426486
Sphere_new_000946,Sphere,334.8,57.8,-0.4257792915650722,0.9048270524660197
Sphere_new_000947,Sphere,161.7,33.1,0.31399245596740516,-0.9494254776419038
Sphere_new_000948,Sphere,125.5,58.0,0.8141155183563192,-0.5807029557109398
Sphere_new_000949,Sphere,31.0,74.4,0.5150380749100542,0.8571673007021123
Sphere_new_000950,Sphere,156.4,73.6,0.40034903255689475,-0.9163627295622396
Sphere_new_000951,Sphere,183.9,71.3,-0.06801529066524825,-0.9976842788356053
Sphere_new_000952,Sphere,12.2,30.2,0.21132479645538865,0.9774158942860959
Sphere_new_000953,Sphere,136.9,61.3,0.6832737736807991,-0.7301622766207524
Sphere_new_000954,Sphere,174.3,49.2,0.09931974974363872,-0.9950555699612263
Sphere_new_000955,Sphere,278.5,32.7,-0.9890158633619168,0.14780941112961096
Sphere_new_000956,Sphere,351.0,37.6,-0.15643446504023112,0.9876883405951377
Sphere_new_000957,Sphere,108.0,41.3,0.9510565162951536,-0.30901699437494734
Sphere_new_000958,Sphere,218.1,30.2,-0.6170358751407485,-0.7869350219613375
Sphere_new_000959,Sphere,299.7,57.3,-0.8686315144381915,0.49545866843240716
Sphere_new_000960,Sphere,16.4,32.4,0.2823414568428764,0.9593139745400575
Sphere_new_000961,Sphere,94.0,73.6,0.9975640502598242,-0.06975647374412533
Sphere_new_000962,Sphere,168.9,67.6,0.1925219665259075,-0.9812926639922451
Sphere_new_000963,Sphere,322.3,69.8,-0.6115270401858313,0.7912235329674899
Sphere_new_000964,Sphere,276.4,58.1,-0.9937679191605965,0.11146893220632456
Sphere_new_000965,Sphere,119.8,53.9,0.8677654533689284,-0.4969739610275553
Sphere_new_000966,Sphere,60.5,67.3,0.8703556959398997,0.4924235601034671
Sphere_new_000967,Sphere,189.0,73.6,-0.15643446504023073,-0.9876883405951378
Sphere_new_000968,Sphere,294.4,70.2,-0.9106836608061771,0.4131044298245417
Sphere_new_000969,Sphere,77.2,45.3,0.9751493543055633,0.22154849761946724
Sphere_new_000970,Sphere,117.0,38.5,0.8910065241883679,-0.4539904997395467
Sphere_new_000971,Sphere,127.7,40.8,0.7912235329674902,-0.611527040185831
Sphere_new_000972,Sphere,201.2,51.7,-0.36162457008209226,-0.9323238012155122
Sphere_new_000973,Sphere,118.8,45.4,0.8763066800438637,-0.48175367410171505
Sphere_new_000974,Sphere,125.0,40.5,0.8191520442889917,-0.5735764363510462
Sphere_new_000975,Sphere,185.6,54.6,-0.09758289975914948,-0.9952273999818312
Sphere_new_000976,Sphere,251.6,38.2,-0.9488760116444966,-0.3156490369471022
Sphere_new_000977,Sphere,80.9,48.6,0.9874138067509114,0.1581580672544835
Sphere_new_000978,Sphere,256.5,33.6,-0.9723699203976767,-0.23344536385590514
Sphere_new_000979,Sphere,202.9,53.1,-0.3891239501402061,-0.9211854055657213
Sphere_new_000980,Sphere,238.8,39.0,-0.8553642601605066,-0.5180270093731303
Sphere_new_000981,Sphere,210.4,64.6,-0.506033764121164,-0.8625136692072574
Sphere_new_000982,Sphere,274.4,62.7,-0.9970527522269202,0.07671902812681812
Sphere_new_000983,Sphere,184.8,70.8,-0.08367784333231548,-0.9964928592495044
Sphere_new_000984,Sphere,52.1,56.8,0.7890840848346907,0.6142852000989432
Sphere_new_000985,Sphere,340.9,51.7,-0.3272178989791047,0.9449489121575306
Sphere_new_000986,Sphere,132.6,57.2,0.7360970871197344,-0.6768759696826606
Sphere_new_000987,Sphere,241.0,39.0,-0.874619707139396,-0.48480962024633684
Sphere_new_000988,Sphere,193.1,68.9,-0.2266513074368549,-0.9739759672790517
Sphere_new_000989,Sphere,129.8,38.6,0.7682835235935233,-0.6401096994849557
Sphere_new_000990,Sphere,190.4,44.3,-0.1805191452505601,-0.9835714708133859
Sphere_new_000991,Sphere,274.4,70.8,-0.9970527522269202,0.07671902812681812
Sphere_new_000992,Sphere,254.8,53.9,-0.9650164944723115,-0.2621891786408644
Sphere_new_000993,Sphere,332.9,69.4,-0.45554490723351565,0.8902128046111265
Sphere_new_000994,Sphere,150.2,50.5,0.4969739610275555,-0.8677654533689283
Sphere_new_000995,Sphere,327.4,37.1,-0.5387707850068634,0.8424523970071474
Sphere_new_000996,Sphere,14.2,57.4,0.24530738587880255,0.9694453498951389
Sphere_new_000997,Sphere,236.7,56.3,-0.83580736136827,-0.5490228179981321
Sphere_new_000998,Sphere,218.9,36.1,-0.6279630576493381,-0.7782431485260208
Sphere_new_000999,Sphere,68.2,48.8,0.9284858268809135,0.3713678355502347
SmoothCylinder_new_000000,SmoothCylinder,113.9,45.0,0.9142539552342638,-0.4051415867798625
SmoothCylinder_new_000001,SmoothCylinder,289.5,37.1,-0.9426414910921784,0.3338068592337709
SmoothCylinder_new_000002,SmoothCylinder,245.7,43.0,-0.9114032766354451,-0.41151435860510915
SmoothCylinder_new_000003,SmoothCylinder,160.6,36.6,0.33216113188370366,-0.9432226579476009
SmoothCylinder_new_000004,SmoothCylinder,265.6,61.3,-0.9970527522269202,-0.0767190281268185
SmoothCylinder_new_000005,SmoothCylinder,335.6,38.6,-0.4131044298245413,0.9106836608061774
SmoothCylinder_new_000006,SmoothCylinder,265.7,38.6,-0.9971851335251157,-0.07497872682632765
SmoothCylinder_new_000007,SmoothCylinder,12.9,66.7,0.22325011601095138,0.9747611941912218
SmoothCylinder_new_000008,SmoothCylinder,39.9,51.8,0.6414496315691578,0.7671651518152997
SmoothCylinder_new_000009,SmoothCylinder,62.0,50.0,0.8829475928589269,0.46947156278589086
SmoothCylinder_new_000010,SmoothCylinder,9.6,55.3,0.16676874671610226,0.985996037070505
SmoothCylinder_new_000011,SmoothCylinder,150.5,51.3,0.49242356010346716,-0.8703556959398997
SmoothCylinder_new_000012,SmoothCylinder,90.0,33.0,1.0,6.123233995736766e-17
SmoothCylinder_new_000013,SmoothCylinder,309.1,52.9,-0.7760464070665459,0.6306758074312863
SmoothCylinder_new_000014,SmoothCylinder,51.9,47.8,0.7869350219613372,0.6170358751407488
SmoothCylinder_new_000015,SmoothCylinder,196.8,37.5,-0.28903179694447184,-0.9573194975320671
SmoothCylinder_new_000016,SmoothCylinder,48.2,57.1,0.7454759996828623,0.6665324702494525
SmoothCylinder_new_000017,SmoothCylinder,138.1,67.7,0.6678325554710469,-0.7443115462311538
SmoothCylinder_new_000018,SmoothCylinder,86.6,68.3,0.9982398279237652,0.05930637357596177
SmoothCylinder_new_000019,SmoothCylinder,31.2,63.0,0.5180270093731302,0.8553642601605066
SmoothCylinder_new_000020,SmoothCylinder,167.2,69.9,0.2215484976194677,-0.9751493543055632
SmoothCylinder_new_000021,SmoothCylinder,247.8,30.9,-0.9258705848099947,-0.37784078681846717
SmoothCylinder_new_000022,SmoothCylinder,124.5,35.3,0.8241261886220158,-0.5664062369248326
SmoothCylinder_new_000023,SmoothCylinder,267.9,55.7,-0.9993283937786562,-0.036643708706556845
SmoothCylinder_new_000024,SmoothCylinder,326.2,38.2,-0.5562956155003047,0.8309844692743283
SmoothCylinder_new_000025,SmoothCylinder,78.5,56.3,0.9799247046208296,0.1993679344171972
SmoothCylinder_new_000026,SmoothCylinder,46.9,32.8,0.7301622766207524,0.6832737736807991
SmoothCylinder_new_000027,SmoothCylinder,261.5,43.1,-0.9890158633619168,-0.14780941112961046
SmoothCylinder_new_000028,SmoothCylinder,304.6,37.3,-0.8231363685344416,0.5678437450531016
SmoothCylinder_new_000029,SmoothCylinder,34.4,63.1,0.5649670034249379,0.8251134982782952
SmoothCylinder_new_000030,SmoothCylinder,44.6,73.5,0.7021530529951624,0.7120260459909965
SmoothCylinder_new_000031,SmoothCylinder,51.3,45.6,0.7804304073383297,0.6252426563357053
SmoothCylinder_new_000032,SmoothCylinder,118.1,41.4,0.8821268660176678,-0.47101188121941007
SmoothCylinder_new_000033,SmoothCylinder,349.5,44.7,-0.18223552549214783,0.9832549075639545
SmoothCylinder_new_000034,SmoothCylinder,320.6,72.9,-0.6347305132022677,0.772733573497351
SmoothCylinder_new_000035,SmoothCylinder,13.5,46.0,0.2334453638559054,0.9723699203976766
SmoothCylinder_new_000036,SmoothCylinder,280.1,71.6,-0.9845031799744366,0.1753667260919875
SmoothCylinder_new_000037,SmoothCylinder,95.4,66.1,0.99556196460308,-0.09410831331851438
SmoothCylinder_new_000038,SmoothCylinder,154.8,60.2,0.4257792915650725,-0.9048270524660196
SmoothCylinder_new_000039,SmoothCylinder,98.9,43.3,0.9879598657693891,-0.15471038629946815
SmoothCylinder_new_000040,SmoothCylinder,117.8,33.3,0.8845809752150839,-0.46638664033989113
SmoothCylinder_new_000041,SmoothCylinder,331.8,42.6,-0.47255076486905384,0.8813034520649923
SmoothCylinder_new_000042,SmoothCylinder,320.0,55.0,-0.6427876096865396,0.7660444431189778
SmoothCylinder_new_000043,SmoothCylinder,145.9,47.9,0.5606389945632417,-0.8280603346224944
SmoothCylinder_new_000044,SmoothCylinder,313.8,37.8,-0.721760228098362,0.6921431738704069
SmoothCylinder_new_000045,SmoothCylinder,74.1,47.9,0.9617413095492113,0.27395921869243256
SmoothCylinder_new_000046,SmoothCylinder,30.4,56.3,0.5060337641211637,0.8625136692072575
SmoothCylinder_new_000047,SmoothCylinder,155.5,67.6,0.4146932426562392,-0.9099612708765431
SmoothCylinder_new_000048,SmoothCylinder,321.3,41.9,-0.6252426563357051,0.7804304073383298
SmoothCylinder_new_000049,SmoothCylinder,220.8,42.8,-0.6534206039901054,-0.7569950556517564
SmoothCylinder_new_000050,SmoothCylinder,290.3,70.3,-0.9378889346118976,0.34693565157325584
SmoothCylinder_new_000051,SmoothCylinder,282.4,52.9,-0.9766722783341679,0.21473532716706287
SmoothCylinder_new_000052,SmoothCylinder,314.8,50.4,-0.7095707365365209,0.7046342099635947
SmoothCylinder_new_000053,SmoothCylinder,68.7,56.2,0.9316912275855489,0.36325123047297836
SmoothCylinder_new_000054,SmoothCylinder,141.6,56.1,0.6211477802783105,-0.7836934573258397
SmoothCylinder_new_000055,SmoothCylinder,209.8,42.1,-0.49697396102755526,-0.8677654533689285
SmoothCylinder_new_000056,SmoothCylinder,125.3,66.8,0.8161375900801604,-0.5778576243835052
SmoothCylinder_new_000057,SmoothCylinder,157.4,74.2,0.38429532265980376,-0.9232102171129809
SmoothCylinder_new_000058,SmoothCylinder,321.9,54.3,-0.6170358751407491,0.7869350219613369
SmoothCylinder_new_000059,SmoothCylinder,237.6,58.7,-0.8443279255020149,-0.5358267949789971
SmoothCylinder_new_000060,SmoothCylinder,216.9,32.8,-0.6004202253258842,-0.7996846584870904
SmoothCylinder_new_000061,SmoothCylinder,300.3,68.3,-0.8633955506067718,0.504527623815019
SmoothCylinder_new_000062,SmoothCylinder,45.9,31.4,0.7181262977631888,0.6959127965923143
SmoothCylinder_new_000063,SmoothCylinder,357.8,72.5,-0.03838780908751957,0.9992629164106213
SmoothCylinder_new_000064,SmoothCylinder,113.3,62.8,0.9184463813430872,-0.3955455025629649
SmoothCylinder_new_000065,SmoothCylinder,107.3,42.4,0.9547607995027975,-0.29737487407778596
SmoothCylinder_new_000066,SmoothCylinder,38.1,44.0,0.6170358751407486,0.7869350219613372
SmoothCylinder_new_000067,SmoothCylinder,72.1,53.1,0.9515944038794382,0.3073566177998072
SmoothCylinder_new_000068,SmoothCylinder,158.1,32.1,0.3729877825758092,-0.9278362538989199
SmoothCylinder_new_000069,SmoothCylinder,203.6,40.7,-0.40034903255689497,-0.9163627295622396
SmoothCylinder_new_000070,SmoothCylinder,281.5,52.4,-0.9799247046208297,0.19936793441719694
SmoothCylinder_new_000071,SmoothCylinder,202.4,40.4,-0.3810703763502741,-0.9245460336123131
SmoothCylinder_new_000072,SmoothCylinder,28.3,73.8,0.4740882090471163,0.880477353509162
SmoothCylinder_new_000073,SmoothCylinder,78.7,46.6,0.980614658546613,0.1959461442425177
SmoothCylinder_new_000074,SmoothCylinder,16.8,48.5,0.2890317969444716,0.9573194975320672
SmoothCylinder_new_000075,SmoothCylinder,159.6,30.8,0.34857204732181535,-0.9372819894918915
SmoothCylinder_new_000076,SmoothCylinder,202.0,52.7,-0.374606593415912,-0.9271838545667874
SmoothCylinder_new_000077,SmoothCylinder,191.7,40.1,-0.2027872953565121,-0.9792228106217659
SmoothCylinder_new_000078,SmoothCylinder,171.3,54.5,0.1512608202472192,-0.9884938868086836
SmoothCylinder_new_000079,SmoothCylinder,12.7,45.0,0.2198462043528375,0.9755345439458566
SmoothCylinder_new_000080,SmoothCylinder,106.3,48.6,0.9598052919751869,-0.28066670892078777
SmoothCylinder_new_000081,SmoothCylinder,323.0,46.5,-0.6018150231520483,0.7986355100472928
SmoothCylinder_new_000082,SmoothCylinder,241.9,67.1,-0.8821268660176679,-0.4710118812194099
SmoothCylinder_new_000083,SmoothCylinder,13.7,40.8,0.23683814606561868,0.9715491199976461
SmoothCylinder_new_000084,SmoothCylinder,296.2,68.0,-0.8972583696743285,0.44150585279174503
SmoothCylinder_new_000085,SmoothCylinder,3.4,67.0,0.05930637357596162,0.9982398279237653
SmoothCylinder_new_000086,SmoothCylinder,258.6,64.2,-0.980271174621722,-0.19765734037912552
SmoothCylinder_new_000087,SmoothCylinder,108.6,67.2,0.9477684100095857,-0.3189593092980699
SmoothCylinder_new_000088,SmoothCylinder,358.3,51.2,-0.02966624408511093,0.999559860119384
SmoothCylinder_new_000089,SmoothCylinder,226.6,61.3,-0.7265746709709758,-0.6870875108044231
SmoothCylinder_new_000090,SmoothCylinder,320.3,60.9,-0.6387678175155975,0.7693995550468952
SmoothCylinder_new_000091,SmoothCylinder,243.3,59.4,-0.8933713883278377,-0.44931899861589625
SmoothCylinder_new_000092,SmoothCylinder,7.6,65.8,0.13225639025712244,0.9912155402515417
SmoothCylinder_new_000093,SmoothCylinder,254.1,47.3,-0.9617413095492114,-0.2739592186924323
SmoothCylinder_new_000094,SmoothCylinder,125.6,40.7,0.8131007610470277,-0.5821229701572893
SmoothCylinder_new_000095,SmoothCylinder,144.9,38.0,0.5750052520432783,-0.8181497174250236
SmoothCylinder_new_000096,SmoothCylinder,278.1,39.1,-0.9900236577165575,0.14090123193758256
SmoothCylinder_new_000097,SmoothCylinder,50.9,40.1,0.7760464070665459,0.6306758074312863
SmoothCylinder_new_000098,SmoothCylinder,103.4,42.1,0.9727758782093966,-0.23174790349415736
SmoothCylinder_new_000099,SmoothCylinder,203.5,63.8,-0.3987490689252463,-0.917060074385124
SmoothCylinder_new_000100,SmoothCylinder,249.7,68.5,-0.9378889346118975,-0.3469356515732562
SmoothCylinder_new_000101,SmoothCylinder,170.5,49.2,0.16504760586067765,-0.9862856015372314
SmoothCylinder_new_000102,SmoothCylinder,257.1,61.6,-0.9747611941912219,-0.22325011601095088
SmoothCylinder_new_000103,SmoothCylinder,124.3,71.9,0.8260982944957639,-0.5635260489375714
SmoothCylinder_new_000104,SmoothCylinder,90.2,64.4,0.9999939076577904,-0.0034906514152236758
SmoothCylinder_new_000105,SmoothCylinder,330.9,45.2,-0.486335380423491,0.873772223035465
SmoothCylinder_new_000106,SmoothCylinder,268.0,46.7,-0.9993908270190958,-0.03489949670250076
SmoothCylinder_new_000107,SmoothCylinder,133.6,45.3,0.7241718614374677,-0.6896195437356696
SmoothCylinder_new_000108,SmoothCylinder,2.9,50.2,0.05059294007671331,0.9987193571841863
SmoothCylinder_new_000109,SmoothCylinder,137.8,47.9,0.6717205893229902,-0.74080459628675
SmoothCylinder_new_000110,SmoothCylinder,327.5,63.5,-0.5372996083468242,0.8433914458128855
SmoothCylinder_new_000111,SmoothCylinder,356.6,36.2,-0.05930637357596173,0.9982398279237653
SmoothCylinder_new_000112,SmoothCylinder,94.7,37.0,0.9966373868180366,-0.08193850863004087
SmoothCylinder_new_000113,SmoothCylinder,46.4,50.4,0.7241718614374675,0.6896195437356698
SmoothCylinder_new_000114,SmoothCylinder,154.1,70.1,0.4368017883677022,-0.8995577789551803
SmoothCylinder_new_000115,SmoothCylinder,5.5,45.1,0.09584575252022398,0.9953961983671789
SmoothCylinder_new_000116,SmoothCylinder,294.8,58.9,-0.9077774785329085,0.4194520824461775
SmoothCylinder_new_000117,SmoothCylinder,53.5,42.8,0.8038568606172173,0.5948227867513414
SmoothCylinder_new_000118,SmoothCylinder,169.0,70.5,0.19080899537654497,-0.981627183447664
SmoothCylinder_new_000119,SmoothCylinder,221.6,69.1,-0.6639262126522416,-0.7477980904985319
SmoothCylinder_new_000120,SmoothCylinder,44.1,66.0,0.6959127965923144,0.7181262977631888
SmoothCylinder_new_000121,SmoothCylinder,338.9,42.3,-0.3599968081200516,0.9329535348254889
SmoothCylinder_new_000122,SmoothCylinder,124.9,45.3,0.820151875873772,-0.5721458734455164
SmoothCylinder_new_000123,SmoothCylinder,104.6,47.6,0.9677091704819712,-0.2520693582431135
SmoothCylinder_new_000124,SmoothCylinder,157.4,67.1,0.38429532265980376,-0.9232102171129809
SmoothCylinder_new_000125,SmoothCylinder,243.8,42.5,-0.8972583696743284,-0.4415058527917453
SmoothCylinder_new_000126,SmoothCylinder,91.9,42.5,0.9994502159417572,-0.03315517838852638
SmoothCylinder_new_000127,SmoothCylinder,83.2,32.1,0.9929655081065369,0.11840396830650095
SmoothCylinder_new_000128,SmoothCylinder,285.5,36.8,-0.9636304532086231,0.26723837607825673
SmoothCylinder_new_000129,SmoothCylinder,231.8,35.3,-0.7858568931754022,-0.6184083953575538
SmoothCylinder_new_000130,SmoothCylinder,260.9,57.5,-0.9874138067509114,-0.15815806725448361
SmoothCylinder_new_000131,SmoothCylinder,77.9,45.8,0.9777832367586061,0.20961856290382183
SmoothCylinder_new_000132,SmoothCylinder,11.8,53.7,0.20449605184179034,0.978867388761685
SmoothCylinder_new_000133,SmoothCylinder,74.8,37.4,0.9650164944723114,0.2621891786408647
SmoothCylinder_new_000134,SmoothCylinder,80.3,36.8,0.9857034690888535,0.16848937956500276
SmoothCylinder_new_000135,SmoothCylinder,72.5,34.6,0.9537169507482269,0.30070579950427306
SmoothCylinder_new_000136,SmoothCylinder,147.9,31.3,0.5313985795180828,-0.8471219213821372
SmoothCylinder_new_000137,SmoothCylinder,70.6,36.1,0.943222657947601,0.3321611318837034
SmoothCylinder_new_000138,SmoothCylinder,244.1,52.5,-0.8995577789551801,-0.43680178836770267
SmoothCylinder_new_000139,SmoothCylinder,258.7,71.0,-0.980614658546613,-0.19594614424251802
SmoothCylinder_new_000140,SmoothCylinder,236.4,70.7,-0.8329212407100994,-0.5533915492433442
SmoothCylinder_new_000141,SmoothCylinder,324.6,54.3,-0.5792811723426788,0.8151277957285542
SmoothCylinder_new_000142,SmoothCylinder,74.4,56.3,0.9631625667976582,0.2689198206152657
SmoothCylinder_new_000143,SmoothCylinder,130.1,30.9,0.7649214009184319,-0.6441236297613865
SmoothCylinder_new_000144,SmoothCylinder,333.9,51.0,-0.4399391698559154,0.8980275757606155
SmoothCylinder_new_000145,SmoothCylinder,299.5,32.4,-0.8703556959398998,0.4924235601034669
SmoothCylinder_new_000146,SmoothCylinder,279.9,42.8,-0.985109326154774,0.17192910027940927
SmoothCylinder_new_000147,SmoothCylinder,56.0,33.9,0.8290375725550417,0.5591929034707468
SmoothCylinder_new_000148,SmoothCylinder,92.1,42.7,0.9993283937786562,-0.03664370870655615
SmoothCylinder_new_000149,SmoothCylinder,94.1,31.8,0.997440782930944,-0.07149744433268584
SmoothCylinder_new_000150,SmoothCylinder,222.4,71.9,-0.6743023875837234,-0.7384553406258838
SmoothCylinder_new_000151,SmoothCylinder,34.3,55.7,0.5635260489375714,0.8260982944957639
SmoothCylinder_new_000152,SmoothCylinder,306.3,61.5,-0.8059282822485155,0.5920131787992198
SmoothCylinder_new_000153,SmoothCylinder,136.2,43.4,0.6921431738704068,-0.7217602280983622
SmoothCylinder_new_000154,SmoothCylinder,28.9,51.9,0.4832823832550023,0.8754645270000179
SmoothCylinder_new_000155,SmoothCylinder,76.9,54.2,0.9739759672790517,0.22665130743685488
SmoothCylinder_new_000156,SmoothCylinder,112.3,62.2,0.9252097183857821,-0.379456159529005
SmoothCylinder_new_000157,SmoothCylinder,241.2,37.3,-0.8763066800438636,-0.48175367410171527
SmoothCylinder_new_000158,SmoothCylinder,39.1,63.9,0.6306758074312863,0.7760464070665459
SmoothCylinder_new_000159,SmoothCylinder,74.8,67.5,0.9650164944723114,0.2621891786408647
SmoothCylinder_new_000160,SmoothCylinder,358.1,44.2,-0.03315517838852624,0.9994502159417572
SmoothCylinder_new_000161,SmoothCylinder,299.9,50.6,-0.8668967489356031,0.49848773975382976
SmoothCylinder_new_000162,SmoothCylinder,6.2,56.7,0.10799935570602284,0.9941509639723154
SmoothCylinder_new_000163,SmoothCylinder,346.0,72.3,-0.24192189559966787,0.9702957262759965
SmoothCylinder_new_000164,SmoothCylinder,290.6,70.8,-0.936059535738973,0.35184164840470233
SmoothCylinder_new_000165,SmoothCylinder,223.1,30.5,-0.6832737736807989,-0.7301622766207525
SmoothCylinder_new_000166,SmoothCylinder,242.8,40.1,-0.8894163732912975,-0.4570979270586941
SmoothCylinder_new_000167,SmoothCylinder,189.5,46.8,-0.16504760586067743,-0.9862856015372314
SmoothCylinder_new_000168,SmoothCylinder,52.2,60.4,0.7901550123756904,0.6129070536529765
SmoothCylinder_new_000169,SmoothCylinder,354.2,52.7,-0.10105629718294651,0.9948807088287882
SmoothCylinder_new_000170,SmoothCylinder,72.6,43.3,0.9542403285162768,0.2990407922560867
SmoothCylinder_new_000171,SmoothCylinder,222.0,40.8,-0.6691306063588582,-0.7431448254773942
SmoothCylinder_new_000172,SmoothCylinder,98.0,46.7,0.9902680687415704,-0.13917310096006535
SmoothCylinder_new_000173,SmoothCylinder,147.7,50.5,0.5343523493898265,-0.8452618332218561
SmoothCylinder_new_000174,SmoothCylinder,320.7,48.7,-0.6333808726275503,0.773840209726506
SmoothCylinder_new_000175,SmoothCylinder,206.4,63.5,-0.44463517918492756,-0.8957117602394128
SmoothCylinder_new_000176,SmoothCylinder,94.9,71.2,0.9963452961909064,-0.08541692313736764
SmoothCylinder_new_000177,SmoothCylinder,334.9,58.3,-0.42419942274539063,0.9055687990111394
SmoothCylinder_new_000178,SmoothCylinder,219.9,61.2,-0.6414496315691579,-0.7671651518152995
SmoothCylinder_new_000179,SmoothCylinder,108.7,41.6,0.9472102777460288,-0.3206129905856763
SmoothCylinder_new_000180,SmoothCylinder,15.7,68.2,0.27060044597586363,0.9626917464264788
SmoothCylinder_new_000181,SmoothCylinder,77.6,69.8,0.9766722783341679,0.21473532716706334
SmoothCylinder_new_000182,SmoothCylinder,116.8,37.7,0.8925858184521254,-0.45087754068943087
SmoothCylinder_new_000183,SmoothCylinder,136.1,60.4,0.693401828275813,-0.7205511116803305
SmoothCylinder_new_000184,SmoothCylinder,284.7,43.5,-0.9672677527758768,0.2537579445848055
SmoothCylinder_new_000185,SmoothCylinder,5.7,48.5,0.09931974974363901,0.9950555699612263
SmoothCylinder_new_000186,SmoothCylinder,140.0,48.0,0.6427876096865395,-0.7660444431189779
SmoothCylinder_new_000187,SmoothCylinder,82.8,44.9,0.9921147013144779,0.12533323356430426
SmoothCylinder_new_000188,SmoothCylinder,119.0,49.1,0.8746197071393959,-0.484809620246337
SmoothCylinder_new_000189,SmoothCylinder,52.9,74.0,0.7975839288252284,0.6032079877452825
SmoothCylinder_new_000190,SmoothCylinder,295.6,31.7,-0.9018325264051136,0.4320857488019827
SmoothCylinder_new_000191,SmoothCylinder,148.8,53.4,0.5180270093731302,-0.8553642601605066
SmoothCylinder_new_000192,SmoothCylinder,227.0,68.3,-0.7313537016191705,-0.6819983600624986
SmoothCylinder_new_000193,SmoothCylinder,18.3,41.9,0.31399245596740494,0.9494254776419039
SmoothCylinder_new_000194,SmoothCylinder,163.7,36.8,0.280666708920788,-0.9598052919751868
SmoothCylinder_new_000195,SmoothCylinder,69.8,71.3,0.9384930227595559,0.34529819899853476
SmoothCylinder_new_000196,SmoothCylinder,277.7,51.8,-0.9909831997148364,0.13398618541829152
SmoothCylinder_new_000197,SmoothCylinder,3.4,72.6,0.05930637357596162,0.9982398279237653
SmoothCylinder_new_000198,SmoothCylinder,204.4,74.4,-0.41310442982454176,-0.9106836608061771
SmoothCylinder_new_000199,SmoothCylinder,194.8,40.2,-0.2554457579357908,-0.9668233886044594
SmoothCylinder_new_000200,SmoothCylinder,66.1,38.0,0.9142539552342637,0.4051415867798626
SmoothCylinder_new_000201,SmoothCylinder,260.2,33.5,-0.9854078984834901,-0.17020949916603276
SmoothCylinder_new_000202,SmoothCylinder,69.6,45.6,0.9372819894918915,0.3485720473218153
SmoothCylinder_new_000203,SmoothCylinder,196.3,64.5,-0.2806667089207877,-0.9598052919751869
SmoothCylinder_new_000204,SmoothCylinder,81.2,68.1,0.9882283814465528,0.1529858362840381
SmoothCylinder_new_000205,SmoothCylinder,52.5,50.9,0.7933533402912352,0.6087614290087207
SmoothCylinder_new_000206,SmoothCylinder,137.0,39.5,0.6819983600624986,-0.7313537016191705
SmoothCylinder_new_000207,SmoothCylinder,176.3,47.2,0.06453230825295762,-0.997915618272179
SmoothCylinder_new_000208,SmoothCylinder,260.0,72.3,-0.984807753012208,-0.17364817766693033
SmoothCylinder_new_000209,SmoothCylinder,72.8,45.9,0.9552783621223436,0.2957080500440467
SmoothCylinder_new_000210,SmoothCylinder,5.2,72.6,0.09063258019778016,0.9958843986159703
SmoothCylinder_new_000211,SmoothCylinder,226.9,32.3,-0.7301622766207524,-0.6832737736807991
SmoothCylinder_new_000212,SmoothCylinder,94.5,46.5,0.996917333733128,-0.07845909572784487
SmoothCylinder_new_000213,SmoothCylinder,14.3,63.0,0.2469990127227429,0.9690157314068695
SmoothCylinder_new_000214,SmoothCylinder,225.8,58.4,-0.716910607650483,-0.6971651028545643
SmoothCylinder_new_000215,SmoothCylinder,89.0,44.9,0.9998476951563913,0.0174524064372836
SmoothCylinder_new_000216,SmoothCylinder,135.9,41.1,0.6959127965923141,-0.718126297763189
SmoothCylinder_new_000217,SmoothCylinder,189.8,59.4,-0.1702094991660329,-0.9854078984834901
SmoothCylinder_new_000218,SmoothCylinder,114.3,38.0,0.9114032766354453,-0.41151435860510877
SmoothCylinder_new_000219,SmoothCylinder,317.7,69.8,-0.6730125135097736,0.7396310949786093
SmoothCylinder_new_000220,SmoothCylinder,71.3,46.9,0.9472102777460287,0.32061299058567644
SmoothCylinder_new_000221,SmoothCylinder,157.7,67.3,0.3794561595290054,-0.925209718385782
SmoothCylinder_new_000222,SmoothCylinder,230.1,32.6,-0.7671651518152993,-0.6414496315691581
SmoothCylinder_new_000223,SmoothCylinder,24.5,44.4,0.414693242656239,0.9099612708765432
SmoothCylinder_new_000224,SmoothCylinder,264.0,74.5,-0.9945218953682734,-0.10452846326765336
SmoothCylinder_new_000225,SmoothCylinder,2.5,60.0,0.043619387365336,0.9990482215818578
SmoothCylinder_new_000226,SmoothCylinder,45.6,42.9,0.7144726796328034,0.6996633405133654
SmoothCylinder_new_000227,SmoothCylinder,291.5,35.2,-0.9304175679820247,0.36650122672429686
SmoothCylinder_new_000228,SmoothCylinder,185.0,30.7,-0.08715574274765794,-0.9961946980917455
SmoothCylinder_new_000229,SmoothCylinder,357.2,66.3,-0.04884976979561313,0.9988061373414341
SmoothCylinder_new_000230,SmoothCylinder,347.1,73.6,-0.22325011601095093,0.9747611941912219
SmoothCylinder_new_000231,SmoothCylinder,141.0,69.8,0.6293203910498374,-0.7771459614569709
SmoothCylinder_new_000232,SmoothCylinder,297.8,35.1,-0.884580975215084,0.466386640339891
SmoothCylinder_new_000233,SmoothCylinder,302.2,32.4,-0.8461931661275643,0.5328762760707295
SmoothCylinder_new_000234,SmoothCylinder,281.1,34.8,-0.9812926639922451,0.19252196652590764
SmoothCylinder_new_000235,SmoothCylinder,206.8,54.9,-0.4508775406894308,-0.8925858184521255
SmoothCylinder_new_000236,SmoothCylinder,165.8,45.2,0.24530738587880238,-0.969445349895139
SmoothCylinder_new_000237,SmoothCylinder,201.4,58.4,-0.36487678433761983,-0.9310558158625283
SmoothCylinder_new_000238,SmoothCylinder,102.0,55.7,0.9781476007338057,-0.20791169081775934
SmoothCylinder_new_000239,SmoothCylinder,268.3,63.2,-0.999559860119384,-0.02966624408511087
SmoothCylinder_new_000240,SmoothCylinder,49.5,60.9,0.7604059656000309,0.6494480483301837
SmoothCylinder_new_000241,SmoothCylinder,159.4,69.2,0.3518416484047018,-0.9360595357389733
SmoothCylinder_new_000242,SmoothCylinder,34.9,68.4,0.5721458734455162,0.8201518758737721
SmoothCylinder_new_000243,SmoothCylinder,238.4,53.3,-0.8517269341430478,-0.5239859059700788
SmoothCylinder_new_000244,SmoothCylinder,144.5,36.4,0.5807029557109399,-0.8141155183563191
SmoothCylinder_new_000245,SmoothCylinder,90.7,52.9,0.999925369660452,-0.012217000835247235
SmoothCylinder_new_000246,SmoothCylinder,19.4,50.0,0.3321611318837033,0.943222657947601
SmoothCylinder_new_000247,SmoothCylinder,44.8,61.1,0.7046342099635946,0.7095707365365209
SmoothCylinder_new_000248,SmoothCylinder,148.1,46.5,0.5284383347223472,-0.8489716876291414
SmoothCylinder_new_000249,SmoothCylinder,269.0,72.1,-0.9998476951563913,-0.017452406437283498
SmoothCylinder_new_000250,SmoothCylinder,253.4,60.4,-0.9583225744651332,-0.2856883674049735
SmoothCylinder_new_000251,SmoothCylinder,254.5,54.1,-0.963630453208623,-0.26723837607825707
SmoothCylinder_new_000252,SmoothCylinder,164.8,58.8,0.2621891786408648,-0.9650164944723114
SmoothCylinder_new_000253,SmoothCylinder,185.5,45.2,-0.0958457525202241,-0.9953961983671787
SmoothCylinder_new_000254,SmoothCylinder,219.6,75.0,-0.6374239897486896,-0.7705132427757893
SmoothCylinder_new_000255,SmoothCylinder,283.1,67.7,-0.9739759672790514,0.22665130743685571
SmoothCylinder_new_000256,SmoothCylinder,147.7,70.7,0.5343523493898265,-0.8452618332218561
SmoothCylinder_new_000257,SmoothCylinder,123.0,62.2,0.8386705679454239,-0.5446390350150271
SmoothCylinder_new_000258,SmoothCylinder,23.8,58.2,0.40354529635239006,0.9149596678498247
SmoothCylinder_new_000259,SmoothCylinder,163.5,74.8,0.2840153447039226,-0.958819734868193
SmoothCylinder_new_000260,SmoothCylinder,37.4,58.6,0.6073758397232867,0.7944146205354181
SmoothCylinder_new_000261,SmoothCylinder,239.4,55.8,-0.8607420270039438,-0.5090414157503711
SmoothCylinder_new_000262,SmoothCylinder,204.3,65.1,-0.4115143586051089,-0.9114032766354452
SmoothCylinder_new_000263,SmoothCylinder,35.7,55.4,0.5835412113561176,0.8120835268918062
SmoothCylinder_new_000264,SmoothCylinder,64.8,58.1,0.9048270524660196,0.42577929156507266
SmoothCylinder_new_000265,SmoothCylinder,216.3,54.6,-0.5920131787992196,-0.8059282822485158
SmoothCylinder_new_000266,SmoothCylinder,331.7,35.6,-0.4740882090471168,0.8804773535091617
SmoothCylinder_new_000267,SmoothCylinder,243.8,36.0,-0.8972583696743284,-0.4415058527917453
SmoothCylinder_new_000268,SmoothCylinder,203.2,62.1,-0.3939419095909507,-0.9191353392552346
SmoothCylinder_new_000269,SmoothCylinder,49.6,44.6,0.7615383075367367,0.6481199010631309
SmoothCylinder_new_000270,SmoothCylinder,337.5,61.3,-0.38268343236508956,0.9238795325112868
SmoothCylinder_new_000271,SmoothCylinder,159.1,74.5,0.35673799931962524,-0.9342044743210295
SmoothCylinder_new_000272,SmoothCylinder,134.0,60.6,0.7193398003386511,-0.6946583704589974
SmoothCylinder_new_000273,SmoothCylinder,332.7,73.1,-0.4586495544843149,0.8886172326549489
SmoothCylinder_new_000274,SmoothCylinder,96.6,54.6,0.9933727656003964,-0.11493715049286649
SmoothCylinder_new_000275,SmoothCylinder,73.7,36.3,0.9598052919751869,0.2806667089207877
SmoothCylinder_new_000276,SmoothCylinder,4.9,46.2,0.08541692313736747,0.9963452961909064
SmoothCylinder_new_000277,SmoothCylinder,300.3,30.5,-0.8633955506067718,0.504527623815019
SmoothCylinder_new_000278,SmoothCylinder,53.8,38.0,0.8069603121438019,0.5906056676199254
SmoothCylinder_new_000279,SmoothCylinder,310.8,57.9,-0.7569950556517565,0.6534206039901054
SmoothCylinder_new_000280,SmoothCylinder,335.3,74.3,-0.4178670738010768,0.9085081775267217
SmoothCylinder_new_000281,SmoothCylinder,113.6,70.9,0.9163627295622396,-0.4003490325568948
SmoothCylinder_new_000282,SmoothCylinder,160.6,60.1,0.33216113188370366,-0.9432226579476009
SmoothCylinder_new_000283,SmoothCylinder,240.4,39.1,-0.869494929505219,-0.493941866584231
SmoothCylinder_new_000284,SmoothCylinder,102.5,54.9,0.9762960071199334,-0.2164396139381028
SmoothCylinder_new_000285,SmoothCylinder,41.7,50.0,0.6652303546543609,0.7466381822853914
SmoothCylinder_new_000286,SmoothCylinder,301.7,69.4,-0.8508111094240512,0.5254716510722678
SmoothCylinder_new_000287,SmoothCylinder,201.1,46.7,-0.35999680812005125,-0.932953534825489
SmoothCylinder_new_000288,SmoothCylinder,187.2,74.4,-0.12533323356430384,-0.9921147013144779
SmoothCylinder_new_000289,SmoothCylinder,126.5,51.2,0.8038568606172174,-0.5948227867513411
SmoothCylinder_new_000290,SmoothCylinder,324.8,31.4,-0.5764323161697934,0.8171448983351284
SmoothCylinder_new_000291,SmoothCylinder,299.0,45.0,-0.8746197071393956,0.4848096202463373
SmoothCylinder_new_000292,SmoothCylinder,345.7,69.0,-0.24699901272274358,0.9690157314068694
SmoothCylinder_new_000293,SmoothCylinder,80.0,42.4,0.984807753012208,0.17364817766693041
SmoothCylinder_new_000294,SmoothCylinder,165.7,55.8,0.24699901272274305,-0.9690157314068695
SmoothCylinder_new_000295,SmoothCylinder,99.6,67.0,0.985996037070505,-0.16676874671610223
SmoothCylinder_new_000296,SmoothCylinder,113.5,71.6,0.917060074385124,-0.39874906892524614
SmoothCylinder_new_000297,SmoothCylinder,343.1,41.3,-0.2907021935982521,0.9568135840576075
SmoothCylinder_new_000298,SmoothCylinder,215.1,63.6,-0.5750052520432786,-0.8181497174250235
SmoothCylinder_new_000299,SmoothCylinder,43.7,72.7,0.6908824110768584,0.7229671459095681
SmoothCylinder_new_000300,SmoothCylinder,161.6,47.1,0.31564903694710256,-0.9488760116444965
SmoothCylinder_new_000301,SmoothCylinder,63.8,62.8,0.8972583696743284,0.4415058527917452
SmoothCylinder_new_000302,SmoothCylinder,76.6,74.4,0.9727758782093965,0.2317479034941575
SmoothCylinder_new_000303,SmoothCylinder,128.6,57.5,0.781520472418819,-0.623879596709386
SmoothCylinder_new_000304,SmoothCylinder,2.6,74.9,0.04536298812925378,0.9989705697907147
SmoothCylinder_new_000305,SmoothCylinder,193.6,45.5,-0.23514211310258978,-0.9719610005785463
SmoothCylinder_new_000306,SmoothCylinder,303.6,43.5,-0.8329212407100991,0.5533915492433445
SmoothCylinder_new_000307,SmoothCylinder,287.1,65.7,-0.9557930147983301,0.29404032523230383
SmoothCylinder_new_000308,SmoothCylinder,61.7,42.5,0.880477353509162,0.47408820904711624
SmoothCylinder_new_000309,SmoothCylinder,327.7,45.9,-0.5343523493898269,0.8452618332218558
SmoothCylinder_new_000310,SmoothCylinder,175.4,52.7,0.08019892432885893,-0.9967788784562471
SmoothCylinder_new_000311,SmoothCylinder,329.8,45.1,-0.5030199466302353,0.8642748019537045
SmoothCylinder_new_000312,SmoothCylinder,142.7,69.5,0.6059884002657114,-0.7954734808548956
SmoothCylinder_new_000313,SmoothCylinder,229.9,42.1,-0.7649214009184317,-0.6441236297613866
SmoothCylinder_new_000314,SmoothCylinder,130.8,53.9,0.7569950556517564,-0.6534206039901055
SmoothCylinder_new_000315,SmoothCylinder,221.0,52.3,-0.656059028990507,-0.7547095802227721
SmoothCylinder_new_000316,SmoothCylinder,326.2,30.2,-0.5562956155003047,0.8309844692743283
SmoothCylinder_new_000317,SmoothCylinder,74.8,71.2,0.9650164944723114,0.2621891786408647
SmoothCylinder_new_000318,SmoothCylinder,222.9,73.8,-0.6807208689589177,-0.7325428987873788
SmoothCylinder_new_000319,SmoothCylinder,38.9,64.8,0.6279630576493378,0.7782431485260211
SmoothCylinder_new_000320,SmoothCylinder,244.4,50.9,-0.9018325264051138,-0.4320857488019822
SmoothCylinder_new_000321,SmoothCylinder,214.4,72.5,-0.5649670034249378,-0.8251134982782953
SmoothCylinder_new_000322,SmoothCylinder,95.9,57.3,0.9947028171171742,-0.10279253678724679
SmoothCylinder_new_000323,SmoothCylinder,148.4,61.1,0.5239859059700791,-0.8517269341430477
SmoothCylinder_new_000324,SmoothCylinder,4.5,36.7,0.07845909572784494,0.996917333733128
SmoothCylinder_new_000325,SmoothCylinder,310.0,69.1,-0.7660444431189781,0.6427876096865393
SmoothCylinder_new_000326,SmoothCylinder,191.8,63.7,-0.2044960518417903,-0.978867388761685
SmoothCylinder_new_000327,SmoothCylinder,67.9,51.2,0.9265286308718373,0.3762242631393654
SmoothCylinder_new_000328,SmoothCylinder,71.7,31.9,0.9494254776419039,0.3139924559674049
SmoothCylinder_new_000329,SmoothCylinder,294.4,50.1,-0.9106836608061771,0.4131044298245417
SmoothCylinder_new_000330,SmoothCylinder,171.6,31.0,0.14608302856241193,-0.9892723329629882
SmoothCylinder_new_000331,SmoothCylinder,83.2,54.6,0.9929655081065369,0.11840396830650095
SmoothCylinder_new_000332,SmoothCylinder,353.3,38.9,-0.11667073709933325,0.993170649538486
SmoothCylinder_new_000333,SmoothCylinder,79.5,54.1,0.9832549075639546,0.18223552549214744
SmoothCylinder_new_000334,SmoothCylinder,340.4,62.0,-0.33545156975025525,0.9420574527872966
SmoothCylinder_new_000335,SmoothCylinder,15.5,37.7,0.26723837607825685,0.963630453208623
SmoothCylinder_new_000336,SmoothCylinder,256.4,32.2,-0.9719610005785462,-0.2351421131025905
SmoothCylinder_new_000337,SmoothCylinder,335.2,65.8,-0.41945208244617704,0.9077774785329087
SmoothCylinder_new_000338,SmoothCylinder,251.2,59.8,-0.9466492601156963,-0.32226569523051124
SmoothCylinder_new_000339,SmoothCylinder,270.3,72.3,-0.9999862922474267,0.005235963831419959
SmoothCylinder_new_000340,SmoothCylinder,30.9,57.9,0.51354125205817,0.8580649057236446
SmoothCylinder_new_000341,SmoothCylinder,344.6,73.0,-0.2655561174868083,0.9640954042341102
SmoothCylinder_new_000342,SmoothCylinder,37.2,68.1,0.6045991148623748,0.7965299180241963
SmoothCylinder_new_000343,SmoothCylinder,114.8,73.2,0.9077774785329086,-0.4194520824461772
SmoothCylinder_new_000344,SmoothCylinder,266.3,40.5,-0.997915618272179,-0.06453230825295769
SmoothCylinder_new_000345,SmoothCylinder,257.7,43.7,-0.9770455744352636,-0.21303038627497672
SmoothCylinder_new_000346,SmoothCylinder,129.1,30.3,0.7760464070665462,-0.6306758074312859
SmoothCylinder_new_000347,SmoothCylinder,291.3,70.3,-0.931691227585549,0.36325123047297814
SmoothCylinder_new_000348,SmoothCylinder,188.6,32.2,-0.1495353434437094,-0.9887563810470059
SmoothCylinder_new_000349,SmoothCylinder,145.5,60.3,0.5664062369248328,-0.8241261886220157
SmoothCylinder_new_000350,SmoothCylinder,304.4,68.2,-0.8251134982782953,0.5649670034249378
SmoothCylinder_new_000351,SmoothCylinder,158.8,33.3,0.3616245700820921,-0.9323238012155123
SmoothCylinder_new_000352,SmoothCylinder,284.1,32.3,-0.9698720152847466,0.243615011786023
SmoothCylinder_new_000353,SmoothCylinder,252.4,57.3,-0.953190667792947,-0.30236989075044424
SmoothCylinder_new_000354,SmoothCylinder,281.4,49.1,-0.9802711746217219,0.19765734037912602
SmoothCylinder_new_000355,SmoothCylinder,112.9,30.6,0.9211854055657211,-0.3891239501402064
SmoothCylinder_new_000356,SmoothCylinder,133.4,46.4,0.7265746709709759,-0.6870875108044229
SmoothCylinder_new_000357,SmoothCylinder,34.3,73.0,0.5635260489375714,0.8260982944957639
SmoothCylinder_new_000358,SmoothCylinder,45.9,64.0,0.7181262977631888,0.6959127965923143
SmoothCylinder_new_000359,SmoothCylinder,150.1,51.8,0.4984877397538304,-0.8668967489356028
SmoothCylinder_new_000360,SmoothCylinder,151.6,50.9,0.4756242090702755,-0.8796485728666164
SmoothCylinder_new_000361,SmoothCylinder,66.5,50.8,0.917060074385124,0.39874906892524625
SmoothCylinder_new_000362,SmoothCylinder,16.7,36.9,0.28736051984971195,0.9578224948453149
SmoothCylinder_new_000363,SmoothCylinder,329.6,48.0,-0.5060337641211639,0.8625136692072574
SmoothCylinder_new_000364,SmoothCylinder,8.2,40.6,0.14262893370551163,0.989776230907789
SmoothCylinder_new_000365,SmoothCylinder,287.7,41.3,-0.9526614812535862,0.30403306092549043
SmoothCylinder_new_000366,SmoothCylinder,186.0,65.1,-0.1045284632676535,-0.9945218953682733
SmoothCylinder_new_000367,SmoothCylinder,13.1,59.9,0.22665130743685502,0.9739759672790517
SmoothCylinder_new_000368,SmoothCylinder,167.1,30.8,0.22325011601095168,-0.9747611941912216
SmoothCylinder_new_000369,SmoothCylinder,3.2,54.4,0.0558215049931638,0.998440764181981
SmoothCylinder_new_000370,SmoothCylinder,122.8,74.6,0.8405666034956844,-0.5417082102827397
SmoothCylinder_new_000371,SmoothCylinder,185.8,60.6,-0.10105629718294659,-0.9948807088287882
SmoothCylinder_new_000372,SmoothCylinder,204.2,41.5,-0.4099230338415726,-0.9121201161722731
SmoothCylinder_new_000373,SmoothCylinder,36.8,69.2,0.5990235985155858,0.8007313709487335
SmoothCylinder_new_000374,SmoothCylinder,133.1,51.2,0.7301622766207525,-0.683273773680799
SmoothCylinder_new_000375,SmoothCylinder,7.8,72.7,0.13571557243430438,0.9907478404714436
SmoothCylinder_new_000376,SmoothCylinder,114.4,67.3,0.9106836608061771,-0.4131044298245418
SmoothCylinder_new_000377,SmoothCylinder,175.5,43.9,0.07845909572784507,-0.996917333733128
SmoothCylinder_new_000378,SmoothCylinder,108.9,56.3,0.9460853588275453,-0.32391741819814945
SmoothCylinder_new_000379,SmoothCylinder,210.6,51.6,-0.5090414157503712,-0.8607420270039436
SmoothCylinder_new_000380,SmoothCylinder,135.9,35.5,0.6959127965923141,-0.718126297763189
SmoothCylinder_new_000381,SmoothCylinder,23.8,38.6,0.40354529635239006,0.9149596678498247
SmoothCylinder_new_000382,SmoothCylinder,219.9,37.5,-0.6414496315691579,-0.7671651518152995
SmoothCylinder_new_000383,SmoothCylinder,218.7,47.4,-0.6252426563357049,-0.78043040733833
SmoothCylinder_new_000384,SmoothCylinder,212.2,49.6,-0.5328762760707296,-0.8461931661275642
SmoothCylinder_new_000385,SmoothCylinder,99.3,38.8,0.9868557164068074,-0.16160382110336097
SmoothCylinder_new_000386,SmoothCylinder,137.0,45.2,0.6819983600624986,-0.7313537016191705
SmoothCylinder_new_000387,SmoothCylinder,29.9,62.2,0.49848773975383026,0.8668967489356028
SmoothCylinder_new_000388,SmoothCylinder,38.8,61.3,0.6266038113644604,0.7793379649314742
SmoothCylinder_new_000389,SmoothCylinder,36.4,69.8,0.5934188866037015,0.8048937973559142
SmoothCylinder_new_000390,SmoothCylinder,225.1,62.8,-0.7083398377245287,-0.7058715706786812
SmoothCylinder_new_000391,SmoothCylinder,64.3,41.3,0.9010770213220916,0.43365908458754443
SmoothCylinder_new_000392,SmoothCylinder,182.7,49.8,-0.04710645070964227,-0.99888987496197
SmoothCylinder_new_000393,SmoothCylinder,85.5,36.0,0.996917333733128,0.078459095727845
SmoothCylinder_new_000394,SmoothCylinder,125.3,70.4,0.8161375900801604,-0.5778576243835052
SmoothCylinder_new_000395,SmoothCylinder,58.3,32.4,0.8508111094240511,0.5254716510722678
SmoothCylinder_new_000396,SmoothCylinder,359.0,49.6,-0.01745240643728356,0.9998476951563913
SmoothCylinder_new_000397,SmoothCylinder,161.1,30.8,0.32391741819814945,-0.9460853588275453
SmoothCylinder_new_000398,SmoothCylinder,266.9,69.4,-0.9985366703262117,-0.05407881298477566
SmoothCylinder_new_000399,SmoothCylinder,307.9,35.9,-0.789084084834691,0.6142852000989428
SmoothCylinder_new_000400,SmoothCylinder,90.4,51.6,0.9999756307053947,-0.0069812602979617226
SmoothCylinder_new_000401,SmoothCylinder,67.6,68.8,0.9245460336123131,0.38107037635027424
SmoothCylinder_new_000402,SmoothCylinder,214.5,33.4,-0.5664062369248329,-0.8241261886220156
SmoothCylinder_new_000403,SmoothCylinder,19.2,71.4,0.32886664673858323,0.9443763702374811
SmoothCylinder_new_000404,SmoothCylinder,2.8,63.7,0.04884976979561326,0.9988061373414341
SmoothCylinder_new_000405,SmoothCylinder,259.3,41.8,-0.9826127965436152,-0.1856666153855773
SmoothCylinder_new_000406,SmoothCylinder,109.5,66.0,0.9426414910921783,-0.333806859233771
SmoothCylinder_new_000407,SmoothCylinder,207.6,39.0,-0.46329603511986145,-0.8862035792312148
SmoothCylinder_new_000408,SmoothCylinder,176.0,38.4,0.06975647374412552,-0.9975640502598242
SmoothCylinder_new_000409,SmoothCylinder,137.2,69.1,0.6794413042615167,-0.7337298645028763
SmoothCylinder_new_000410,SmoothCylinder,221.8,48.2,-0.6665324702494526,-0.745475999682862
SmoothCylinder_new_000411,SmoothCylinder,214.7,63.9,-0.5692795234308441,-0.8221440410307375
SmoothCylinder_new_000412,SmoothCylinder,74.8,72.3,0.9650164944723114,0.2621891786408647
SmoothCylinder_new_000413,SmoothCylinder,192.2,57.2,-0.2113247964553886,-0.9774158942860959
SmoothCylinder_new_000414,SmoothCylinder,155.7,33.4,0.4115143586051091,-0.9114032766354451
SmoothCylinder_new_000415,SmoothCylinder,41.5,36.0,0.6626200482157375,0.7489557207890022
SmoothCylinder_new_000416,SmoothCylinder,54.4,61.9,0.8131007610470277,0.5821229701572894
SmoothCylinder_new_000417,SmoothCylinder,342.5,72.7,-0.300705799504273,0.9537169507482269
SmoothCylinder_new_000418,SmoothCylinder,30.5,34.4,0.5075383629607041,0.8616291604415258
SmoothCylinder_new_000419,SmoothCylinder,53.3,46.4,0.8017756442437539,0.5976251469755212
SmoothCylinder_new_000420,SmoothCylinder,103.2,67.3,0.9735789028731603,-0.22835087011065577
SmoothCylinder_new_000421,SmoothCylinder,312.7,64.0,-0.7349145951499602,0.6781596698680703
SmoothCylinder_new_000422,SmoothCylinder,233.3,33.1,-0.8017756442437538,-0.5976251469755214
SmoothCylinder_new_000423,SmoothCylinder,285.6,44.6,-0.963162566797658,0.2689198206152663
SmoothCylinder_new_000424,SmoothCylinder,36.3,74.0,0.5920131787992196,0.8059282822485158
SmoothCylinder_new_000425,SmoothCylinder,157.5,46.7,0.3826834323650899,-0.9238795325112867
SmoothCylinder_new_000426,SmoothCylinder,92.8,37.2,0.9988061373414341,-0.04884976979561327
SmoothCylinder_new_000427,SmoothCylinder,178.9,62.9,0.01919744239968948,-0.9998157121216442
SmoothCylinder_new_000428,SmoothCylinder,60.4,54.2,0.869494929505219,0.49394186658423106
SmoothCylinder_new_000429,SmoothCylinder,45.6,74.6,0.7144726796328034,0.6996633405133654
SmoothCylinder_new_000430,SmoothCylinder,76.1,46.6,0.9707164815781908,0.2402280424772638
SmoothCylinder_new_000431,SmoothCylinder,56.0,59.4,0.8290375725550417,0.5591929034707468
SmoothCylinder_new_000432,SmoothCylinder,205.3,32.4,-0.42735786338719234,-0.9040825496607784
SmoothCylinder_new_000433,SmoothCylinder,72.3,68.9,0.9526614812535862,0.30403306092549043
SmoothCylinder_new_000434,SmoothCylinder,123.9,37.7,0.8300122850953675,-0.5577451089796901
SmoothCylinder_new_000435,SmoothCylinder,27.3,34.5,0.45864955448431494,0.8886172326549489
SmoothCylinder_new_000436,SmoothCylinder,210.0,45.0,-0.5000000000000001,-0.8660254037844386
SmoothCylinder_new_000437,SmoothCylinder,36.3,42.4,0.5920131787992196,0.8059282822485158
SmoothCylinder_new_000438,SmoothCylinder,24.8,55.8,0.4194520824461771,0.9077774785329087
SmoothCylinder_new_000439,SmoothCylinder,277.8,69.6,-0.9907478404714436,0.1357155724343046
SmoothCylinder_new_000440,SmoothCylinder,27.9,66.0,0.46792981426057334,0.8837656300886935
SmoothCylinder_new_000441,SmoothCylinder,312.9,55.9,-0.7325428987873792,0.6807208689589174
SmoothCylinder_new_000442,SmoothCylinder,97.9,47.9,0.9905094632383088,-0.13744454603714668
SmoothCylinder_new_000443,SmoothCylinder,327.8,40.6,-0.53287627607073,0.846193166127564
SmoothCylinder_new_000444,SmoothCylinder,229.9,60.3,-0.7649214009184317,-0.6441236297613866
SmoothCylinder_new_000445,SmoothCylinder,312.7,50.0,-0.7349145951499602,0.6781596698680703
SmoothCylinder_new_000446,SmoothCylinder,331.4,69.8,-0.47869185794060704,0.8779829754279804
SmoothCylinder_new_000447,SmoothCylinder,329.2,72.7,-0.512042864870572,0.8589598969306641
SmoothCylinder_new_000448,SmoothCylinder,351.3,33.6,-0.1512608202472189,0.9884938868086836
SmoothCylinder_new_000449,SmoothCylinder,14.6,72.7,0.25206935824311366,0.9677091704819712
SmoothCylinder_new_000450,SmoothCylinder,280.3,33.2,-0.9838850379335415,0.17880221511634978
SmoothCylinder_new_000451,SmoothCylinder,236.4,50.8,-0.8329212407100994,-0.5533915492433442
SmoothCylinder_new_000452,SmoothCylinder,11.4,47.2,0.19765734037912616,0.9802711746217219
SmoothCylinder_new_000453,SmoothCylinder,45.9,32.4,0.7181262977631888,0.6959127965923143
SmoothCylinder_new_000454,SmoothCylinder,297.8,43.5,-0.884580975215084,0.466386640339891
SmoothCylinder_new_000455,SmoothCylinder,114.7,43.0,0.9085081775267217,-0.41786707380107696
SmoothCylinder_new_000456,SmoothCylinder,296.1,39.0,-0.8980275757606156,0.439939169855915
SmoothCylinder_new_000457,SmoothCylinder,248.2,74.5,-0.9284858268809134,-0.3713678355502353
SmoothCylinder_new_000458,SmoothCylinder,247.8,30.7,-0.9258705848099947,-0.37784078681846717
SmoothCylinder_new_000459,SmoothCylinder,276.9,56.3,-0.9927573419294456,0.12013683883464653
SmoothCylinder_new_000460,SmoothCylinder,165.9,43.7,0.24361501178602243,-0.9698720152847468
SmoothCylinder_new_000461,SmoothCylinder,129.1,51.1,0.7760464070665462,-0.6306758074312859
SmoothCylinder_new_000462,SmoothCylinder,194.7,61.0,-0.25375794458480555,-0.9672677527758768
SmoothCylinder_new_000463,SmoothCylinder,6.1,37.3,0.1062640713362332,0.9943379441332046
SmoothCylinder_new_000464,SmoothCylinder,296.3,51.7,-0.8964864303834407,0.4430711908241794
SmoothCylinder_new_000465,SmoothCylinder,246.7,65.6,-0.9184463813430869,-0.3955455025629655
SmoothCylinder_new_000466,SmoothCylinder,130.0,71.4,0.766044443118978,-0.6427876096865394
SmoothCylinder_new_000467,SmoothCylinder,51.7,65.8,0.7847763705330829,0.6197790317951402
SmoothCylinder_new_000468,SmoothCylinder,151.0,47.0,0.48480962024633717,-0.8746197071393957
SmoothCylinder_new_000469,SmoothCylinder,77.8,48.3,0.9774158942860959,0.2113247964553888
SmoothCylinder_new_000470,SmoothCylinder,254.0,54.0,-0.961261695938319,-0.2756373558169989
SmoothCylinder_new_000471,SmoothCylinder,339.9,64.4,-0.3436596945856166,0.9390942520947089
SmoothCylinder_new_000472,SmoothCylinder,350.7,37.5,-0.16160382110336105,0.9868557164068072
SmoothCylinder_new_000473,SmoothCylinder,207.3,30.6,-0.45864955448431494,-0.8886172326549489
SmoothCylinder_new_000474,SmoothCylinder,2.9,40.1,0.05059294007671331,0.9987193571841863
SmoothCylinder_new_000475,SmoothCylinder,72.2,33.4,0.9521293927421387,0.3056953049631057
SmoothCylinder_new_000476,SmoothCylinder,359.0,74.7,-0.01745240643728356,0.9998476951563913
SmoothCylinder_new_000477,SmoothCylinder,214.0,36.2,-0.5591929034707467,-0.8290375725550418
SmoothCylinder_new_000478,SmoothCylinder,46.1,52.4,0.7205511116803304,0.693401828275813
SmoothCylinder_new_000479,SmoothCylinder,58.2,39.4,0.849892692986864,0.5269557954966775
SmoothCylinder_new_000480,SmoothCylinder,227.5,54.1,-0.7372773368101239,-0.6755902076156604
SmoothCylinder_new_000481,SmoothCylinder,58.3,41.3,0.8508111094240511,0.5254716510722678
SmoothCylinder_new_000482,SmoothCylinder,244.5,50.8,-0.9025852843498606,-0.43051109680829514
SmoothCylinder_new_000483,SmoothCylinder,87.4,51.8,0.9989705697907147,0.045362988129253684
SmoothCylinder_new_000484,SmoothCylinder,285.8,45.3,-0.9622179935292853,0.27228024704057474
SmoothCylinder_new_000485,SmoothCylinder,110.5,37.8,0.9366721892483977,-0.3502073812594673
SmoothCylinder_new_000486,SmoothCylinder,252.2,43.5,-0.9521293927421386,-0.30569530496310604
SmoothCylinder_new_000487,SmoothCylinder,224.7,51.3,-0.7033947028105038,-0.7107994738729927
SmoothCylinder_new_000488,SmoothCylinder,325.4,67.4,-0.567843745053102,0.8231363685344414
SmoothCylinder_new_000489,SmoothCylinder,206.3,49.8,-0.44307119082417984,-0.8964864303834404
SmoothCylinder_new_000490,SmoothCylinder,155.3,33.8,0.4178670738010767,-0.9085081775267219
SmoothCylinder_new_000491,SmoothCylinder,5.1,61.0,0.08889429686644151,0.9960410654107695
SmoothCylinder_new_000492,SmoothCylinder,137.6,32.8,0.6743023875837236,-0.7384553406258836
SmoothCylinder_new_000493,SmoothCylinder,20.4,46.0,0.3485720473218152,0.9372819894918915
SmoothCylinder_new_000494,SmoothCylinder,56.6,48.9,0.8348478632634065,0.5504807400849956
SmoothCylinder_new_000495,SmoothCylinder,275.5,49.8,-0.9953961983671789,0.09584575252022405
SmoothCylinder_new_000496,SmoothCylinder,54.4,46.4,0.8131007610470277,0.5821229701572894
SmoothCylinder_new_000497,SmoothCylinder,91.8,30.7,0.9995065603657316,-0.03141075907812828
SmoothCylinder_new_000498,SmoothCylinder,161.5,35.8,0.31730465640509214,-0.9483236552061993
SmoothCylinder_new_000499,SmoothCylinder,201.8,41.4,-0.371367835550235,-0.9284858268809135
SmoothCylinder_new_000500,SmoothCylinder,138.3,55.0,0.6652303546543606,-0.7466381822853916
SmoothCylinder_new_000501,SmoothCylinder,124.1,48.9,0.8280603346224945,-0.5606389945632415
SmoothCylinder_new_000502,SmoothCylinder,2.8,60.2,0.04884976979561326,0.9988061373414341
SmoothCylinder_new_000503,SmoothCylinder,63.7,40.8,0.8964864303834406,0.4430711908241796
SmoothCylinder_new_000504,SmoothCylinder,179.0,71.7,0.01745240643728344,-0.9998476951563913
SmoothCylinder_new_000505,SmoothCylinder,112.8,54.3,0.9218631515885006,-0.3875155864521028
SmoothCylinder_new_000506,SmoothCylinder,339.9,68.2,-0.3436596945856166,0.9390942520947089
SmoothCylinder_new_000507,SmoothCylinder,71.4,62.6,0.9477684100095858,0.3189593092980698
SmoothCylinder_new_000508,SmoothCylinder,221.3,40.6,-0.660001667960937,-0.751264133503511
SmoothCylinder_new_000509,SmoothCylinder,92.4,32.7,0.9991228300988584,-0.04187565372919962
SmoothCylinder_new_000510,SmoothCylinder,126.3,59.2,0.8059282822485158,-0.5920131787992196
SmoothCylinder_new_000511,SmoothCylinder,356.7,54.8,-0.0575640269595675,0.9983418166140283
SmoothCylinder_new_000512,SmoothCylinder,283.1,50.8,-0.9739759672790514,0.22665130743685571
SmoothCylinder_new_000513,SmoothCylinder,357.5,38.0,-0.043619387365336194,0.9990482215818578
SmoothCylinder_new_000514,SmoothCylinder,258.7,37.8,-0.980614658546613,-0.19594614424251802
SmoothCylinder_new_000515,SmoothCylinder,164.7,71.4,0.26387304996537325,-0.964557418457798
SmoothCylinder_new_000516,SmoothCylinder,263.8,39.2,-0.9941509639723154,-0.10799935570602252
SmoothCylinder_new_000517,SmoothCylinder,285.3,59.9,-0.9645574184577981,0.263873049965373
SmoothCylinder_new_000518,SmoothCylinder,116.6,48.4,0.8941542368393682,-0.4477590878387696
SmoothCylinder_new_000519,SmoothCylinder,217.3,60.4,-0.6059884002657112,-0.7954734808548958
SmoothCylinder_new_000520,SmoothCylinder,246.0,43.6,-0.913545457642601,-0.4067366430758001
SmoothCylinder_new_000521,SmoothCylinder,165.1,66.1,0.25713279315469656,-0.9663760793213293
SmoothCylinder_new_000522,SmoothCylinder,5.0,41.9,0.08715574274765817,0.9961946980917455
SmoothCylinder_new_000523,SmoothCylinder,199.9,72.5,-0.34037955021305016,-0.9402881270104189
SmoothCylinder_new_000524,SmoothCylinder,245.0,59.0,-0.90630778703665,-0.42261826174069916
SmoothCylinder_new_000525,SmoothCylinder,261.3,53.1,-0.9884938868086836,-0.15126082024721882
SmoothCylinder_new_000526,SmoothCylinder,159.9,41.1,0.3436596945856161,-0.9390942520947091
SmoothCylinder_new_000527,SmoothCylinder,156.2,41.4,0.40354529635239006,-0.9149596678498247
SmoothCylinder_new_000528,SmoothCylinder,180.6,34.3,-0.010471784116245463,-0.9999451693655121
SmoothCylinder_new_000529,SmoothCylinder,91.5,73.6,0.9996573249755573,-0.026176948307873017
SmoothCylinder_new_000530,SmoothCylinder,245.6,58.0,-0.910683660806177,-0.41310442982454204
SmoothCylinder_new_000531,SmoothCylinder,245.7,43.1,-0.9114032766354451,-0.41151435860510915
SmoothCylinder_new_000532,SmoothCylinder,295.9,54.6,-0.8995577789551806,0.4368017883677015
SmoothCylinder_new_000533,SmoothCylinder,95.9,47.5,0.9947028171171742,-0.10279253678724679
SmoothCylinder_new_000534,SmoothCylinder,258.1,71.4,-0.9785089851017784,-0.20620418539662932
SmoothCylinder_new_000535,SmoothCylinder,29.9,54.2,0.49848773975383026,0.8668967489356028
SmoothCylinder_new_000536,SmoothCylinder,246.5,43.2,-0.9170600743851239,-0.3987490689252466
SmoothCylinder_new_000537,SmoothCylinder,157.1,34.3,0.38912395014020634,-0.9211854055657211
SmoothCylinder_new_000538,SmoothCylinder,338.5,56.6,-0.36650122672429725,0.9304175679820246
SmoothCylinder_new_000539,SmoothCylinder,12.5,42.3,0.21643961393810288,0.9762960071199334
SmoothCylinder_new_000540,SmoothCylinder,262.1,57.4,-0.9905094632383089,-0.13744454603714626
SmoothCylinder_new_000541,SmoothCylinder,0.1,34.5,0.0017453283658983088,0.9999984769132877
SmoothCylinder_new_000542,SmoothCylinder,172.1,62.9,0.13744454603714665,-0.9905094632383088
SmoothCylinder_new_000543,SmoothCylinder,103.2,68.7,0.9735789028731603,-0.22835087011065577
SmoothCylinder_new_000544,SmoothCylinder,144.4,40.2,0.5821229701572895,-0.8131007610470276
SmoothCylinder_new_000545,SmoothCylinder,91.3,72.7,0.9997426093226983,-0.02268733357278122
SmoothCylinder_new_000546,SmoothCylinder,255.1,52.3,-0.9663760793213293,-0.25713279315469617
SmoothCylinder_new_000547,SmoothCylinder,296.5,59.8,-0.8949343616020249,0.4461978131098091
SmoothCylinder_new_000548,SmoothCylinder,264.9,37.8,-0.9960410654107695,-0.08889429686644237
SmoothCylinder_new_000549,SmoothCylinder,138.4,69.6,0.6639262126522414,-0.747798090498532
SmoothCylinder_new_000550,SmoothCylinder,356.6,54.4,-0.05930637357596173,0.9982398279237653
SmoothCylinder_new_000551,SmoothCylinder,256.1,30.9,-0.9707164815781909,-0.24022804247726304
SmoothCylinder_new_000552,SmoothCylinder,143.2,43.9,0.599023598515586,-0.8007313709487334
SmoothCylinder_new_000553,SmoothCylinder,35.0,34.7,0.573576436351046,0.8191520442889918
SmoothCylinder_new_000554,SmoothCylinder,243.4,46.5,-0.8941542368393683,-0.44775908783876944
SmoothCylinder_new_000555,SmoothCylinder,203.5,34.1,-0.3987490689252463,-0.917060074385124
SmoothCylinder_new_000556,SmoothCylinder,299.4,62.1,-0.8712138111201895,0.4909037536151407
SmoothCylinder_new_000557,SmoothCylinder,294.6,36.9,-0.9092361090470683,0.41628079226040177
SmoothCylinder_new_000558,SmoothCylinder,211.6,41.2,-0.5239859059700789,-0.8517269341430478
SmoothCylinder_new_000559,SmoothCylinder,75.8,70.5,0.9694453498951389,0.24530738587880274
SmoothCylinder_new_000560,SmoothCylinder,63.1,35.2,0.8917975296052141,0.45243470931178265
SmoothCylinder_new_000561,SmoothCylinder,355.9,35.5,-0.07149744433268615,0.997440782930944
SmoothCylinder_new_000562,SmoothCylinder,350.9,50.4,-0.15815806725448367,0.9874138067509114
SmoothCylinder_new_000563,SmoothCylinder,348.4,39.2,-0.20107792114596473,0.9795752495993441
SmoothCylinder_new_000564,SmoothCylinder,20.5,38.7,0.35020738125946743,0.9366721892483976
SmoothCylinder_new_000565,SmoothCylinder,204.8,74.9,-0.41945208244617715,-0.9077774785329087
SmoothCylinder_new_000566,SmoothCylinder,124.1,72.4,0.8280603346224945,-0.5606389945632415
SmoothCylinder_new_000567,SmoothCylinder,189.8,52.1,-0.1702094991660329,-0.9854078984834901
SmoothCylinder_new_000568,SmoothCylinder,350.0,52.1,-0.1736481776669304,0.984807753012208
SmoothCylinder_new_000569,SmoothCylinder,268.2,64.0,-0.9995065603657316,-0.0314107590781283
SmoothCylinder_new_000570,SmoothCylinder,306.4,57.2,-0.8048937973559145,0.5934188866037009
SmoothCylinder_new_000571,SmoothCylinder,242.0,55.9,-0.882947592858927,-0.46947156278589075
SmoothCylinder_new_000572,SmoothCylinder,43.1,48.3,0.6832737736807992,0.7301622766207523
SmoothCylinder_new_000573,SmoothCylinder,161.9,42.0,0.3106764296307318,-0.9505157316277837
SmoothCylinder_new_000574,SmoothCylinder,49.3,34.2,0.7581343361976522,0.6520984038303922
SmoothCylinder_new_000575,SmoothCylinder,292.0,31.3,-0.9271838545667874,0.37460659341591196
SmoothCylinder_new_000576,SmoothCylinder,71.1,44.8,0.9460853588275453,0.32391741819814956
SmoothCylinder_new_000577,SmoothCylinder,236.1,73.7,-0.8300122850953676,-0.55774510897969
SmoothCylinder_new_000578,SmoothCylinder,245.1,72.7,-0.9070440142914651,-0.4210358133674908
SmoothCylinder_new_000579,SmoothCylinder,73.2,44.9,0.9573194975320672,0.2890317969444716
SmoothCylinder_new_000580,SmoothCylinder,51.6,39.0,0.7836934573258398,0.6211477802783103
SmoothCylinder_new_000581,SmoothCylinder,330.0,32.9,-0.5000000000000004,0.8660254037844384
SmoothCylinder_new_000582,SmoothCylinder,278.8,51.0,-0.9882283814465528,0.15298583628403808
SmoothCylinder_new_000583,SmoothCylinder,211.9,57.2,-0.528438334722347,-0.8489716876291415
SmoothCylinder_new_000584,SmoothCylinder,216.2,74.2,-0.5906056676199251,-0.8069603121438021
SmoothCylinder_new_000585,SmoothCylinder,131.8,69.9,0.745475999682862,-0.6665324702494527
SmoothCylinder_new_000586,SmoothCylinder,261.4,62.0,-0.9887563810470058,-0.14953534344371014
SmoothCylinder_new_000587,SmoothCylinder,345.3,64.5,-0.2537579445848059,0.9672677527758767
SmoothCylinder_new_000588,SmoothCylinder,153.0,68.9,0.45399049973954686,-0.8910065241883678
SmoothCylinder_new_000589,SmoothCylinder,339.3,54.6,-0.3534748437792571,0.9354440308298674
SmoothCylinder_new_000590,SmoothCylinder,152.5,37.3,0.4617486132350339,-0.8870108331782217
SmoothCylinder_new_000591,SmoothCylinder,31.6,46.0,0.5239859059700791,0.8517269341430477
SmoothCylinder_new_000592,SmoothCylinder,100.6,46.4,0.9829353491495543,-0.18395135061272014
SmoothCylinder_new_000593,SmoothCylinder,308.9,65.7,-0.7782431485260214,0.6279630576493374
SmoothCylinder_new_000594,SmoothCylinder,255.8,57.4,-0.9694453498951389,-0.24530738587880244
SmoothCylinder_new_000595,SmoothCylinder,182.3,65.5,-0.040131792532559774,-0.999194395114446
SmoothCylinder_new_000596,SmoothCylinder,348.6,36.8,-0.19765734037912558,0.980271174621722
SmoothCylinder_new_000597,SmoothCylinder,346.6,61.9,-0.23174790349415722,0.9727758782093966
SmoothCylinder_new_000598,SmoothCylinder,94.3,73.2,0.9971851335251157,-0.07497872682632763
SmoothCylinder_new_000599,SmoothCylinder,246.4,47.2,-0.9163627295622395,-0.40034903255689525
SmoothCylinder_new_000600,SmoothCylinder,138.0,48.4,0.6691306063588583,-0.743144825477394
SmoothCylinder_new_000601,SmoothCylinder,19.3,33.5,0.3305143927132231,0.9438009515832294
SmoothCylinder_new_000602,SmoothCylinder,161.8,38.1,0.31233491851223244,-0.9499720515246526
SmoothCylinder_new_000603,SmoothCylinder,87.8,39.4,0.9992629164106211,0.038387809087520056
SmoothCylinder_new_000604,SmoothCylinder,64.9,53.6,0.9055687990111396,0.4241994227453901
SmoothCylinder_new_000605,SmoothCylinder,344.6,67.6,-0.2655561174868083,0.9640954042341102
SmoothCylinder_new_000606,SmoothCylinder,347.0,63.2,-0.22495105434386534,0.9743700647852351
SmoothCylinder_new_000607,SmoothCylinder,21.4,71.8,0.3648767843376196,0.9310558158625283
SmoothCylinder_new_000608,SmoothCylinder,53.6,31.4,0.804893797355914,0.5934188866037015
SmoothCylinder_new_000609,SmoothCylinder,77.1,67.8,0.9747611941912218,0.2232501160109514
SmoothCylinder_new_000610,SmoothCylinder,338.4,41.3,-0.3681245526846787,0.9297764858882511
SmoothCylinder_new_000611,SmoothCylinder,122.1,45.8,0.8471219213821373,-0.5313985795180827
SmoothCylinder_new_000612,SmoothCylinder,15.8,39.8,0.27228024704057435,0.9622179935292854
SmoothCylinder_new_000613,SmoothCylinder,295.2,61.7,-0.9048270524660196,0.4257792915650726
SmoothCylinder_new_000614,SmoothCylinder,18.2,43.3,0.31233491851223255,0.9499720515246525
SmoothCylinder_new_000615,SmoothCylinder,354.3,71.4,-0.09931974974363929,0.9950555699612262
SmoothCylinder_new_000616,SmoothCylinder,86.0,32.5,0.9975640502598242,0.06975647374412523
SmoothCylinder_new_000617,SmoothCylinder,355.3,63.5,-0.08193850863004051,0.9966373868180366
SmoothCylinder_new_000618,SmoothCylinder,149.1,69.0,0.5135412520581704,-0.8580649057236444
SmoothCylinder_new_000619,SmoothCylinder,228.7,58.4,-0.7512641335035111,-0.6600016679609368
SmoothCylinder_new_000620,SmoothCylinder,125.9,41.5,0.810041640445796,-0.5863723567357894
SmoothCylinder_new_000621,SmoothCylinder,65.5,34.9,0.9099612708765432,0.41469324265623914
SmoothCylinder_new_000622,SmoothCylinder,84.1,56.8,0.9947028171171742,0.10279253678724691
SmoothCylinder_new_000623,SmoothCylinder,58.8,66.7,0.8553642601605066,0.5180270093731303
SmoothCylinder_new_000624,SmoothCylinder,276.2,57.3,-0.9941509639723155,0.10799935570602215
SmoothCylinder_new_000625,SmoothCylinder,276.4,58.0,-0.9937679191605965,0.11146893220632456
SmoothCylinder_new_000626,SmoothCylinder,5.2,66.5,0.09063258019778016,0.9958843986159703
SmoothCylinder_new_000627,SmoothCylinder,180.4,55.0,-0.00698126029796144,-0.9999756307053947
SmoothCylinder_new_000628,SmoothCylinder,239.0,38.1,-0.8571673007021121,-0.5150380749100545
SmoothCylinder_new_000629,SmoothCylinder,119.9,49.0,0.8668967489356029,-0.4984877397538302
SmoothCylinder_new_000630,SmoothCylinder,239.4,65.2,-0.8607420270039438,-0.5090414157503711
SmoothCylinder_new_000631,SmoothCylinder,82.0,57.8,0.9902680687415704,0.13917310096006547
SmoothCylinder_new_000632,SmoothCylinder,186.7,49.2,-0.11667073709933287,-0.9931706495384861
SmoothCylinder_new_000633,SmoothCylinder,128.5,50.2,0.782608156852414,-0.6225146366376194
SmoothCylinder_new_000634,SmoothCylinder,100.6,68.9,0.9829353491495543,-0.18395135061272014
SmoothCylinder_new_000635,SmoothCylinder,182.2,61.0,-0.038387809087519646,-0.9992629164106213
SmoothCylinder_new_000636,SmoothCylinder,72.3,70.5,0.9526614812535862,0.30403306092549043
SmoothCylinder_new_000637,SmoothCylinder,38.8,31.6,0.6266038113644604,0.7793379649314742
SmoothCylinder_new_000638,SmoothCylinder,329.5,36.1,-0.5075383629607042,0.8616291604415257
SmoothCylinder_new_000639,SmoothCylinder,276.3,74.7,-0.9939609554551797,0.10973431109104535
SmoothCylinder_new_000640,SmoothCylinder,202.0,41.3,-0.374606593415912,-0.9271838545667874
SmoothCylinder_new_000641,SmoothCylinder,128.5,38.7,0.782608156852414,-0.6225146366376194
SmoothCylinder_new_000642,SmoothCylinder,129.4,70.6,0.7727335734973508,-0.6347305132022678
SmoothCylinder_new_000643,SmoothCylinder,203.9,53.8,-0.4051415867798627,-0.9142539552342637
SmoothCylinder_new_000644,SmoothCylinder,105.8,48.6,0.9622179935292854,-0.27228024704057424
SmoothCylinder_new_000645,SmoothCylinder,165.5,37.9,0.25038000405444133,-0.9681476403781077
SmoothCylinder_new_000646,SmoothCylinder,115.0,70.0,0.90630778703665,-0.42261826174069933
SmoothCylinder_new_000647,SmoothCylinder,208.1,49.1,-0.47101188121941,-0.8821268660176678
SmoothCylinder_new_000648,SmoothCylinder,337.9,64.5,-0.3762242631393658,0.9265286308718372
SmoothCylinder_new_000649,SmoothCylinder,297.9,41.4,-0.8837656300886936,0.4679298142605731
SmoothCylinder_new_000650,SmoothCylinder,199.3,45.2,-0.33051439271322325,-0.9438009515832293
SmoothCylinder_new_000651,SmoothCylinder,35.3,45.2,0.5778576243835053,0.8161375900801603
SmoothCylinder_new_000652,SmoothCylinder,104.9,48.1,0.9663760793213293,-0.25713279315469617
SmoothCylinder_new_000653,SmoothCylinder,232.6,56.7,-0.7944146205354179,-0.607375839723287
SmoothCylinder_new_000654,SmoothCylinder,55.7,51.9,0.8260982944957639,0.5635260489375714
SmoothCylinder_new_000655,SmoothCylinder,19.6,52.7,0.33545156975025503,0.9420574527872967
SmoothCylinder_new_000656,SmoothCylinder,87.6,39.6,0.9991228300988584,0.04187565372919975
SmoothCylinder_new_000657,SmoothCylinder,231.5,68.8,-0.7826081568524138,-0.6225146366376196
SmoothCylinder_new_000658,SmoothCylinder,293.6,72.1,-0.9163627295622396,0.4003490325568949
SmoothCylinder_new_000659,SmoothCylinder,22.7,32.1,0.38590604232431863,0.9225380894562464
SmoothCylinder_new_000660,SmoothCylinder,71.2,56.3,0.9466492601156964,0.32226569523051113
SmoothCylinder_new_000661,SmoothCylinder,279.6,62.2,-0.9859960370705049,0.1667687467161023
SmoothCylinder_new_000662,SmoothCylinder,305.5,38.5,-0.814115518356319,0.58070295571094
SmoothCylinder_new_000663,SmoothCylinder,223.3,32.4,-0.6858183529273761,-0.7277727576572105
SmoothCylinder_new_000664,SmoothCylinder,191.6,52.9,-0.20107792114596437,-0.9795752495993442
SmoothCylinder_new_000665,SmoothCylinder,87.6,52.3,0.9991228300988584,0.04187565372919975
SmoothCylinder_new_000666,SmoothCylinder,103.8,53.0,0.9711342799096361,-0.23853345757858072
SmoothCylinder_new_000667,SmoothCylinder,117.3,66.2,0.8886172326549487,-0.458649554484315
SmoothCylinder_new_000668,SmoothCylinder,96.0,43.9,0.9945218953682733,-0.10452846326765355
SmoothCylinder_new_000669,SmoothCylinder,264.4,58.2,-0.9952273999818312,-0.09758289975914979
SmoothCylinder_new_000670,SmoothCylinder,136.5,44.3,0.6883545756937539,-0.7253743710122876
SmoothCylinder_new_000671,SmoothCylinder,331.7,72.3,-0.4740882090471168,0.8804773535091617
SmoothCylinder_new_000672,SmoothCylinder,19.8,52.2,0.3387379202452914,0.9408807689542255
SmoothCylinder_new_000673,SmoothCylinder,346.3,63.6,-0.2368381460656183,0.9715491199976463
SmoothCylinder_new_000674,SmoothCylinder,109.0,72.9,0.9455185755993168,-0.32556815445715664
SmoothCylinder_new_000675,SmoothCylinder,178.6,48.9,0.024432178152653087,-0.9997014897811831
SmoothCylinder_new_000676,SmoothCylinder,150.6,48.1,0.490903753615141,-0.8712138111201894
SmoothCylinder_new_000677,SmoothCylinder,325.8,55.0,-0.5620833778521303,0.827080574274562
SmoothCylinder_new_000678,SmoothCylinder,322.8,55.3,-0.6045991148623747,0.7965299180241964
SmoothCylinder_new_000679,SmoothCylinder,200.7,64.2,-0.35347484377925675,-0.9354440308298675
SmoothCylinder_new_000680,SmoothCylinder,247.1,69.2,-0.9211854055657211,-0.3891239501402064
SmoothCylinder_new_000681,SmoothCylinder,317.2,58.8,-0.6794413042615165,0.7337298645028764
SmoothCylinder_new_000682,SmoothCylinder,175.6,53.9,0.07671902812681887,-0.9970527522269202
SmoothCylinder_new_000683,SmoothCylinder,108.7,73.4,0.9472102777460288,-0.3206129905856763
SmoothCylinder_new_000684,SmoothCylinder,269.4,57.5,-0.9999451693655121,-0.010471784116246214
SmoothCylinder_new_000685,SmoothCylinder,318.0,33.0,-0.6691306063588581,0.7431448254773942
SmoothCylinder_new_000686,SmoothCylinder,96.4,74.6,0.9937679191605964,-0.11146893220632556
SmoothCylinder_new_000687,SmoothCylinder,237.6,45.0,-0.8443279255020149,-0.5358267949789971
SmoothCylinder_new_000688,SmoothCylinder,167.3,38.0,0.2198462043528372,-0.9755345439458567
SmoothCylinder_new_000689,SmoothCylinder,104.3,66.1,0.9690157314068695,-0.24699901272274286
SmoothCylinder_new_000690,SmoothCylinder,241.5,58.3,-0.8788171126619653,-0.4771587602596087
SmoothCylinder_new_000691,SmoothCylinder,64.9,40.0,0.9055687990111396,0.4241994227453901
SmoothCylinder_new_000692,SmoothCylinder,67.1,32.1,0.9211854055657211,0.3891239501402063
SmoothCylinder_new_000693,SmoothCylinder,9.3,61.3,0.16160382110336113,0.9868557164068072
SmoothCylinder_new_000694,SmoothCylinder,226.1,62.3,-0.7205511116803304,-0.693401828275813
SmoothCylinder_new_000695,SmoothCylinder,321.3,68.6,-0.6252426563357051,0.7804304073383298
SmoothCylinder_new_000696,SmoothCylinder,64.2,58.1,0.9003187714021935,0.4352310993723275
SmoothCylinder_new_000697,SmoothCylinder,75.9,75.0,0.9698720152847469,0.24361501178602238
SmoothCylinder_new_000698,SmoothCylinder,299.3,70.8,-0.8720692724321206,0.4893824517488462
SmoothCylinder_new_000699,SmoothCylinder,275.7,44.6,-0.9950555699612263,0.09931974974363886
SmoothCylinder_new_000700,SmoothCylinder,169.4,42.4,0.1839513506127203,-0.9829353491495542
SmoothCylinder_new_000701,SmoothCylinder,169.7,67.1,0.17880221511634964,-0.9838850379335417
SmoothCylinder_new_000702,SmoothCylinder,48.3,69.8,0.7466381822853914,0.6652303546543609
SmoothCylinder_new_000703,SmoothCylinder,55.3,52.0,0.8221440410307373,0.5692795234308443
SmoothCylinder_new_000704,SmoothCylinder,77.5,53.9,0.9762960071199334,0.2164396139381029
SmoothCylinder_new_000705,SmoothCylinder,234.4,53.6,-0.8131007610470278,-0.5821229701572892
SmoothCylinder_new_000706,SmoothCylinder,35.2,43.7,0.5764323161697933,0.8171448983351285
SmoothCylinder_new_000707,SmoothCylinder,89.0,72.3,0.9998476951563913,0.0174524064372836
SmoothCylinder_new_000708,SmoothCylinder,281.3,51.3,-0.980614658546613,0.19594614424251766
SmoothCylinder_new_000709,SmoothCylinder,172.2,45.8,0.13571557243430446,-0.9907478404714436
SmoothCylinder_new_000710,SmoothCylinder,249.9,47.8,-0.9390942520947092,-0.34365969458561574
SmoothCylinder_new_000711,SmoothCylinder,304.9,30.7,-0.8201518758737726,0.5721458734455156
SmoothCylinder_new_000712,SmoothCylinder,158.3,62.5,0.369746757273829,-0.9291325715340563
SmoothCylinder_new_000713,SmoothCylinder,163.8,32.3,0.2789911060392291,-0.9602936856769431
SmoothCylinder_new_000714,SmoothCylinder,324.2,39.5,-0.5849576749872157,0.8110638189893264
SmoothCylinder_new_000715,SmoothCylinder,135.0,72.8,0.7071067811865476,-0.7071067811865475
SmoothCylinder_new_000716,SmoothCylinder,244.4,38.4,-0.9018325264051138,-0.4320857488019822
SmoothCylinder_new_000717,SmoothCylinder,214.1,55.5,-0.5606389945632415,-0.8280603346224946
SmoothCylinder_new_000718,SmoothCylinder,130.6,62.6,0.7592713073348809,-0.6507742172658508
SmoothCylinder_new_000719,SmoothCylinder,261.8,72.2,-0.9897762309077889,-0.1426289337055118
SmoothCylinder_new_000720,SmoothCylinder,226.5,48.2,-0.7253743710122876,-0.688354575693754
SmoothCylinder_new_000721,SmoothCylinder,253.2,33.4,-0.9573194975320671,-0.2890317969444722
SmoothCylinder_new_000722,SmoothCylinder,342.9,46.0,-0.2940403252323043,0.95579301479833
SmoothCylinder_new_000723,SmoothCylinder,42.6,45.8,0.6768759696826607,0.7360970871197343
SmoothCylinder_new_000724,SmoothCylinder,118.5,35.7,0.8788171126619654,-0.47715876025960846
SmoothCylinder_new_000725,SmoothCylinder,233.5,53.8,-0.8038568606172171,-0.5948227867513417
SmoothCylinder_new_000726,SmoothCylinder,318.0,73.7,-0.6691306063588581,0.7431448254773942
SmoothCylinder_new_000727,SmoothCylinder,33.5,55.3,0.5519369853120581,0.8338858220671682
SmoothCylinder_new_000728,SmoothCylinder,207.8,52.4,-0.46638664033989147,-0.8845809752150838
SmoothCylinder_new_000729,SmoothCylinder,323.9,50.8,-0.5891963573533422,0.8079898838980305
SmoothCylinder_new_000730,SmoothCylinder,41.6,37.4,0.6639262126522416,0.7477980904985319
SmoothCylinder_new_000731,SmoothCylinder,105.0,63.2,0.9659258262890683,-0.25881904510252085
SmoothCylinder_new_000732,SmoothCylinder,349.3,64.0,-0.18566661538557738,0.9826127965436152
SmoothCylinder_new_000733,SmoothCylinder,320.1,45.4,-0.6414496315691575,0.7671651518152999
SmoothCylinder_new_000734,SmoothCylinder,147.3,37.9,0.5402403204776548,-0.8415107819453063
SmoothCylinder_new_000735,SmoothCylinder,203.8,52.0,-0.4035452963523902,-0.9149596678498247
SmoothCylinder_new_000736,SmoothCylinder,111.2,44.4,0.9323238012155122,-0.3616245700820923
SmoothCylinder_new_000737,SmoothCylinder,90.4,35.7,0.9999756307053947,-0.0069812602979617226
SmoothCylinder_new_000738,SmoothCylinder,201.1,36.6,-0.35999680812005125,-0.932953534825489
SmoothCylinder_new_000739,SmoothCylinder,175.3,40.4,0.08193850863004083,-0.9966373868180366
SmoothCylinder_new_000740,SmoothCylinder,224.0,53.4,-0.6946583704589974,-0.7193398003386511
SmoothCylinder_new_000741,SmoothCylinder,46.7,42.2,0.7277727576572105,0.6858183529273763
SmoothCylinder_new_000742,SmoothCylinder,358.5,34.0,-0.026176948307873545,0.9996573249755573
SmoothCylinder_new_000743,SmoothCylinder,316.2,50.9,-0.6921431738704072,0.7217602280983617
SmoothCylinder_new_000744,SmoothCylinder,76.1,38.6,0.9707164815781908,0.2402280424772638
SmoothCylinder_new_000745,SmoothCylinder,211.6,63.0,-0.5239859059700789,-0.8517269341430478
SmoothCylinder_new_000746,SmoothCylinder,291.0,60.3,-0.9335804264972017,0.3583679495453004
SmoothCylinder_new_000747,SmoothCylinder,126.6,58.1,0.8028174751911147,-0.5962248749656156
SmoothCylinder_new_000748,SmoothCylinder,256.2,59.7,-0.971134279909636,-0.23853345757858116
SmoothCylinder_new_000749,SmoothCylinder,210.8,60.8,-0.5120428648705717,-0.8589598969306643
SmoothCylinder_new_000750,SmoothCylinder,344.0,30.5,-0.27563735581699894,0.9612616959383189
SmoothCylinder_new_000751,SmoothCylinder,166.5,56.5,0.23344536385590553,-0.9723699203976766
SmoothCylinder_new_000752,SmoothCylinder,0.8,33.9,0.013962180339145272,0.9999025240093042
SmoothCylinder_new_000753,SmoothCylinder,209.2,40.4,-0.4878596591387324,-0.8729220772698099
SmoothCylinder_new_000754,SmoothCylinder,61.0,65.5,0.8746197071393957,0.4848096202463371
SmoothCylinder_new_000755,SmoothCylinder,291.6,54.7,-0.9297764858882512,0.36812455268467825
SmoothCylinder_new_000756,SmoothCylinder,276.9,66.6,-0.9927573419294456,0.12013683883464653
SmoothCylinder_new_000757,SmoothCylinder,150.8,59.4,0.48785965913873264,-0.8729220772698097
SmoothCylinder_new_000758,SmoothCylinder,349.9,62.2,-0.17536672609198792,0.9845031799744365
SmoothCylinder_new_000759,SmoothCylinder,57.9,66.9,0.8471219213821372,0.5313985795180829
SmoothCylinder_new_000760,SmoothCylinder,156.8,68.5,0.39394190959095093,-0.9191353392552345
SmoothCylinder_new_000761,SmoothCylinder,108.2,46.9,0.9499720515246526,-0.3123349185122325
SmoothCylinder_new_000762,SmoothCylinder,216.7,65.5,-0.5976251469755207,-0.8017756442437542
SmoothCylinder_new_000763,SmoothCylinder,272.3,66.9,-0.999194395114446,0.04013179253255971
SmoothCylinder_new_000764,SmoothCylinder,198.1,69.9,-0.31067642963073155,-0.9505157316277838
SmoothCylinder_new_000765,SmoothCylinder,263.7,65.2,-0.9939609554551796,-0.10973431109104571
SmoothCylinder_new_000766,SmoothCylinder,353.9,64.5,-0.10626407133623393,0.9943379441332045
SmoothCylinder_new_000767,SmoothCylinder,296.4,44.9,-0.895711760239413,0.44463517918492707
SmoothCylinder_new_000768,SmoothCylinder,60.8,33.5,0.8729220772698096,0.48785965913873275
SmoothCylinder_new_000769,SmoothCylinder,188.4,59.9,-0.1460830285624117,-0.9892723329629883
SmoothCylinder_new_000770,SmoothCylinder,343.5,46.6,-0.2840153447039227,0.958819734868193
SmoothCylinder_new_000771,SmoothCylinder,156.2,71.6,0.40354529635239006,-0.9149596678498247
SmoothCylinder_new_000772,SmoothCylinder,33.4,71.5,0.5504807400849955,0.8348478632634067
SmoothCylinder_new_000773,SmoothCylinder,298.9,61.7,-0.8754645270000181,0.48328238325500195
SmoothCylinder_new_000774,SmoothCylinder,99.3,69.1,0.9868557164068074,-0.16160382110336097
SmoothCylinder_new_000775,SmoothCylinder,185.7,40.4,-0.09931974974363891,-0.9950555699612263
SmoothCylinder_new_000776,SmoothCylinder,337.7,71.1,-0.3794561595290051,0.9252097183857821
SmoothCylinder_new_000777,SmoothCylinder,128.4,59.2,0.7836934573258398,-0.6211477802783103
SmoothCylinder_new_000778,SmoothCylinder,162.0,53.7,0.3090169943749475,-0.9510565162951535
SmoothCylinder_new_000779,SmoothCylinder,47.4,31.0,0.7360970871197343,0.6768759696826608
SmoothCylinder_new_000780,SmoothCylinder,110.2,62.5,0.9384930227595559,-0.34529819899853464
SmoothCylinder_new_000781,SmoothCylinder,280.4,37.6,-0.983571470813386,0.18051914525055918
SmoothCylinder_new_000782,SmoothCylinder,234.1,35.4,-0.8100416404457959,-0.5863723567357895
SmoothCylinder_new_000783,SmoothCylinder,31.7,63.4,0.5254716510722678,0.8508111094240512
SmoothCylinder_new_000784,SmoothCylinder,329.9,57.9,-0.5015107371594577,0.8651514205697043
SmoothCylinder_new_000785,SmoothCylinder,250.0,33.6,-0.9396926207859084,-0.34202014332566855
SmoothCylinder_new_000786,SmoothCylinder,142.8,69.4,0.6045991148623746,-0.7965299180241965
SmoothCylinder_new_000787,SmoothCylinder,51.9,43.8,0.7869350219613372,0.6170358751407488
SmoothCylinder_new_000788,SmoothCylinder,24.7,47.9,0.41786707380107674,0.9085081775267219
SmoothCylinder_new_000789,SmoothCylinder,219.7,61.0,-0.6387678175155975,-0.7693995550468952
SmoothCylinder_new_000790,SmoothCylinder,321.5,32.0,-0.6225146366376196,0.7826081568524138
SmoothCylinder_new_000791,SmoothCylinder,337.4,44.9,-0.38429532265980426,0.9232102171129807
SmoothCylinder_new_000792,SmoothCylinder,96.2,57.2,0.9941509639723154,-0.10799935570602294
SmoothCylinder_new_000793,SmoothCylinder,224.8,32.9,-0.7046342099635947,-0.7095707365365209
SmoothCylinder_new_000794,SmoothCylinder,225.1,65.5,-0.7083398377245287,-0.7058715706786812
SmoothCylinder_new_000795,SmoothCylinder,328.0,49.8,-0.529919264233205,0.848048096156426
SmoothCylinder_new_000796,SmoothCylinder,225.4,64.3,-0.7120260459909964,-0.7021530529951625
SmoothCylinder_new_000797,SmoothCylinder,165.2,33.3,0.25544575793579055,-0.9668233886044594
SmoothCylinder_new_000798,SmoothCylinder,221.8,62.6,-0.6665324702494526,-0.745475999682862
SmoothCylinder_new_000799,SmoothCylinder,114.0,73.2,0.9135454576426009,-0.40673664307580026
SmoothCylinder_new_000800,SmoothCylinder,117.8,58.6,0.8845809752150839,-0.46638664033989113
SmoothCylinder_new_000801,SmoothCylinder,310.4,50.0,-0.7615383075367371,0.6481199010631304
SmoothCylinder_new_000802,SmoothCylinder,264.1,64.8,-0.9947028171171742,-0.1027925367872468
SmoothCylinder_new_000803,SmoothCylinder,87.7,58.1,0.999194395114446,0.04013179253255974
SmoothCylinder_new_000804,SmoothCylinder,69.7,62.3,0.9378889346118976,0.34693565157325584
SmoothCylinder_new_000805,SmoothCylinder,227.5,51.3,-0.7372773368101239,-0.6755902076156604
SmoothCylinder_new_000806,SmoothCylinder,140.0,70.4,0.6427876096865395,-0.7660444431189779
SmoothCylinder_new_000807,SmoothCylinder,15.3,57.8,0.2638730499653729,0.9645574184577981
SmoothCylinder_new_000808,SmoothCylinder,278.7,67.7,-0.9884938868086836,0.15126082024721935
SmoothCylinder_new_000809,SmoothCylinder,175.7,56.3,0.07497872682632804,-0.9971851335251157
SmoothCylinder_new_000810,SmoothCylinder,111.1,56.3,0.9329535348254892,-0.35999680812005114
SmoothCylinder_new_000811,SmoothCylinder,157.6,62.8,0.3810703763502743,-0.924546033612313
SmoothCylinder_new_000812,SmoothCylinder,243.7,60.6,-0.8964864303834406,-0.44307119082417973
SmoothCylinder_new_000813,SmoothCylinder,86.9,59.4,0.9985366703262117,0.054078812984775314
SmoothCylinder_new_000814,SmoothCylinder,166.0,65.0,0.24192189559966773,-0.9702957262759965
SmoothCylinder_new_000815,SmoothCylinder,230.7,45.1,-0.7738402097265061,-0.6333808726275503
SmoothCylinder_new_000816,SmoothCylinder,205.3,52.0,-0.42735786338719234,-0.9040825496607784
SmoothCylinder_new_000817,SmoothCylinder,178.4,49.4,0.02792163872356904,-0.9996101150403544
SmoothCylinder_new_000818,SmoothCylinder,277.6,51.1,-0.9912155402515417,0.13225639025712288
SmoothCylinder_new_000819,SmoothCylinder,11.5,44.3,0.1993679344171972,0.9799247046208296
SmoothCylinder_new_000820,SmoothCylinder,236.6,51.0,-0.8348478632634063,-0.5504807400849958
SmoothCylinder_new_000821,SmoothCylinder,172.2,32.0,0.13571557243430446,-0.9907478404714436
SmoothCylinder_new_000822,SmoothCylinder,295.9,66.4,-0.8995577789551806,0.4368017883677015
SmoothCylinder_new_000823,SmoothCylinder,247.5,69.9,-0.9238795325112868,-0.3826834323650895
SmoothCylinder_new_000824,SmoothCylinder,325.0,48.4,-0.5735764363510465,0.8191520442889916
SmoothCylinder_new_000825,SmoothCylinder,291.3,60.5,-0.931691227585549,0.36325123047297814
SmoothCylinder_new_000826,SmoothCylinder,287.6,30.1,-0.9531906677929469,0.30236989075044474
SmoothCylinder_new_000827,SmoothCylinder,355.3,69.1,-0.08193850863004051,0.9966373868180366
SmoothCylinder_new_000828,SmoothCylinder,102.6,56.2,0.9759167619387474,-0.21814324139654234
SmoothCylinder_new_000829,SmoothCylinder,93.2,44.3,0.998440764181981,-0.055821504993163816
SmoothCylinder_new_000830,SmoothCylinder,171.4,73.4,0.14953534344370964,-0.9887563810470058
SmoothCylinder_new_000831,SmoothCylinder,344.0,51.6,-0.27563735581699894,0.9612616959383189
SmoothCylinder_new_000832,SmoothCylinder,44.5,43.8,0.7009092642998509,0.7132504491541816
SmoothCylinder_new_000833,SmoothCylinder,129.7,71.0,0.7693995550468952,-0.6387678175155976
SmoothCylinder_new_000834,SmoothCylinder,349.4,72.9,-0.18395135061272044,0.9829353491495542
SmoothCylinder_new_000835,SmoothCylinder,130.1,63.3,0.7649214009184319,-0.6441236297613865
SmoothCylinder_new_000836,SmoothCylinder,333.8,36.1,-0.44150585279174537,0.8972583696743284
SmoothCylinder_new_000837,SmoothCylinder,189.3,43.1,-0.16160382110336113,-0.9868557164068072
SmoothCylinder_new_000838,SmoothCylinder,11.2,49.0,0.19423435121997196,0.9809551553491915
SmoothCylinder_new_000839,SmoothCylinder,68.8,36.3,0.9323238012155122,0.3616245700820924
SmoothCylinder_new_000840,SmoothCylinder,229.4,57.7,-0.759271307334881,-0.6507742172658506
SmoothCylinder_new_000841,SmoothCylinder,347.7,65.6,-0.21303038627497678,0.9770455744352636
SmoothCylinder_new_000842,SmoothCylinder,200.4,70.4,-0.3485720473218151,-0.9372819894918916
SmoothCylinder_new_000843,SmoothCylinder,170.5,63.3,0.16504760586067765,-0.9862856015372314
SmoothCylinder_new_000844,SmoothCylinder,141.1,69.1,0.6279630576493379,-0.778243148526021
SmoothCylinder_new_000845,SmoothCylinder,224.6,52.3,-0.7021530529951623,-0.7120260459909966
SmoothCylinder_new_000846,SmoothCylinder,143.6,52.0,0.5934188866037015,-0.804893797355914
SmoothCylinder_new_000847,SmoothCylinder,303.9,34.9,-0.8300122850953678,0.5577451089796897
SmoothCylinder_new_000848,SmoothCylinder,202.9,41.7,-0.3891239501402061,-0.9211854055657213
SmoothCylinder_new_000849,SmoothCylinder,70.6,40.2,0.943222657947601,0.3321611318837034
SmoothCylinder_new_000850,SmoothCylinder,113.7,30.4,0.9156625933395611,-0.4019477766559601
SmoothCylinder_new_000851,SmoothCylinder,278.5,63.3,-0.9890158633619168,0.14780941112961096
SmoothCylinder_new_000852,SmoothCylinder,157.8,44.1,0.3778407868184671,-0.9258705848099947
SmoothCylinder_new_000853,SmoothCylinder,61.3,52.3,0.8771461637055887,0.4802234974431889
SmoothCylinder_new_000854,SmoothCylinder,87.8,47.5,0.9992629164106211,0.038387809087520056
SmoothCylinder_new_000855,SmoothCylinder,34.0,55.0,0.5591929034707469,0.8290375725550416
SmoothCylinder_new_000856,SmoothCylinder,249.9,37.9,-0.9390942520947092,-0.34365969458561574
SmoothCylinder_new_000857,SmoothCylinder,11.4,49.0,0.19765734037912616,0.9802711746217219
SmoothCylinder_new_000858,SmoothCylinder,245.0,44.6,-0.90630778703665,-0.42261826174069916
SmoothCylinder_new_000859,SmoothCylinder,187.7,36.7,-0.13398618541829202,-0.9909831997148363
SmoothCylinder_new_000860,SmoothCylinder,239.2,57.4,-0.8589598969306642,-0.5120428648705719
SmoothCylinder_new_000861,SmoothCylinder,174.1,39.0,0.10279253678724674,-0.9947028171171742
SmoothCylinder_new_000862,SmoothCylinder,204.7,34.3,-0.41786707380107646,-0.908508177526722
SmoothCylinder_new_000863,SmoothCylinder,127.5,33.9,0.7933533402912352,-0.6087614290087207
SmoothCylinder_new_000864,SmoothCylinder,346.4,43.7,-0.2351421131025906,0.9719610005785461
SmoothCylinder_new_000865,SmoothCylinder,326.2,64.5,-0.5562956155003047,0.8309844692743283
SmoothCylinder_new_000866,SmoothCylinder,357.5,30.1,-0.043619387365336194,0.9990482215818578
SmoothCylinder_new_000867,SmoothCylinder,108.7,35.2,0.9472102777460288,-0.3206129905856763
SmoothCylinder_new_000868,SmoothCylinder,296.0,72.1,-0.898794046299167,0.4383711467890774
SmoothCylinder_new_000869,SmoothCylinder,213.1,60.7,-0.546101961014429,-0.8377187166204388
SmoothCylinder_new_000870,SmoothCylinder,29.8,33.2,0.49697396102755537,0.8677654533689284
SmoothCylinder_new_000871,SmoothCylinder,32.7,67.9,0.540240320477655,0.8415107819453062
SmoothCylinder_new_000872,SmoothCylinder,283.6,40.5,-0.9719610005785462,0.23514211310259014
SmoothCylinder_new_000873,SmoothCylinder,275.6,38.0,-0.9952273999818312,0.09758289975914942
SmoothCylinder_new_000874,SmoothCylinder,286.4,70.2,-0.9593139745400576,0.2823414568428762
SmoothCylinder_new_000875,SmoothCylinder,205.7,69.4,-0.43365908458754426,-0.9010770213220917
SmoothCylinder_new_000876,SmoothCylinder,13.7,41.5,0.23683814606561868,0.9715491199976461
SmoothCylinder_new_000877,SmoothCylinder,309.1,66.2,-0.7760464070665459,0.6306758074312863
SmoothCylinder_new_000878,SmoothCylinder,64.0,65.5,0.898794046299167,0.43837114678907746
SmoothCylinder_new_000879,SmoothCylinder,136.5,38.0,0.6883545756937539,-0.7253743710122876
SmoothCylinder_new_000880,SmoothCylinder,267.3,34.8,-0.99888987496197,-0.047106450709642575
SmoothCylinder_new_000881,SmoothCylinder,125.1,53.1,0.8181497174250234,-0.5750052520432786
SmoothCylinder_new_000882,SmoothCylinder,21.1,40.3,0.3599968081200512,0.932953534825489
SmoothCylinder_new_000883,SmoothCylinder,238.6,67.8,-0.8535507972753275,-0.5210096318405762
SmoothCylinder_new_000884,SmoothCylinder,39.8,41.5,0.6401096994849554,0.7682835235935234
SmoothCylinder_new_000885,SmoothCylinder,176.2,45.0,0.06627390040000057,-0.99780146829205
SmoothCylinder_new_000886,SmoothCylinder,6.5,59.8,0.11320321376790672,0.9935718556765875
SmoothCylinder_new_000887,SmoothCylinder,191.4,50.2,-0.19765734037912608,-0.9802711746217219
SmoothCylinder_new_000888,SmoothCylinder,302.4,47.4,-0.8443279255020155,0.535826794978996
SmoothCylinder_new_000889,SmoothCylinder,195.7,66.7,-0.27060044597586336,-0.9626917464264788
SmoothCylinder_new_000890,SmoothCylinder,82.4,69.1,0.9912155402515417,0.13225639025712246
SmoothCylinder_new_000891,SmoothCylinder,60.6,66.1,0.8712138111201894,0.49090375361514094
SmoothCylinder_new_000892,SmoothCylinder,80.6,49.0,0.9865721616069694,0.16332596224162232
SmoothCylinder_new_000893,SmoothCylinder,313.7,46.2,-0.7229671459095686,0.690882411076858
SmoothCylinder_new_000894,SmoothCylinder,235.0,66.5,-0.8191520442889916,-0.5735764363510464
SmoothCylinder_new_000895,SmoothCylinder,117.8,71.1,0.8845809752150839,-0.46638664033989113
SmoothCylinder_new_000896,SmoothCylinder,232.8,62.4,-0.7965299180241965,-0.6045991148623746
SmoothCylinder_new_000897,SmoothCylinder,279.6,65.2,-0.9859960370705049,0.1667687467161023
SmoothCylinder_new_000898,SmoothCylinder,246.6,49.8,-0.9177546256839809,-0.3971478906347811
SmoothCylinder_new_000899,SmoothCylinder,250.4,67.8,-0.9420574527872967,-0.3354515697502552
SmoothCylinder_new_000900,SmoothCylinder,229.3,43.6,-0.7581343361976526,-0.6520984038303917
SmoothCylinder_new_000901,SmoothCylinder,57.2,68.1,0.8405666034956842,0.5417082102827399
SmoothCylinder_new_000902,SmoothCylinder,120.6,64.9,0.8607420270039436,-0.5090414157503713
SmoothCylinder_new_000903,SmoothCylinder,83.1,55.3,0.9927573419294455,0.12013683883464721
SmoothCylinder_new_000904,SmoothCylinder,296.8,63.8,-0.8925858184521255,0.45087754068943076
SmoothCylinder_new_000905,SmoothCylinder,24.6,33.9,0.4162807922604012,0.9092361090470685
SmoothCylinder_new_000906,SmoothCylinder,78.9,72.3,0.9812926639922451,0.19252196652590745
SmoothCylinder_new_000907,SmoothCylinder,344.8,67.2,-0.26218917864086444,0.9650164944723115
SmoothCylinder_new_000908,SmoothCylinder,146.5,37.6,0.5519369853120583,-0.8338858220671681
SmoothCylinder_new_000909,SmoothCylinder,43.6,31.4,0.6896195437356698,0.7241718614374675
SmoothCylinder_new_000910,SmoothCylinder,280.7,58.2,-0.9826127965436152,0.18566661538557694
SmoothCylinder_new_000911,SmoothCylinder,199.0,36.5,-0.32556815445715676,-0.9455185755993167
SmoothCylinder_new_000912,SmoothCylinder,183.8,30.6,-0.06627390040000034,-0.99780146829205
SmoothCylinder_new_000913,SmoothCylinder,272.9,65.2,-0.9987193571841863,0.050592940076712646
SmoothCylinder_new_000914,SmoothCylinder,241.5,66.4,-0.8788171126619653,-0.4771587602596087
SmoothCylinder_new_000915,SmoothCylinder,264.4,69.7,-0.9952273999818312,-0.09758289975914979
SmoothCylinder_new_000916,SmoothCylinder,198.5,55.1,-0.3173046564050919,-0.9483236552061994
SmoothCylinder_new_000917,SmoothCylinder,14.3,50.8,0.2469990127227429,0.9690157314068695
SmoothCylinder_new_000918,SmoothCylinder,11.3,64.9,0.19594614424251772,0.980614658546613
SmoothCylinder_new_000919,SmoothCylinder,295.2,35.8,-0.9048270524660196,0.4257792915650726
SmoothCylinder_new_000920,SmoothCylinder,265.1,53.3,-0.9963452961909065,-0.08541692313736678
SmoothCylinder_new_000921,SmoothCylinder,153.7,33.6,0.44307119082418006,-0.8964864303834403
SmoothCylinder_new_000922,SmoothCylinder,59.2,39.7,0.8589598969306644,0.5120428648705715
SmoothCylinder_new_000923,SmoothCylinder,28.4,59.6,0.4756242090702752,0.8796485728666166
SmoothCylinder_new_000924,SmoothCylinder,35.3,67.5,0.5778576243835053,0.8161375900801603
SmoothCylinder_new_000925,SmoothCylinder,307.5,73.2,-0.7933533402912352,0.6087614290087205
SmoothCylinder_new_000926,SmoothCylinder,37.2,70.9,0.6045991148623748,0.7965299180241963
SmoothCylinder_new_000927,SmoothCylinder,199.6,58.8,-0.3354515697502549,-0.9420574527872968
SmoothCylinder_new_000928,SmoothCylinder,144.9,65.2,0.5750052520432783,-0.8181497174250236
SmoothCylinder_new_000929,SmoothCylinder,324.5,43.1,-0.5807029557109397,0.8141155183563193
SmoothCylinder_new_000930,SmoothCylinder,293.5,37.9,-0.917060074385124,0.39874906892524625
SmoothCylinder_new_000931,SmoothCylinder,184.5,66.5,-0.07845909572784482,-0.996917333733128
SmoothCylinder_new_000932,SmoothCylinder,212.7,35.0,-0.5402403204776549,-0.8415107819453063
SmoothCylinder_new_000933,SmoothCylinder,1.2,54.0,0.020942419883356957,0.9997806834748455
SmoothCylinder_new_000934,SmoothCylinder,3.0,49.2,0.052335956242943835,0.9986295347545738
SmoothCylinder_new_000935,SmoothCylinder,56.6,71.0,0.8348478632634065,0.5504807400849956
SmoothCylinder_new_000936,SmoothCylinder,220.2,34.1,-0.6454576877239503,-0.7637960286346424
SmoothCylinder_new_000937,SmoothCylinder,126.7,73.4,0.801775644243754,-0.5976251469755212
SmoothCylinder_new_000938,SmoothCylinder,50.9,51.8,0.7760464070665459,0.6306758074312863
SmoothCylinder_new_000939,SmoothCylinder,35.8,33.0,0.5849576749872154,0.8110638189893267
SmoothCylinder_new_000940,SmoothCylinder,221.9,72.5,-0.6678325554710467,-0.744311546231154
SmoothCylinder_new_000941,SmoothCylinder,329.8,74.4,-0.5030199466302353,0.8642748019537045
SmoothCylinder_new_000942,SmoothCylinder,219.5,74.9,-0.636078220277764,-0.7716245833877199
SmoothCylinder_new_000943,SmoothCylinder,110.4,69.1,0.9372819894918915,-0.3485720473218152
SmoothCylinder_new_000944,SmoothCylinder,35.9,45.8,0.5863723567357892,0.8100416404457961
SmoothCylinder_new_000945,SmoothCylinder,275.2,42.4,-0.9958843986159704,0.09063258019777964
SmoothCylinder_new_000946,SmoothCylinder,48.3,48.0,0.7466381822853914,0.6652303546543609
SmoothCylinder_new_000947,SmoothCylinder,211.0,55.7,-0.5150380749100542,-0.8571673007021123
SmoothCylinder_new_000948,SmoothCylinder,345.2,45.5,-0.2554457579357907,0.9668233886044594
SmoothCylinder_new_000949,SmoothCylinder,18.3,69.9,0.31399245596740494,0.9494254776419039
SmoothCylinder_new_000950,SmoothCylinder,88.5,61.9,0.9996573249755573,0.02617694830787314
SmoothCylinder_new_000951,SmoothCylinder,193.1,46.4,-0.2266513074368549,-0.9739759672790517
SmoothCylinder_new_000952,SmoothCylinder,300.2,40.5,-0.8642748019537048,0.503019946630235
SmoothCylinder_new_000953,SmoothCylinder,220.1,70.7,-0.6441236297613864,-0.7649214009184319
SmoothCylinder_new_000954,SmoothCylinder,341.0,69.3,-0.3255681544571567,0.9455185755993168
SmoothCylinder_new_000955,SmoothCylinder,132.8,30.6,0.7337298645028764,-0.6794413042615166
SmoothCylinder_new_000956,SmoothCylinder,67.5,34.0,0.9238795325112867,0.38268343236508984
SmoothCylinder_new_000957,SmoothCylinder,227.1,50.0,-0.7325428987873787,-0.6807208689589179
SmoothCylinder_new_000958,SmoothCylinder,344.4,31.8,-0.26891982061526587,0.9631625667976581
SmoothCylinder_new_000959,SmoothCylinder,343.2,69.9,-0.28903179694447223,0.9573194975320671
SmoothCylinder_new_000960,SmoothCylinder,174.1,41.6,0.10279253678724674,-0.9947028171171742
SmoothCylinder_new_000961,SmoothCylinder,7.6,74.3,0.13225639025712244,0.9912155402515417
SmoothCylinder_new_000962,SmoothCylinder,213.9,43.2,-0.5577451089796901,-0.8300122850953675
SmoothCylinder_new_000963,SmoothCylinder,228.4,48.9,-0.747798090498532,-0.6639262126522415
SmoothCylinder_new_000964,SmoothCylinder,81.9,65.2,0.9900236577165575,0.14090123193758258
SmoothCylinder_new_000965,SmoothCylinder,197.2,56.6,-0.29570805004404654,-0.9552783621223437
SmoothCylinder_new_000966,SmoothCylinder,82.5,60.2,0.9914448613738104,0.1305261922200517
SmoothCylinder_new_000967,SmoothCylinder,161.7,68.4,0.31399245596740516,-0.9494254776419038
SmoothCylinder_new_000968,SmoothCylinder,294.4,57.8,-0.9106836608061771,0.4131044298245417
SmoothCylinder_new_000969,SmoothCylinder,309.9,48.2,-0.7671651518153001,0.6414496315691571
SmoothCylinder_new_000970,SmoothCylinder,186.1,35.1,-0.10626407133623313,-0.9943379441332046
SmoothCylinder_new_000971,SmoothCylinder,52.7,74.0,0.7954734808548959,0.605988400265711
SmoothCylinder_new_000972,SmoothCylinder,24.5,50.9,0.414693242656239,0.9099612708765432
SmoothCylinder_new_000973,SmoothCylinder,359.9,69.5,-0.0017453283658984452,0.9999984769132877
SmoothCylinder_new_000974,SmoothCylinder,273.2,37.4,-0.998440764181981,0.0558215049931637
SmoothCylinder_new_000975,SmoothCylinder,205.7,59.7,-0.43365908458754426,-0.9010770213220917
SmoothCylinder_new_000976,SmoothCylinder,334.1,53.8,-0.4368017883677019,0.8995577789551805
SmoothCylinder_new_000977,SmoothCylinder,135.9,72.3,0.6959127965923141,-0.718126297763189
SmoothCylinder_new_000978,SmoothCylinder,37.5,40.1,0.6087614290087207,0.7933533402912352
SmoothCylinder_new_000979,SmoothCylinder,56.0,33.3,0.8290375725550417,0.5591929034707468
SmoothCylinder_new_000980,SmoothCylinder,160.2,66.3,0.33873792024529176,-0.9408807689542253
SmoothCylinder_new_000981,SmoothCylinder,151.4,65.6,0.4786918579406069,-0.8779829754279805
SmoothCylinder_new_000982,SmoothCylinder,333.3,50.8,-0.4493189986158963,0.8933713883278377
SmoothCylinder_new_000983,SmoothCylinder,168.5,71.4,0.19936793441719725,-0.9799247046208296
SmoothCylinder_new_000984,SmoothCylinder,100.8,71.8,0.9822872507286887,-0.1873813145857246
SmoothCylinder_new_000985,SmoothCylinder,344.5,45.6,-0.2672383760782571,0.963630453208623
SmoothCylinder_new_000986,SmoothCylinder,248.1,59.3,-0.9278362538989199,-0.3729877825758093
SmoothCylinder_new_000987,SmoothCylinder,210.7,35.0,-0.5105429179116057,-0.8598522715968735
SmoothCylinder_new_000988,SmoothCylinder,56.8,71.3,0.8367643134589616,0.5475632234925503
SmoothCylinder_new_000989,SmoothCylinder,202.6,62.6,-0.3842953226598035,-0.923210217112981
SmoothCylinder_new_000990,SmoothCylinder,130.7,44.7,0.7581343361976525,-0.652098403830392
SmoothCylinder_new_000991,SmoothCylinder,120.7,31.9,0.8598522715968735,-0.5105429179116057
SmoothCylinder_new_000992,SmoothCylinder,262.5,64.1,-0.9914448613738104,-0.13052619222005163
SmoothCylinder_new_000993,SmoothCylinder,129.0,53.7,0.777145961456971,-0.6293203910498373
SmoothCylinder_new_000994,SmoothCylinder,109.6,57.0,0.9420574527872967,-0.335451569750255
SmoothCylinder_new_000995,SmoothCylinder,220.2,44.1,-0.6454576877239503,-0.7637960286346424
SmoothCylinder_new_000996,SmoothCylinder,328.7,44.1,-0.5195191118795094,0.8544588301328074
SmoothCylinder_new_000997,SmoothCylinder,48.6,33.9,0.7501110696304596,0.6613118653236518
SmoothCylinder_new_000998,SmoothCylinder,38.1,32.6,0.6170358751407486,0.7869350219613372
SmoothCylinder_new_000999,SmoothCylinder,191.4,44.0,-0.19765734037912608,-0.9802711746217219
SmoothCube_v2_new_000000,SmoothCube_v2,101.7,45.0,0.9792228106217657,-0.20278729535651258
SmoothCube_v2_new_000001,SmoothCube_v2,167.5,42.1,0.21643961393810274,-0.9762960071199334
SmoothCube_v2_new_000002,SmoothCube_v2,57.7,39.0,0.8452618332218561,0.5343523493898265
SmoothCube_v2_new_000003,SmoothCube_v2,64.4,72.9,0.9018325264051138,0.4320857488019823
SmoothCube_v2_new_000004,SmoothCube_v2,235.7,32.4,-0.8260982944957638,-0.5635260489375716
SmoothCube_v2_new_000005,SmoothCube_v2,104.3,37.2,0.9690157314068695,-0.24699901272274286
SmoothCube_v2_new_000006,SmoothCube_v2,178.7,75.0,0.0226873335727814,-0.9997426093226983
SmoothCube_v2_new_000007,SmoothCube_v2,178.7,43.1,0.0226873335727814,-0.9997426093226983
SmoothCube_v2_new_000008,SmoothCube_v2,60.1,70.2,0.8668967489356028,0.4984877397538303
SmoothCube_v2_new_000009,SmoothCube_v2,73.9,71.9,0.9607791541575942,0.2773146533023777
SmoothCube_v2_new_000010,SmoothCube_v2,215.3,56.3,-0.5778576243835055,-0.8161375900801602
SmoothCube_v2_new_000011,SmoothCube_v2,182.1,62.9,-0.036643708706556095,-0.9993283937786562
SmoothCube_v2_new_000012,SmoothCube_v2,209.2,30.1,-0.4878596591387324,-0.8729220772698099
SmoothCube_v2_new_000013,SmoothCube_v2,49.0,61.5,0.754709580222772,0.6560590289905073
SmoothCube_v2_new_000014,SmoothCube_v2,148.6,42.9,0.5210096318405766,-0.8535507972753273
SmoothCube_v2_new_000015,SmoothCube_v2,66.0,37.7,0.9135454576426009,0.4067366430758002
SmoothCube_v2_new_000016,SmoothCube_v2,277.3,32.7,-0.9918944425900297,0.12706460860135035
SmoothCube_v2_new_000017,SmoothCube_v2,338.1,66.2,-0.3729877825758085,0.9278362538989201
SmoothCube_v2_new_000018,SmoothCube_v2,320.4,36.4,-0.6374239897486903,0.7705132427757887
SmoothCube_v2_new_000019,SmoothCube_v2,3.9,42.6,0.06801529066524817,0.9976842788356053
SmoothCube_v2_new_000020,SmoothCube_v2,92.2,34.1,0.9992629164106211,-0.03838780908751993
SmoothCube_v2_new_000021,SmoothCube_v2,103.0,49.3,0.9743700647852352,-0.22495105434386503
SmoothCube_v2_new_000022,SmoothCube_v2,68.6,59.8,0.9310558158625283,0.3648767843376198
SmoothCube_v2_new_000023,SmoothCube_v2,336.0,30.8,-0.40673664307580015,0.913545457642601
SmoothCube_v2_new_000024,SmoothCube_v2,136.4,57.9,0.6896195437356697,-0.7241718614374676
SmoothCube_v2_new_000025,SmoothCube_v2,129.7,41.5,0.7693995550468952,-0.6387678175155976
SmoothCube_v2_new_000026,SmoothCube_v2,217.1,61.7,-0.6032079877452825,-0.7975839288252285
SmoothCube_v2_new_000027,SmoothCube_v2,153.6,58.5,0.4446351791849278,-0.8957117602394127
SmoothCube_v2_new_000028,SmoothCube_v2,176.3,62.5,0.06453230825295762,-0.997915618272179
SmoothCube_v2_new_000029,SmoothCube_v2,93.7,49.7,0.997915618272179,-0.06453230825295789
SmoothCube_v2_new_000030,SmoothCube_v2,37.3,54.3,0.605988400265711,0.7954734808548959
SmoothCube_v2_new_000031,SmoothCube_v2,183.8,58.3,-0.06627390040000034,-0.99780146829205
SmoothCube_v2_new_000032,SmoothCube_v2,349.4,54.7,-0.18395135061272044,0.9829353491495542
SmoothCube_v2_new_000033,SmoothCube_v2,37.6,66.4,0.6101451639012676,0.7922896433551907
SmoothCube_v2_new_000034,SmoothCube_v2,1.7,44.4,0.029666244085110757,0.999559860119384
SmoothCube_v2_new_000035,SmoothCube_v2,136.8,36.2,0.6845471059286885,-0.7289686274214117
SmoothCube_v2_new_000036,SmoothCube_v2,354.4,47.6,-0.09758289975914985,0.9952273999818312
SmoothCube_v2_new_000037,SmoothCube_v2,113.3,62.6,0.9184463813430872,-0.3955455025629649
SmoothCube_v2_new_000038,SmoothCube_v2,62.5,42.1,0.8870108331782217,0.46174861323503386
SmoothCube_v2_new_000039,SmoothCube_v2,84.9,54.6,0.9960410654107696,0.08889429686644137
SmoothCube_v2_new_000040,SmoothCube_v2,151.3,63.5,0.48022349744318893,-0.8771461637055887
SmoothCube_v2_new_000041,SmoothCube_v2,123.7,61.3,0.8319541221304825,-0.5548444274479994
SmoothCube_v2_new_000042,SmoothCube_v2,98.5,58.2,0.9890158633619168,-0.14780941112961066
SmoothCube_v2_new_000043,SmoothCube_v2,202.5,61.5,-0.38268343236508967,-0.9238795325112868
SmoothCube_v2_new_000044,SmoothCube_v2,25.2,34.3,0.42577929156507266,0.9048270524660196
SmoothCube_v2_new_000045,SmoothCube_v2,235.6,64.7,-0.825113498278295,-0.564967003424938
SmoothCube_v2_new_000046,SmoothCube_v2,52.9,49.6,0.7975839288252284,0.6032079877452825
SmoothCube_v2_new_000047,SmoothCube_v2,135.8,43.4,0.6971651028545642,-0.716910607650483
SmoothCube_v2_new_000048,SmoothCube_v2,315.5,61.9,-0.7009092642998508,0.7132504491541817
SmoothCube_v2_new_000049,SmoothCube_v2,35.4,64.3,0.5792811723426788,0.8151277957285542
SmoothCube_v2_new_000050,SmoothCube_v2,240.4,63.7,-0.869494929505219,-0.493941866584231
SmoothCube_v2_new_000051,SmoothCube_v2,47.0,74.1,0.7313537016191705,0.6819983600624985
SmoothCube_v2_new_000052,SmoothCube_v2,203.0,54.6,-0.39073112848927355,-0.9205048534524404
SmoothCube_v2_new_000053,SmoothCube_v2,125.7,59.6,0.8120835268918064,-0.5835412113561174
SmoothCube_v2_new_000054,SmoothCube_v2,77.9,32.2,0.9777832367586061,0.20961856290382183
SmoothCube_v2_new_000055,SmoothCube_v2,35.1,64.2,0.5750052520432786,0.8181497174250234
SmoothCube_v2_new_000056,SmoothCube_v2,193.0,69.5,-0.22495105434386498,-0.9743700647852352
SmoothCube_v2_new_000057,SmoothCube_v2,21.8,31.3,0.37136783555023484,0.9284858268809135
SmoothCube_v2_new_000058,SmoothCube_v2,256.3,41.2,-0.9715491199976463,-0.2368381460656182
SmoothCube_v2_new_000059,SmoothCube_v2,41.9,70.1,0.6678325554710466,0.744311546231154
SmoothCube_v2_new_000060,SmoothCube_v2,183.9,59.6,-0.06801529066524825,-0.9976842788356053
SmoothCube_v2_new_000061,SmoothCube_v2,265.0,65.8,-0.9961946980917455,-0.08715574274765825
SmoothCube_v2_new_000062,SmoothCube_v2,83.2,49.2,0.9929655081065369,0.11840396830650095
SmoothCube_v2_new_000063,SmoothCube_v2,78.2,62.1,0.978867388761685,0.20449605184179023
SmoothCube_v2_new_000064,SmoothCube_v2,196.9,40.9,-0.2907021935982526,-0.9568135840576073
SmoothCube_v2_new_000065,SmoothCube_v2,228.3,34.6,-0.7466381822853916,-0.6652303546543606
SmoothCube_v2_new_000066,SmoothCube_v2,140.4,45.8,0.6374239897486895,-0.7705132427757894
SmoothCube_v2_new_000067,SmoothCube_v2,298.0,74.3,-0.8829475928589271,0.4694715627858904
SmoothCube_v2_new_000068,SmoothCube_v2,302.5,41.6,-0.8433914458128857,0.5372996083468239
SmoothCube_v2_new_000069,SmoothCube_v2,277.6,49.2,-0.9912155402515417,0.13225639025712288
SmoothCube_v2_new_000070,SmoothCube_v2,94.2,63.5,0.9973144772244581,-0.07323819712763173
SmoothCube_v2_new_000071,SmoothCube_v2,339.4,68.0,-0.3518416484047019,0.9360595357389733
SmoothCube_v2_new_000072,SmoothCube_v2,31.3,35.0,0.5195191118795094,0.8544588301328074
SmoothCube_v2_new_000073,SmoothCube_v2,142.6,68.6,0.607375839723287,-0.7944146205354179
SmoothCube_v2_new_000074,SmoothCube_v2,151.9,49.8,0.47101188121940984,-0.8821268660176679
SmoothCube_v2_new_000075,SmoothCube_v2,350.8,71.2,-0.15988118769183488,0.9871362650729879
SmoothCube_v2_new_000076,SmoothCube_v2,7.4,63.5,0.1287955965775628,0.9916711623830904
SmoothCube_v2_new_000077,SmoothCube_v2,158.8,71.4,0.3616245700820921,-0.9323238012155123
SmoothCube_v2_new_000078,SmoothCube_v2,218.5,66.1,-0.6225146366376194,-0.782608156852414
SmoothCube_v2_new_000079,SmoothCube_v2,46.9,40.5,0.7301622766207524,0.6832737736807991
SmoothCube_v2_new_000080,SmoothCube_v2,44.0,49.3,0.6946583704589973,0.7193398003386512
SmoothCube_v2_new_000081,SmoothCube_v2,344.9,37.3,-0.26050450864264907,0.9654726308792249
SmoothCube_v2_new_000082,SmoothCube_v2,218.7,49.4,-0.6252426563357049,-0.78043040733833
SmoothCube_v2_new_000083,SmoothCube_v2,42.0,54.5,0.6691306063588582,0.7431448254773942
SmoothCube_v2_new_000084,SmoothCube_v2,111.9,50.1,0.9278362538989199,-0.37298778257580906
SmoothCube_v2_new_000085,SmoothCube_v2,330.8,70.9,-0.48785965913873236,0.8729220772698099
SmoothCube_v2_new_000086,SmoothCube_v2,115.9,45.3,0.8995577789551802,-0.43680178836770245
SmoothCube_v2_new_000087,SmoothCube_v2,182.1,49.1,-0.036643708706556095,-0.9993283937786562
SmoothCube_v2_new_000088,SmoothCube_v2,321.8,50.7,-0.6184083953575539,0.7858568931754021
SmoothCube_v2_new_000089,SmoothCube_v2,331.6,74.8,-0.47562420907027486,0.8796485728666167
SmoothCube_v2_new_000090,SmoothCube_v2,330.4,66.1,-0.493941866584231,0.869494929505219
SmoothCube_v2_new_000091,SmoothCube_v2,114.8,65.8,0.9077774785329086,-0.4194520824461772
SmoothCube_v2_new_000092,SmoothCube_v2,268.7,34.7,-0.9997426093226983,-0.022687333572781906
SmoothCube_v2_new_000093,SmoothCube_v2,135.4,44.7,0.7021530529951625,-0.7120260459909964
SmoothCube_v2_new_000094,SmoothCube_v2,271.6,62.9,-0.9996101150403544,0.027921638723569623
SmoothCube_v2_new_000095,SmoothCube_v2,278.9,45.9,-0.9879598657693891,0.154710386299468
SmoothCube_v2_new_000096,SmoothCube_v2,75.9,43.1,0.9698720152847469,0.24361501178602238
SmoothCube_v2_new_000097,SmoothCube_v2,66.7,57.8,0.9184463813430871,0.395545502562965
SmoothCube_v2_new_000098,SmoothCube_v2,234.4,57.2,-0.8131007610470278,-0.5821229701572892
SmoothCube_v2_new_000099,SmoothCube_v2,207.7,47.9,-0.46484204572461923,-0.885393625754416
SmoothCube_v2_new_000100,SmoothCube_v2,47.7,33.2,0.7396310949786097,0.6730125135097733
SmoothCube_v2_new_000101,SmoothCube_v2,330.0,45.3,-0.5000000000000004,0.8660254037844384
SmoothCube_v2_new_000102,SmoothCube_v2,111.8,33.2,0.9284858268809135,-0.37136783555023484
SmoothCube_v2_new_000103,SmoothCube_v2,87.2,70.4,0.9988061373414341,0.04884976979561317
SmoothCube_v2_new_000104,SmoothCube_v2,243.5,68.9,-0.8949343616020251,-0.44619781310980866
SmoothCube_v2_new_000105,SmoothCube_v2,194.4,58.6,-0.24868988716485502,-0.9685831611286311
SmoothCube_v2_new_000106,SmoothCube_v2,182.0,41.6,-0.0348994967025009,-0.9993908270190958
SmoothCube_v2_new_000107,SmoothCube_v2,177.6,64.9,0.04187565372919981,-0.9991228300988584
SmoothCube_v2_new_000108,SmoothCube_v2,306.8,65.2,-0.8007313709487336,0.5990235985155857
SmoothCube_v2_new_000109,SmoothCube_v2,294.5,49.9,-0.9099612708765432,0.4146932426562389
SmoothCube_v2_new_000110,SmoothCube_v2,246.3,53.0,-0.915662593339561,-0.4019477766559603
SmoothCube_v2_new_000111,SmoothCube_v2,75.1,55.8,0.9663760793213293,0.2571327931546963
SmoothCube_v2_new_000112,SmoothCube_v2,286.3,42.1,-0.9598052919751869,0.28066670892078766
SmoothCube_v2_new_000113,SmoothCube_v2,84.6,45.7,0.99556196460308,0.0941083133185145
SmoothCube_v2_new_000114,SmoothCube_v2,174.6,56.9,0.09410831331851435,-0.99556196460308
SmoothCube_v2_new_000115,SmoothCube_v2,305.7,42.7,-0.8120835268918062,0.5835412113561176
SmoothCube_v2_new_000116,SmoothCube_v2,336.1,51.1,-0.40514158677986256,0.9142539552342637
SmoothCube_v2_new_000117,SmoothCube_v2,355.9,74.5,-0.07149744433268615,0.997440782930944
SmoothCube_v2_new_000118,SmoothCube_v2,226.0,68.3,-0.7193398003386512,-0.6946583704589973
SmoothCube_v2_new_000119,SmoothCube_v2,255.8,66.9,-0.9694453498951389,-0.24530738587880244
SmoothCube_v2_new_000120,SmoothCube_v2,245.3,41.6,-0.9085081775267219,-0.41786707380107674
SmoothCube_v2_new_000121,SmoothCube_v2,33.5,52.6,0.5519369853120581,0.8338858220671682
SmoothCube_v2_new_000122,SmoothCube_v2,16.8,70.6,0.2890317969444716,0.9573194975320672
SmoothCube_v2_new_000123,SmoothCube_v2,55.8,41.9,0.8270805742745617,0.5620833778521307
SmoothCube_v2_new_000124,SmoothCube_v2,172.5,57.0,0.13052619222005157,-0.9914448613738104
SmoothCube_v2_new_000125,SmoothCube_v2,204.8,71.3,-0.41945208244617715,-0.9077774785329087
SmoothCube_v2_new_000126,SmoothCube_v2,251.4,46.2,-0.9477684100095856,-0.31895930929807037
SmoothCube_v2_new_000127,SmoothCube_v2,339.5,42.1,-0.35020738125946765,0.9366721892483976
SmoothCube_v2_new_000128,SmoothCube_v2,48.8,53.3,0.7524149088957244,0.6586894601186806
SmoothCube_v2_new_000129,SmoothCube_v2,116.5,31.2,0.894934361602025,-0.4461978131098088
SmoothCube_v2_new_000130,SmoothCube_v2,286.4,60.4,-0.9593139745400576,0.2823414568428762
SmoothCube_v2_new_000131,SmoothCube_v2,62.3,36.2,0.8853936257544158,0.4648420457246198
SmoothCube_v2_new_000132,SmoothCube_v2,47.6,56.9,0.7384553406258838,0.6743023875837234
SmoothCube_v2_new_000133,SmoothCube_v2,261.3,59.7,-0.9884938868086836,-0.15126082024721882
SmoothCube_v2_new_000134,SmoothCube_v2,45.1,72.0,0.7083398377245288,0.705871570678681
SmoothCube_v2_new_000135,SmoothCube_v2,202.7,62.3,-0.3859060423243183,-0.9225380894562465
SmoothCube_v2_new_000136,SmoothCube_v2,182.7,58.2,-0.04710645070964227,-0.99888987496197
SmoothCube_v2_new_000137,SmoothCube_v2,216.4,31.7,-0.5934188866037013,-0.8048937973559142
SmoothCube_v2_new_000138,SmoothCube_v2,205.2,55.8,-0.42577929156507227,-0.9048270524660197
SmoothCube_v2_new_000139,SmoothCube_v2,304.1,70.8,-0.8280603346224944,0.5606389945632418
SmoothCube_v2_new_000140,SmoothCube_v2,347.8,33.3,-0.21132479645538896,0.9774158942860958
SmoothCube_v2_new_000141,SmoothCube_v2,109.3,59.8,0.9438009515832295,-0.3305143927132229
SmoothCube_v2_new_000142,SmoothCube_v2,20.2,30.9,0.34529819899853464,0.9384930227595559
SmoothCube_v2_new_000143,SmoothCube_v2,50.8,49.5,0.7749444887041795,0.6320293026648509
SmoothCube_v2_new_000144,SmoothCube_v2,158.6,70.7,0.36487678433761966,-0.9310558158625283
SmoothCube_v2_new_000145,SmoothCube_v2,267.2,62.3,-0.998806137341434,-0.04884976979561396
SmoothCube_v2_new_000146,SmoothCube_v2,210.3,73.8,-0.5045276238150195,-0.8633955506067715
SmoothCube_v2_new_000147,SmoothCube_v2,114.5,70.6,0.9099612708765432,-0.414693242656239
SmoothCube_v2_new_000148,SmoothCube_v2,38.6,39.4,0.6238795967093862,0.7815204724188187
SmoothCube_v2_new_000149,SmoothCube_v2,353.6,54.2,-0.11146893220632499,0.9937679191605965
SmoothCube_v2_new_000150,SmoothCube_v2,93.2,57.2,0.998440764181981,-0.055821504993163816
SmoothCube_v2_new_000151,SmoothCube_v2,307.1,54.3,-0.7975839288252283,0.6032079877452827
SmoothCube_v2_new_000152,SmoothCube_v2,13.7,66.3,0.23683814606561868,0.9715491199976461
SmoothCube_v2_new_000153,SmoothCube_v2,274.4,64.9,-0.9970527522269202,0.07671902812681812
SmoothCube_v2_new_000154,SmoothCube_v2,330.6,43.7,-0.4909037536151403,0.8712138111201897
SmoothCube_v2_new_000155,SmoothCube_v2,275.9,31.7,-0.9947028171171742,0.10279253678724644
SmoothCube_v2_new_000156,SmoothCube_v2,189.1,33.6,-0.1581580672544833,-0.9874138067509115
SmoothCube_v2_new_000157,SmoothCube_v2,15.8,35.6,0.27228024704057435,0.9622179935292854
SmoothCube_v2_new_000158,SmoothCube_v2,171.7,70.7,0.14435620100097366,-0.9895257890689694
SmoothCube_v2_new_000159,SmoothCube_v2,271.7,48.4,-0.999559860119384,0.029666244085110503
SmoothCube_v2_new_000160,SmoothCube_v2,153.7,41.7,0.44307119082418006,-0.8964864303834403
SmoothCube_v2_new_000161,SmoothCube_v2,164.3,73.2,0.2706004459758636,-0.9626917464264788
SmoothCube_v2_new_000162,SmoothCube_v2,14.8,51.1,0.25544575793579055,0.9668233886044594
SmoothCube_v2_new_000163,SmoothCube_v2,309.0,30.4,-0.7771459614569708,0.6293203910498375
SmoothCube_v2_new_000164,SmoothCube_v2,301.7,54.7,-0.8508111094240512,0.5254716510722678
SmoothCube_v2_new_000165,SmoothCube_v2,126.8,59.0,0.8007313709487335,-0.5990235985155857
SmoothCube_v2_new_000166,SmoothCube_v2,194.8,51.0,-0.2554457579357908,-0.9668233886044594
SmoothCube_v2_new_000167,SmoothCube_v2,338.7,38.1,-0.3632512304729785,0.9316912275855489
SmoothCube_v2_new_000168,SmoothCube_v2,322.4,63.1,-0.6101451639012678,0.7922896433551906
SmoothCube_v2_new_000169,SmoothCube_v2,221.8,40.5,-0.6665324702494526,-0.745475999682862
SmoothCube_v2_new_000170,SmoothCube_v2,56.4,41.3,0.8329212407100994,0.5533915492433441
SmoothCube_v2_new_000171,SmoothCube_v2,32.8,31.6,0.5417082102827397,0.8405666034956844
SmoothCube_v2_new_000172,SmoothCube_v2,270.9,45.1,-0.9998766324816606,0.0157073173118204
SmoothCube_v2_new_000173,SmoothCube_v2,165.3,34.4,0.25375794458480533,-0.9672677527758768
SmoothCube_v2_new_000174,SmoothCube_v2,333.2,44.3,-0.45087754068943114,0.8925858184521253
SmoothCube_v2_new_000175,SmoothCube_v2,278.5,70.4,-0.9890158633619168,0.14780941112961096
SmoothCube_v2_new_000176,SmoothCube_v2,21.1,41.4,0.3599968081200512,0.932953534825489
SmoothCube_v2_new_000177,SmoothCube_v2,326.4,69.5,-0.5533915492433442,0.8329212407100994
SmoothCube_v2_new_000178,SmoothCube_v2,255.6,74.4,-0.968583161128631,-0.2486898871648553
SmoothCube_v2_new_000179,SmoothCube_v2,74.0,54.0,0.9612616959383189,0.27563735581699916
SmoothCube_v2_new_000180,SmoothCube_v2,0.5,72.0,0.008726535498373935,0.9999619230641713
SmoothCube_v2_new_000181,SmoothCube_v2,19.6,61.5,0.33545156975025503,0.9420574527872967
SmoothCube_v2_new_000182,SmoothCube_v2,38.3,59.3,0.61977903179514,0.784776370533083
SmoothCube_v2_new_000183,SmoothCube_v2,188.7,72.4,-0.15126082024721896,-0.9884938868086836
SmoothCube_v2_new_000184,SmoothCube_v2,129.5,30.8,0.7716245833877199,-0.6360782202777641
SmoothCube_v2_new_000185,SmoothCube_v2,336.7,33.2,-0.39554550256296556,0.9184463813430869
SmoothCube_v2_new_000186,SmoothCube_v2,194.6,67.8,-0.25206935824311366,-0.9677091704819712
SmoothCube_v2_new_000187,SmoothCube_v2,199.3,72.9,-0.33051439271322325,-0.9438009515832293
SmoothCube_v2_new_000188,SmoothCube_v2,258.8,70.9,-0.9809551553491916,-0.19423435121997154
SmoothCube_v2_new_000189,SmoothCube_v2,117.6,69.6,0.8862035792312148,-0.4632960351198615
SmoothCube_v2_new_000190,SmoothCube_v2,6.8,42.6,0.11840396830650095,0.9929655081065369
SmoothCube_v2_new_000191,SmoothCube_v2,305.2,32.2,-0.8171448983351286,0.5764323161697931
SmoothCube_v2_new_000192,SmoothCube_v2,160.1,48.0,0.3403795502130504,-0.9402881270104189
SmoothCube_v2_new_000193,SmoothCube_v2,342.2,61.7,-0.3056953049631061,0.9521293927421386
SmoothCube_v2_new_000194,SmoothCube_v2,159.2,47.3,0.3551069624081372,-0.9348256763960144
SmoothCube_v2_new_000195,SmoothCube_v2,239.6,49.9,-0.8625136692072575,-0.5060337641211639
SmoothCube_v2_new_000196,SmoothCube_v2,7.8,71.8,0.13571557243430438,0.9907478404714436
SmoothCube_v2_new_000197,SmoothCube_v2,231.4,35.7,-0.7815204724188187,-0.6238795967093862
SmoothCube_v2_new_000198,SmoothCube_v2,208.3,61.7,-0.47408820904711646,-0.8804773535091619
SmoothCube_v2_new_000199,SmoothCube_v2,7.8,67.0,0.13571557243430438,0.9907478404714436
SmoothCube_v2_new_000200,SmoothCube_v2,45.8,49.1,0.7169106076504828,0.6971651028545646
SmoothCube_v2_new_000201,SmoothCube_v2,107.8,67.0,0.9521293927421387,-0.3056953049631056
SmoothCube_v2_new_000202,SmoothCube_v2,228.0,45.4,-0.7431448254773944,-0.6691306063588581
SmoothCube_v2_new_000203,SmoothCube_v2,173.5,63.0,0.11320321376790689,-0.9935718556765875
SmoothCube_v2_new_000204,SmoothCube_v2,18.8,31.5,0.3222656952305111,0.9466492601156964
SmoothCube_v2_new_000205,SmoothCube_v2,286.2,30.7,-0.9602936856769431,0.2789911060392292
SmoothCube_v2_new_000206,SmoothCube_v2,88.7,49.6,0.9997426093226983,0.02268733357278134
SmoothCube_v2_new_000207,SmoothCube_v2,224.8,60.3,-0.7046342099635947,-0.7095707365365209
SmoothCube_v2_new_000208,SmoothCube_v2,100.9,30.3,0.9819587126964436,-0.1890954429898914
SmoothCube_v2_new_000209,SmoothCube_v2,63.1,48.4,0.8917975296052141,0.45243470931178265
SmoothCube_v2_new_000210,SmoothCube_v2,195.6,69.8,-0.26891982061526554,-0.9631625667976582
SmoothCube_v2_new_000211,SmoothCube_v2,75.0,61.3,0.9659258262890683,0.25881904510252074
SmoothCube_v2_new_000212,SmoothCube_v2,327.6,41.6,-0.5358267949789963,0.8443279255020153
SmoothCube_v2_new_000213,SmoothCube_v2,43.8,57.2,0.6921431738704068,0.7217602280983623
SmoothCube_v2_new_000214,SmoothCube_v2,208.2,33.6,-0.4725507648690539,-0.8813034520649923
SmoothCube_v2_new_000215,SmoothCube_v2,153.7,54.8,0.44307119082418006,-0.8964864303834403
SmoothCube_v2_new_000216,SmoothCube_v2,177.1,60.1,0.050592940076713395,-0.9987193571841861
SmoothCube_v2_new_000217,SmoothCube_v2,290.5,49.5,-0.9366721892483977,0.3502073812594672
SmoothCube_v2_new_000218,SmoothCube_v2,134.6,48.5,0.7120260459909965,-0.7021530529951624
SmoothCube_v2_new_000219,SmoothCube_v2,308.8,60.3,-0.7793379649314739,0.6266038113644607
SmoothCube_v2_new_000220,SmoothCube_v2,141.3,59.4,0.6252426563357051,-0.7804304073383298
SmoothCube_v2_new_000221,SmoothCube_v2,90.2,60.2,0.9999939076577904,-0.0034906514152236758
SmoothCube_v2_new_000222,SmoothCube_v2,192.2,61.7,-0.2113247964553886,-0.9774158942860959
SmoothCube_v2_new_000223,SmoothCube_v2,120.7,46.2,0.8598522715968735,-0.5105429179116057
SmoothCube_v2_new_000224,SmoothCube_v2,310.4,66.3,-0.7615383075367371,0.6481199010631304
SmoothCube_v2_new_000225,SmoothCube_v2,287.8,48.1,-0.9521293927421387,0.3056953049631057
SmoothCube_v2_new_000226,SmoothCube_v2,76.1,71.6,0.9707164815781908,0.2402280424772638
SmoothCube_v2_new_000227,SmoothCube_v2,219.3,40.3,-0.6333808726275504,-0.773840209726506
SmoothCube_v2_new_000228,SmoothCube_v2,230.4,56.5,-0.7705132427757894,-0.6374239897486895
SmoothCube_v2_new_000229,SmoothCube_v2,201.5,34.8,-0.36650122672429736,-0.9304175679820245
SmoothCube_v2_new_000230,SmoothCube_v2,112.5,53.2,0.9238795325112867,-0.3826834323650897
SmoothCube_v2_new_000231,SmoothCube_v2,339.4,37.7,-0.3518416484047019,0.9360595357389733
SmoothCube_v2_new_000232,SmoothCube_v2,157.8,43.3,0.3778407868184671,-0.9258705848099947
SmoothCube_v2_new_000233,SmoothCube_v2,149.2,69.3,0.5120428648705719,-0.8589598969306642
SmoothCube_v2_new_000234,SmoothCube_v2,159.1,45.0,0.35673799931962524,-0.9342044743210295
SmoothCube_v2_new_000235,SmoothCube_v2,254.8,37.1,-0.9650164944723115,-0.2621891786408644
SmoothCube_v2_new_000236,SmoothCube_v2,105.6,45.1,0.9631625667976582,-0.2689198206152656
SmoothCube_v2_new_000237,SmoothCube_v2,28.1,60.8,0.47101188121941,0.8821268660176678
SmoothCube_v2_new_000238,SmoothCube_v2,89.8,57.8,0.9999939076577904,0.0034906514152237985
SmoothCube_v2_new_000239,SmoothCube_v2,298.5,70.7,-0.8788171126619654,0.47715876025960835
SmoothCube_v2_new_000240,SmoothCube_v2,47.2,62.5,0.7337298645028764,0.6794413042615165
SmoothCube_v2_new_000241,SmoothCube_v2,179.3,65.4,0.012217000835246974,-0.999925369660452
SmoothCube_v2_new_000242,SmoothCube_v2,42.2,30.7,0.6717205893229902,0.74080459628675
SmoothCube_v2_new_000243,SmoothCube_v2,268.4,44.8,-0.9996101150403544,-0.027921638723569103
SmoothCube_v2_new_000244,SmoothCube_v2,14.4,74.1,0.2486898871648548,0.9685831611286311
SmoothCube_v2_new_000245,SmoothCube_v2,127.7,48.0,0.7912235329674902,-0.611527040185831
SmoothCube_v2_new_000246,SmoothCube_v2,67.1,40.2,0.9211854055657211,0.3891239501402063
SmoothCube_v2_new_000247,SmoothCube_v2,58.1,30.9,0.8489716876291414,0.5284383347223471
SmoothCube_v2_new_000248,SmoothCube_v2,55.6,59.0,0.8251134982782952,0.564967003424938
SmoothCube_v2_new_000249,SmoothCube_v2,130.8,73.6,0.7569950556517564,-0.6534206039901055
SmoothCube_v2_new_000250,SmoothCube_v2,298.0,72.2,-0.8829475928589271,0.4694715627858904
SmoothCube_v2_new_000251,SmoothCube_v2,311.9,40.9,-0.7443115462311544,0.6678325554710464
SmoothCube_v2_new_000252,SmoothCube_v2,7.6,50.6,0.13225639025712244,0.9912155402515417
SmoothCube_v2_new_000253,SmoothCube_v2,196.5,34.0,-0.28401534470392276,-0.958819734868193
SmoothCube_v2_new_000254,SmoothCube_v2,262.4,63.4,-0.9912155402515416,-0.13225639025712324
SmoothCube_v2_new_000255,SmoothCube_v2,81.2,32.4,0.9882283814465528,0.1529858362840381
SmoothCube_v2_new_000256,SmoothCube_v2,245.2,67.9,-0.9077774785329087,-0.419452082446177
SmoothCube_v2_new_000257,SmoothCube_v2,6.4,32.5,0.11146893220632548,0.9937679191605964
SmoothCube_v2_new_000258,SmoothCube_v2,150.6,68.6,0.490903753615141,-0.8712138111201894
SmoothCube_v2_new_000259,SmoothCube_v2,15.0,43.8,0.25881904510252074,0.9659258262890683
SmoothCube_v2_new_000260,SmoothCube_v2,129.2,66.8,0.7749444887041799,-0.6320293026648505
SmoothCube_v2_new_000261,SmoothCube_v2,291.5,58.6,-0.9304175679820247,0.36650122672429686
SmoothCube_v2_new_000262,SmoothCube_v2,151.5,51.8,0.4771587602596086,-0.8788171126619653
SmoothCube_v2_new_000263,SmoothCube_v2,227.6,30.9,-0.7384553406258836,-0.6743023875837236
SmoothCube_v2_new_000264,SmoothCube_v2,102.6,30.1,0.9759167619387474,-0.21814324139654234
SmoothCube_v2_new_000265,SmoothCube_v2,118.3,70.0,0.880477353509162,-0.4740882090471161
SmoothCube_v2_new_000266,SmoothCube_v2,191.8,69.1,-0.2044960518417903,-0.978867388761685
SmoothCube_v2_new_000267,SmoothCube_v2,221.9,30.6,-0.6678325554710467,-0.744311546231154
SmoothCube_v2_new_000268,SmoothCube_v2,244.2,34.7,-0.9003187714021933,-0.435231099372328
SmoothCube_v2_new_000269,SmoothCube_v2,126.6,61.2,0.8028174751911147,-0.5962248749656156
SmoothCube_v2_new_000270,SmoothCube_v2,151.7,71.6,0.4740882090471163,-0.880477353509162
SmoothCube_v2_new_000271,SmoothCube_v2,192.9,39.2,-0.22325011601095143,-0.9747611941912218
SmoothCube_v2_new_000272,SmoothCube_v2,129.4,31.2,0.7727335734973508,-0.6347305132022678
SmoothCube_v2_new_000273,SmoothCube_v2,293.8,69.6,-0.9149596678498249,0.4035452963523898
SmoothCube_v2_new_000274,SmoothCube_v2,247.0,34.3,-0.9205048534524403,-0.3907311284892738
SmoothCube_v2_new_000275,SmoothCube_v2,86.4,74.0,0.9980267284282716,0.0627905195293133
SmoothCube_v2_new_000276,SmoothCube_v2,215.3,34.1,-0.5778576243835055,-0.8161375900801602
SmoothCube_v2_new_000277,SmoothCube_v2,2.1,38.2,0.036643708706556276,0.9993283937786562
SmoothCube_v2_new_000278,SmoothCube_v2,121.1,32.2,0.8562670846003282,-0.5165333288666418
SmoothCube_v2_new_000279,SmoothCube_v2,77.0,36.9,0.9743700647852352,0.22495105434386492
SmoothCube_v2_new_000280,SmoothCube_v2,221.0,39.5,-0.656059028990507,-0.7547095802227721
SmoothCube_v2_new_000281,SmoothCube_v2,180.7,32.8,-0.01221700083524673,-0.999925369660452
SmoothCube_v2_new_000282,SmoothCube_v2,75.8,65.4,0.9694453498951389,0.24530738587880274
SmoothCube_v2_new_000283,SmoothCube_v2,250.9,50.6,-0.9449489121575309,-0.3272178989791038
SmoothCube_v2_new_000284,SmoothCube_v2,111.0,34.8,0.9335804264972017,-0.35836794954530027
SmoothCube_v2_new_000285,SmoothCube_v2,81.4,59.1,0.9887563810470059,0.14953534344370936
SmoothCube_v2_new_000286,SmoothCube_v2,70.8,63.0,0.944376370237481,0.3288666467385833
SmoothCube_v2_new_000287,SmoothCube_v2,23.7,37.1,0.4019477766559601,0.9156625933395611
SmoothCube_v2_new_000288,SmoothCube_v2,37.8,70.3,0.6129070536529764,0.7901550123756904
SmoothCube_v2_new_000289,SmoothCube_v2,286.2,50.3,-0.9602936856769431,0.2789911060392292
SmoothCube_v2_new_000290,SmoothCube_v2,8.6,69.8,0.14953534344370953,0.9887563810470058
SmoothCube_v2_new_000291,SmoothCube_v2,69.7,51.5,0.9378889346118976,0.34693565157325584
SmoothCube_v2_new_000292,SmoothCube_v2,10.2,40.5,0.1770847403195833,0.9841956079692419
SmoothCube_v2_new_000293,SmoothCube_v2,228.0,35.5,-0.7431448254773944,-0.6691306063588581
SmoothCube_v2_new_000294,SmoothCube_v2,155.9,30.1,0.40833046038138504,-0.9128341772330427
SmoothCube_v2_new_000295,SmoothCube_v2,348.5,74.9,-0.19936793441719736,0.9799247046208296
SmoothCube_v2_new_000296,SmoothCube_v2,134.5,55.1,0.7132504491541816,-0.7009092642998509
SmoothCube_v2_new_000297,SmoothCube_v2,301.8,38.5,-0.849892692986864,0.5269557954966775
SmoothCube_v2_new_000298,SmoothCube_v2,296.0,35.7,-0.898794046299167,0.4383711467890774
SmoothCube_v2_new_000299,SmoothCube_v2,172.9,31.0,0.12360147674049267,-0.9923319378854887
SmoothCube_v2_new_000300,SmoothCube_v2,30.5,43.0,0.5075383629607041,0.8616291604415258
SmoothCube_v2_new_000301,SmoothCube_v2,14.5,39.8,0.25038000405444144,0.9681476403781077
SmoothCube_v2_new_000302,SmoothCube_v2,216.5,38.1,-0.5948227867513411,-0.8038568606172175
SmoothCube_v2_new_000303,SmoothCube_v2,344.1,60.9,-0.27395921869243234,0.9617413095492114
SmoothCube_v2_new_000304,SmoothCube_v2,121.0,64.0,0.8571673007021123,-0.5150380749100543
SmoothCube_v2_new_000305,SmoothCube_v2,233.6,68.1,-0.8048937973559143,-0.5934188866037012
SmoothCube_v2_new_000306,SmoothCube_v2,200.7,36.6,-0.35347484377925675,-0.9354440308298675
SmoothCube_v2_new_000307,SmoothCube_v2,187.9,71.0,-0.13744454603714684,-0.9905094632383088
SmoothCube_v2_new_000308,SmoothCube_v2,3.8,65.8,0.06627390040000014,0.99780146829205
SmoothCube_v2_new_000309,SmoothCube_v2,262.8,39.5,-0.9921147013144779,-0.12533323356430373
SmoothCube_v2_new_000310,SmoothCube_v2,243.8,44.2,-0.8972583696743284,-0.4415058527917453
SmoothCube_v2_new_000311,SmoothCube_v2,119.7,70.1,0.8686315144381912,-0.4954586684324076
SmoothCube_v2_new_000312,SmoothCube_v2,188.2,71.5,-0.1426289337055115,-0.989776230907789
SmoothCube_v2_new_000313,SmoothCube_v2,84.8,34.9,0.9958843986159703,0.09063258019778012
SmoothCube_v2_new_000314,SmoothCube_v2,281.8,32.9,-0.978867388761685,0.20449605184179065
SmoothCube_v2_new_000315,SmoothCube_v2,296.8,62.0,-0.8925858184521255,0.45087754068943076
SmoothCube_v2_new_000316,SmoothCube_v2,13.4,63.2,0.23174790349415733,0.9727758782093966
SmoothCube_v2_new_000317,SmoothCube_v2,170.2,44.2,0.1702094991660327,-0.9854078984834901
SmoothCube_v2_new_000318,SmoothCube_v2,6.9,62.1,0.1201368388346471,0.9927573419294455
SmoothCube_v2_new_000319,SmoothCube_v2,325.4,66.6,-0.567843745053102,0.8231363685344414
SmoothCube_v2_new_000320,SmoothCube_v2,165.3,38.2,0.25375794458480533,-0.9672677527758768
SmoothCube_v2_new_000321,SmoothCube_v2,228.4,59.5,-0.747798090498532,-0.6639262126522415
SmoothCube_v2_new_000322,SmoothCube_v2,242.7,53.2,-0.8886172326549489,-0.4586495544843148
SmoothCube_v2_new_000323,SmoothCube_v2,320.2,35.3,-0.6401096994849559,0.768283523593523
SmoothCube_v2_new_000324,SmoothCube_v2,119.3,31.2,0.8720692724321205,-0.4893824517488463
SmoothCube_v2_new_000325,SmoothCube_v2,323.3,65.0,-0.5976251469755207,0.8017756442437544
SmoothCube_v2_new_000326,SmoothCube_v2,235.7,65.9,-0.8260982944957638,-0.5635260489375716
SmoothCube_v2_new_000327,SmoothCube_v2,347.7,69.6,-0.21303038627497678,0.9770455744352636
SmoothCube_v2_new_000328,SmoothCube_v2,62.8,47.0,0.8894163732912975,0.45709792705869423
SmoothCube_v2_new_000329,SmoothCube_v2,301.5,67.8,-0.8526401643540921,0.522498564715949
SmoothCube_v2_new_000330,SmoothCube_v2,278.0,67.8,-0.9902680687415704,0.13917310096006547
SmoothCube_v2_new_000331,SmoothCube_v2,273.2,37.2,-0.998440764181981,0.0558215049931637
SmoothCube_v2_new_000332,SmoothCube_v2,295.0,72.5,-0.9063077870366499,0.4226182617406996
SmoothCube_v2_new_000333,SmoothCube_v2,81.9,70.4,0.9900236577165575,0.14090123193758258
SmoothCube_v2_new_000334,SmoothCube_v2,312.7,45.3,-0.7349145951499602,0.6781596698680703
SmoothCube_v2_new_000335,SmoothCube_v2,342.1,62.2,-0.30735661779980655,0.9515944038794384
SmoothCube_v2_new_000336,SmoothCube_v2,54.6,47.3,0.8151277957285542,0.5792811723426788
SmoothCube_v2_new_000337,SmoothCube_v2,340.6,50.0,-0.33216113188370294,0.9432226579476011
SmoothCube_v2_new_000338,SmoothCube_v2,260.6,71.9,-0.9865721616069695,-0.163325962241622
SmoothCube_v2_new_000339,SmoothCube_v2,272.4,58.4,-0.9991228300988584,0.041875653729199505
SmoothCube_v2_new_000340,SmoothCube_v2,146.0,65.2,0.5591929034707469,-0.8290375725550416
SmoothCube_v2_new_000341,SmoothCube_v2,101.4,37.6,0.9802711746217219,-0.19765734037912613
SmoothCube_v2_new_000342,SmoothCube_v2,231.5,62.6,-0.7826081568524138,-0.6225146366376196
SmoothCube_v2_new_000343,SmoothCube_v2,348.9,64.2,-0.19252196652590806,0.981292663992245
SmoothCube_v2_new_000344,SmoothCube_v2,177.9,35.6,0.03664370870655634,-0.9993283937786562
SmoothCube_v2_new_000345,SmoothCube_v2,339.9,35.1,-0.3436596945856166,0.9390942520947089
SmoothCube_v2_new_000346,SmoothCube_v2,172.1,68.7,0.13744454603714665,-0.9905094632383088
SmoothCube_v2_new_000347,SmoothCube_v2,75.1,30.5,0.9663760793213293,0.2571327931546963
SmoothCube_v2_new_000348,SmoothCube_v2,288.6,64.4,-0.9477684100095857,0.31895930929807
SmoothCube_v2_new_000349,SmoothCube_v2,56.5,71.3,0.8338858220671682,0.5519369853120581
SmoothCube_v2_new_000350,SmoothCube_v2,221.8,31.1,-0.6665324702494526,-0.745475999682862
SmoothCube_v2_new_000351,SmoothCube_v2,122.8,51.7,0.8405666034956844,-0.5417082102827397
SmoothCube_v2_new_000352,SmoothCube_v2,226.8,34.6,-0.7289686274214116,-0.6845471059286886
SmoothCube_v2_new_000353,SmoothCube_v2,191.2,73.3,-0.19423435121997168,-0.9809551553491916
SmoothCube_v2_new_000354,SmoothCube_v2,169.9,73.3,0.17536672609198692,-0.9845031799744367
SmoothCube_v2_new_000355,SmoothCube_v2,253.9,74.5,-0.9607791541575942,-0.27731465330237737
SmoothCube_v2_new_000356,SmoothCube_v2,86.5,65.4,0.9981347984218669,0.06104853953485691
SmoothCube_v2_new_000357,SmoothCube_v2,38.7,45.8,0.6252426563357052,0.7804304073383297
SmoothCube_v2_new_000358,SmoothCube_v2,240.6,56.3,-0.8712138111201894,-0.49090375361514105
SmoothCube_v2_new_000359,SmoothCube_v2,297.8,50.8,-0.884580975215084,0.466386640339891
SmoothCube_v2_new_000360,SmoothCube_v2,43.4,67.2,0.687087510804423,0.7265746709709759
SmoothCube_v2_new_000361,SmoothCube_v2,178.4,67.6,0.02792163872356904,-0.9996101150403544
SmoothCube_v2_new_000362,SmoothCube_v2,247.0,41.7,-0.9205048534524403,-0.3907311284892738
SmoothCube_v2_new_000363,SmoothCube_v2,318.3,71.0,-0.665230354654361,0.7466381822853912
SmoothCube_v2_new_000364,SmoothCube_v2,328.4,70.2,-0.5239859059700797,0.8517269341430473
SmoothCube_v2_new_000365,SmoothCube_v2,3.0,53.3,0.052335956242943835,0.9986295347545738
SmoothCube_v2_new_000366,SmoothCube_v2,205.2,52.1,-0.42577929156507227,-0.9048270524660197
SmoothCube_v2_new_000367,SmoothCube_v2,45.4,45.4,0.7120260459909965,0.7021530529951624
SmoothCube_v2_new_000368,SmoothCube_v2,223.4,68.4,-0.6870875108044232,-0.7265746709709757
SmoothCube_v2_new_000369,SmoothCube_v2,46.9,49.2,0.7301622766207524,0.6832737736807991
SmoothCube_v2_new_000370,SmoothCube_v2,288.2,34.1,-0.9499720515246527,0.31233491851223216
SmoothCube_v2_new_000371,SmoothCube_v2,305.4,47.4,-0.8151277957285544,0.5792811723426785
SmoothCube_v2_new_000372,SmoothCube_v2,262.0,63.0,-0.9902680687415703,-0.13917310096006583
SmoothCube_v2_new_000373,SmoothCube_v2,96.0,67.4,0.9945218953682733,-0.10452846326765355
SmoothCube_v2_new_000374,SmoothCube_v2,273.3,42.4,-0.9983418166140283,0.05756402695956707
SmoothCube_v2_new_000375,SmoothCube_v2,203.9,42.0,-0.4051415867798627,-0.9142539552342637
SmoothCube_v2_new_000376,SmoothCube_v2,153.8,59.1,0.44150585279174487,-0.8972583696743286
SmoothCube_v2_new_000377,SmoothCube_v2,163.8,36.5,0.2789911060392291,-0.9602936856769431
SmoothCube_v2_new_000378,SmoothCube_v2,221.3,57.3,-0.660001667960937,-0.751264133503511
SmoothCube_v2_new_000379,SmoothCube_v2,4.4,42.4,0.07671902812681865,0.9970527522269202
SmoothCube_v2_new_000380,SmoothCube_v2,295.3,51.6,-0.9040825496607784,0.4273578633871923
SmoothCube_v2_new_000381,SmoothCube_v2,302.2,42.6,-0.8461931661275643,0.5328762760707295
SmoothCube_v2_new_000382,SmoothCube_v2,158.1,49.5,0.3729877825758092,-0.9278362538989199
SmoothCube_v2_new_000383,SmoothCube_v2,347.8,51.2,-0.21132479645538896,0.9774158942860958
SmoothCube_v2_new_000384,SmoothCube_v2,280.6,71.2,-0.982935349149554,0.1839513506127209
SmoothCube_v2_new_000385,SmoothCube_v2,46.9,64.2,0.7301622766207524,0.6832737736807991
SmoothCube_v2_new_000386,SmoothCube_v2,9.5,58.0,0.16504760586067765,0.9862856015372314
SmoothCube_v2_new_000387,SmoothCube_v2,282.5,58.6,-0.9762960071199335,0.21643961393810246
SmoothCube_v2_new_000388,SmoothCube_v2,353.4,57.3,-0.11493715049286679,0.9933727656003964
SmoothCube_v2_new_000389,SmoothCube_v2,347.0,58.4,-0.22495105434386534,0.9743700647852351
SmoothCube_v2_new_000390,SmoothCube_v2,173.5,36.6,0.11320321376790689,-0.9935718556765875
SmoothCube_v2_new_000391,SmoothCube_v2,251.9,38.6,-0.9505157316277837,-0.31067642963073183
SmoothCube_v2_new_000392,SmoothCube_v2,260.1,53.5,-0.9851093261547739,-0.17192910027940964
SmoothCube_v2_new_000393,SmoothCube_v2,312.9,32.3,-0.7325428987873792,0.6807208689589174
SmoothCube_v2_new_000394,SmoothCube_v2,279.3,70.8,-0.9868557164068072,0.1616038211033615
SmoothCube_v2_new_000395,SmoothCube_v2,190.2,50.1,-0.17708474031958318,-0.984195607969242
SmoothCube_v2_new_000396,SmoothCube_v2,157.7,69.1,0.3794561595290054,-0.925209718385782
SmoothCube_v2_new_000397,SmoothCube_v2,174.2,48.6,0.10105629718294638,-0.9948807088287882
SmoothCube_v2_new_000398,SmoothCube_v2,61.6,31.9,0.8796485728666165,0.4756242090702753
SmoothCube_v2_new_000399,SmoothCube_v2,337.2,60.8,-0.38751558645210327,0.9218631515885004
SmoothCube_v2_new_000400,SmoothCube_v2,313.3,59.6,-0.7277727576572106,0.6858183529273761
SmoothCube_v2_new_000401,SmoothCube_v2,8.4,68.1,0.14608302856241162,0.9892723329629883
SmoothCube_v2_new_000402,SmoothCube_v2,42.4,48.6,0.6743023875837234,0.7384553406258838
SmoothCube_v2_new_000403,SmoothCube_v2,293.6,31.5,-0.9163627295622396,0.4003490325568949
SmoothCube_v2_new_000404,SmoothCube_v2,194.4,50.5,-0.24868988716485502,-0.9685831611286311
SmoothCube_v2_new_000405,SmoothCube_v2,293.2,63.4,-0.9191353392552346,0.39394190959095066
SmoothCube_v2_new_000406,SmoothCube_v2,11.6,60.2,0.20107792114596468,0.9795752495993441
SmoothCube_v2_new_000407,SmoothCube_v2,66.5,59.1,0.917060074385124,0.39874906892524625
SmoothCube_v2_new_000408,SmoothCube_v2,291.9,33.6,-0.9278362538989203,0.3729877825758081
SmoothCube_v2_new_000409,SmoothCube_v2,144.5,33.3,0.5807029557109399,-0.8141155183563191
SmoothCube_v2_new_000410,SmoothCube_v2,123.9,65.4,0.8300122850953675,-0.5577451089796901
SmoothCube_v2_new_000411,SmoothCube_v2,151.5,48.7,0.4771587602596086,-0.8788171126619653
SmoothCube_v2_new_000412,SmoothCube_v2,314.9,57.4,-0.7083398377245289,0.7058715706786809
SmoothCube_v2_new_000413,SmoothCube_v2,157.5,57.3,0.3826834323650899,-0.9238795325112867
SmoothCube_v2_new_000414,SmoothCube_v2,85.0,57.1,0.9961946980917455,0.08715574274765814
SmoothCube_v2_new_000415,SmoothCube_v2,143.3,31.5,0.5976251469755209,-0.8017756442437541
SmoothCube_v2_new_000416,SmoothCube_v2,146.0,40.7,0.5591929034707469,-0.8290375725550416
SmoothCube_v2_new_000417,SmoothCube_v2,139.8,49.9,0.6454576877239505,-0.7637960286346422
SmoothCube_v2_new_000418,SmoothCube_v2,251.3,38.6,-0.9472102777460287,-0.32061299058567655
SmoothCube_v2_new_000419,SmoothCube_v2,228.8,57.8,-0.7524149088957245,-0.6586894601186803
SmoothCube_v2_new_000420,SmoothCube_v2,350.0,46.6,-0.1736481776669304,0.984807753012208
SmoothCube_v2_new_000421,SmoothCube_v2,291.5,35.6,-0.9304175679820247,0.36650122672429686
SmoothCube_v2_new_000422,SmoothCube_v2,98.4,68.7,0.9892723329629883,-0.14608302856241176
SmoothCube_v2_new_000423,SmoothCube_v2,46.2,42.1,0.7217602280983622,0.6921431738704068
SmoothCube_v2_new_000424,SmoothCube_v2,224.6,72.8,-0.7021530529951623,-0.7120260459909966
SmoothCube_v2_new_000425,SmoothCube_v2,15.0,54.7,0.25881904510252074,0.9659258262890683
SmoothCube_v2_new_000426,SmoothCube_v2,254.4,33.5,-0.9631625667976581,-0.2689198206152658
SmoothCube_v2_new_000427,SmoothCube_v2,26.4,60.4,0.44463517918492745,0.8957117602394129
SmoothCube_v2_new_000428,SmoothCube_v2,195.0,74.0,-0.2588190451025208,-0.9659258262890683
SmoothCube_v2_new_000429,SmoothCube_v2,121.2,30.8,0.8553642601605067,-0.5180270093731301
SmoothCube_v2_new_000430,SmoothCube_v2,56.3,46.8,0.8319541221304825,0.5548444274479993
SmoothCube_v2_new_000431,SmoothCube_v2,63.7,31.9,0.8964864303834406,0.4430711908241796
SmoothCube_v2_new_000432,SmoothCube_v2,264.3,41.3,-0.9950555699612262,-0.09931974974363922
SmoothCube_v2_new_000433,SmoothCube_v2,108.0,48.2,0.9510565162951536,-0.30901699437494734
SmoothCube_v2_new_000434,SmoothCube_v2,233.9,47.8,-0.8079898838980305,-0.5891963573533421
SmoothCube_v2_new_000435,SmoothCube_v2,111.9,40.4,0.9278362538989199,-0.37298778257580906
SmoothCube_v2_new_000436,SmoothCube_v2,164.4,64.8,0.26891982061526576,-0.9631625667976581
SmoothCube_v2_new_000437,SmoothCube_v2,27.2,51.0,0.4570979270586942,0.8894163732912975
SmoothCube_v2_new_000438,SmoothCube_v2,312.9,32.1,-0.7325428987873792,0.6807208689589174
SmoothCube_v2_new_000439,SmoothCube_v2,105.3,51.3,0.9645574184577981,-0.26387304996537286
SmoothCube_v2_new_000440,SmoothCube_v2,213.1,70.4,-0.546101961014429,-0.8377187166204388
SmoothCube_v2_new_000441,SmoothCube_v2,62.2,72.6,0.8845809752150839,0.46638664033989125
SmoothCube_v2_new_000442,SmoothCube_v2,93.7,52.0,0.997915618272179,-0.06453230825295789
SmoothCube_v2_new_000443,SmoothCube_v2,296.4,48.9,-0.895711760239413,0.44463517918492707
SmoothCube_v2_new_000444,SmoothCube_v2,324.9,42.0,-0.5750052520432788,0.8181497174250233
SmoothCube_v2_new_000445,SmoothCube_v2,156.2,51.8,0.40354529635239006,-0.9149596678498247
SmoothCube_v2_new_000446,SmoothCube_v2,77.7,37.4,0.9770455744352636,0.2130303862749766
SmoothCube_v2_new_000447,SmoothCube_v2,249.1,65.3,-0.9342044743210293,-0.35673799931962574
SmoothCube_v2_new_000448,SmoothCube_v2,5.4,33.1,0.09410831331851433,0.99556196460308
SmoothCube_v2_new_000449,SmoothCube_v2,191.3,35.3,-0.19594614424251772,-0.980614658546613
SmoothCube_v2_new_000450,SmoothCube_v2,13.7,62.7,0.23683814606561868,0.9715491199976461
SmoothCube_v2_new_000451,SmoothCube_v2,253.4,56.5,-0.9583225744651332,-0.2856883674049735
SmoothCube_v2_new_000452,SmoothCube_v2,330.6,32.9,-0.4909037536151403,0.8712138111201897
SmoothCube_v2_new_000453,SmoothCube_v2,221.2,49.7,-0.6586894601186801,-0.7524149088957247
SmoothCube_v2_new_000454,SmoothCube_v2,187.2,67.9,-0.12533323356430384,-0.9921147013144779
SmoothCube_v2_new_000455,SmoothCube_v2,8.8,63.0,0.15298583628403808,0.9882283814465528
SmoothCube_v2_new_000456,SmoothCube_v2,44.2,74.5,0.6971651028545646,0.7169106076504828
SmoothCube_v2_new_000457,SmoothCube_v2,81.8,38.7,0.989776230907789,0.1426289337055117
SmoothCube_v2_new_000458,SmoothCube_v2,11.7,61.8,0.20278729535651246,0.9792228106217657
SmoothCube_v2_new_000459,SmoothCube_v2,344.3,50.7,-0.2706004459758637,0.9626917464264788
SmoothCube_v2_new_000460,SmoothCube_v2,96.4,69.2,0.9937679191605964,-0.11146893220632556
SmoothCube_v2_new_000461,SmoothCube_v2,277.4,34.7,-0.9916711623830905,0.12879559657756257
SmoothCube_v2_new_000462,SmoothCube_v2,40.3,67.0,0.6467897795104596,0.7626683296956883
SmoothCube_v2_new_000463,SmoothCube_v2,121.9,49.5,0.8489716876291415,-0.528438334722347
SmoothCube_v2_new_000464,SmoothCube_v2,138.0,41.7,0.6691306063588583,-0.743144825477394
SmoothCube_v2_new_000465,SmoothCube_v2,90.4,53.3,0.9999756307053947,-0.0069812602979617226
SmoothCube_v2_new_000466,SmoothCube_v2,93.8,66.8,0.99780146829205,-0.06627390040000017
SmoothCube_v2_new_000467,SmoothCube_v2,216.5,51.3,-0.5948227867513411,-0.8038568606172175
SmoothCube_v2_new_000468,SmoothCube_v2,224.3,69.7,-0.698415285431006,-0.7156927337037358
SmoothCube_v2_new_000469,SmoothCube_v2,178.3,56.1,0.02966624408511081,-0.999559860119384
SmoothCube_v2_new_000470,SmoothCube_v2,308.2,51.7,-0.7858568931754019,0.6184083953575542
SmoothCube_v2_new_000471,SmoothCube_v2,311.9,52.5,-0.7443115462311544,0.6678325554710464
SmoothCube_v2_new_000472,SmoothCube_v2,17.6,71.9,0.3023698907504445,0.953190667792947
SmoothCube_v2_new_000473,SmoothCube_v2,257.7,47.0,-0.9770455744352636,-0.21303038627497672
SmoothCube_v2_new_000474,SmoothCube_v2,72.7,55.5,0.9547607995027975,0.2973748740777859
SmoothCube_v2_new_000475,SmoothCube_v2,96.7,59.0,0.9931706495384861,-0.11667073709933316
SmoothCube_v2_new_000476,SmoothCube_v2,285.1,32.1,-0.965472630879225,0.2605045086426486
SmoothCube_v2_new_000477,SmoothCube_v2,322.1,69.2,-0.6142852000989432,0.7890840848346907
SmoothCube_v2_new_000478,SmoothCube_v2,112.7,38.3,0.9225380894562464,-0.3859060423243186
SmoothCube_v2_new_000479,SmoothCube_v2,149.2,68.0,0.5120428648705719,-0.8589598969306642
SmoothCube_v2_new_000480,SmoothCube_v2,176.0,32.5,0.06975647374412552,-0.9975640502598242
SmoothCube_v2_new_000481,SmoothCube_v2,223.5,64.9,-0.6883545756937541,-0.7253743710122875
SmoothCube_v2_new_000482,SmoothCube_v2,91.6,55.1,0.9996101150403544,-0.027921638723568856
SmoothCube_v2_new_000483,SmoothCube_v2,153.1,56.0,0.4524347093117829,-0.891797529605214
SmoothCube_v2_new_000484,SmoothCube_v2,237.7,51.3,-0.8452618332218558,-0.5343523493898269
SmoothCube_v2_new_000485,SmoothCube_v2,161.1,63.8,0.32391741819814945,-0.9460853588275453
SmoothCube_v2_new_000486,SmoothCube_v2,1.7,59.7,0.029666244085110757,0.999559860119384
SmoothCube_v2_new_000487,SmoothCube_v2,289.5,41.9,-0.9426414910921784,0.3338068592337709
SmoothCube_v2_new_000488,SmoothCube_v2,345.1,68.8,-0.2571327931546962,0.9663760793213293
SmoothCube_v2_new_000489,SmoothCube_v2,290.7,71.6,-0.9354440308298675,0.3534748437792567
SmoothCube_v2_new_000490,SmoothCube_v2,236.2,35.7,-0.8309844692743283,-0.5562956155003047
SmoothCube_v2_new_000491,SmoothCube_v2,70.0,73.4,0.9396926207859083,0.3420201433256688
SmoothCube_v2_new_000492,SmoothCube_v2,59.2,37.5,0.8589598969306644,0.5120428648705715
SmoothCube_v2_new_000493,SmoothCube_v2,347.4,43.0,-0.2181432413965433,0.9759167619387472
SmoothCube_v2_new_000494,SmoothCube_v2,99.8,44.2,0.9854078984834901,-0.1702094991660325
SmoothCube_v2_new_000495,SmoothCube_v2,140.4,41.3,0.6374239897486895,-0.7705132427757894
SmoothCube_v2_new_000496,SmoothCube_v2,101.6,54.9,0.9795752495993441,-0.20107792114596446
SmoothCube_v2_new_000497,SmoothCube_v2,20.5,61.8,0.35020738125946743,0.9366721892483976
SmoothCube_v2_new_000498,SmoothCube_v2,111.5,74.6,0.9304175679820246,-0.3665012267242972
SmoothCube_v2_new_000499,SmoothCube_v2,197.7,45.7,-0.30403306092549004,-0.9526614812535864
SmoothCube_v2_new_000500,SmoothCube_v2,157.2,72.1,0.38751558645210316,-0.9218631515885004
SmoothCube_v2_new_000501,SmoothCube_v2,207.2,54.0,-0.45709792705869384,-0.8894163732912976
SmoothCube_v2_new_000502,SmoothCube_v2,88.7,41.7,0.9997426093226983,0.02268733357278134
SmoothCube_v2_new_000503,SmoothCube_v2,172.6,61.6,0.12879559657756287,-0.9916711623830904
SmoothCube_v2_new_000504,SmoothCube_v2,77.9,42.8,0.9777832367586061,0.20961856290382183
SmoothCube_v2_new_000505,SmoothCube_v2,270.4,43.0,-0.9999756307053947,0.006981260297960934
SmoothCube_v2_new_000506,SmoothCube_v2,216.6,53.5,-0.5962248749656155,-0.8028174751911148
SmoothCube_v2_new_000507,SmoothCube_v2,319.7,44.8,-0.6467897795104596,0.7626683296956883
SmoothCube_v2_new_000508,SmoothCube_v2,253.0,68.1,-0.9563047559630353,-0.2923717047227371
SmoothCube_v2_new_000509,SmoothCube_v2,293.5,45.1,-0.917060074385124,0.39874906892524625
SmoothCube_v2_new_000510,SmoothCube_v2,198.3,42.0,-0.31399245596740494,-0.9494254776419039
SmoothCube_v2_new_000511,SmoothCube_v2,166.0,47.4,0.24192189559966773,-0.9702957262759965
SmoothCube_v2_new_000512,SmoothCube_v2,119.1,34.9,0.8737722230354653,-0.4863353804234904
SmoothCube_v2_new_000513,SmoothCube_v2,163.2,63.8,0.2890317969444717,-0.9573194975320672
SmoothCube_v2_new_000514,SmoothCube_v2,332.1,58.3,-0.4679298142605735,0.8837656300886934
SmoothCube_v2_new_000515,SmoothCube_v2,356.7,46.3,-0.0575640269595675,0.9983418166140283
SmoothCube_v2_new_000516,SmoothCube_v2,248.0,38.5,-0.9271838545667873,-0.3746065934159123
SmoothCube_v2_new_000517,SmoothCube_v2,16.2,55.5,0.2789911060392293,0.9602936856769431
SmoothCube_v2_new_000518,SmoothCube_v2,75.8,30.7,0.9694453498951389,0.24530738587880274
SmoothCube_v2_new_000519,SmoothCube_v2,229.4,55.1,-0.759271307334881,-0.6507742172658506
SmoothCube_v2_new_000520,SmoothCube_v2,193.8,47.7,-0.23853345757858088,-0.9711342799096361
SmoothCube_v2_new_000521,SmoothCube_v2,328.2,53.5,-0.5269557954966778,0.8498926929868638
SmoothCube_v2_new_000522,SmoothCube_v2,48.0,67.0,0.7431448254773942,0.6691306063588582
SmoothCube_v2_new_000523,SmoothCube_v2,332.0,48.8,-0.4694715627858908,0.8829475928589269
SmoothCube_v2_new_000524,SmoothCube_v2,14.8,56.0,0.25544575793579055,0.9668233886044594
SmoothCube_v2_new_000525,SmoothCube_v2,99.8,41.9,0.9854078984834901,-0.1702094991660325
SmoothCube_v2_new_000526,SmoothCube_v2,113.0,42.1,0.9205048534524403,-0.39073112848927377
SmoothCube_v2_new_000527,SmoothCube_v2,175.1,62.0,0.0854169231373676,-0.9963452961909064
SmoothCube_v2_new_000528,SmoothCube_v2,295.6,58.7,-0.9018325264051136,0.4320857488019827
SmoothCube_v2_new_000529,SmoothCube_v2,282.6,34.6,-0.9759167619387473,0.2181432413965429
SmoothCube_v2_new_000530,SmoothCube_v2,199.0,43.0,-0.32556815445715676,-0.9455185755993167
SmoothCube_v2_new_000531,SmoothCube_v2,223.4,48.8,-0.6870875108044232,-0.7265746709709757
SmoothCube_v2_new_000532,SmoothCube_v2,179.0,46.5,0.01745240643728344,-0.9998476951563913
SmoothCube_v2_new_000533,SmoothCube_v2,147.1,49.3,0.543174449950671,-0.8396198645344131
SmoothCube_v2_new_000534,SmoothCube_v2,160.3,46.8,0.33709525842308213,-0.941470544812038
SmoothCube_v2_new_000535,SmoothCube_v2,127.6,49.1,0.7922896433551907,-0.6101451639012676
SmoothCube_v2_new_000536,SmoothCube_v2,16.9,39.0,0.29070219359825245,0.9568135840576074
SmoothCube_v2_new_000537,SmoothCube_v2,16.9,73.5,0.29070219359825245,0.9568135840576074
SmoothCube_v2_new_000538,SmoothCube_v2,84.9,66.4,0.9960410654107696,0.08889429686644137
SmoothCube_v2_new_000539,SmoothCube_v2,271.9,62.0,-0.9994502159417572,0.03315517838852581
SmoothCube_v2_new_000540,SmoothCube_v2,323.8,41.9,-0.5906056676199254,0.8069603121438019
SmoothCube_v2_new_000541,SmoothCube_v2,241.3,60.0,-0.8771461637055887,-0.480223497443189
SmoothCube_v2_new_000542,SmoothCube_v2,65.9,57.3,0.9128341772330428,0.40833046038138476
SmoothCube_v2_new_000543,SmoothCube_v2,302.1,40.5,-0.8471219213821369,0.5313985795180832
SmoothCube_v2_new_000544,SmoothCube_v2,344.0,32.5,-0.27563735581699894,0.9612616959383189
SmoothCube_v2_new_000545,SmoothCube_v2,56.2,37.9,0.8309844692743283,0.5562956155003048
SmoothCube_v2_new_000546,SmoothCube_v2,325.2,56.0,-0.5707135676844323,0.8211492091337037
SmoothCube_v2_new_000547,SmoothCube_v2,157.5,33.7,0.3826834323650899,-0.9238795325112867
SmoothCube_v2_new_000548,SmoothCube_v2,199.7,71.5,-0.3370952584230819,-0.941470544812038
SmoothCube_v2_new_000549,SmoothCube_v2,354.2,33.3,-0.10105629718294651,0.9948807088287882
SmoothCube_v2_new_000550,SmoothCube_v2,100.0,73.5,0.984807753012208,-0.1736481776669303
SmoothCube_v2_new_000551,SmoothCube_v2,155.5,64.5,0.4146932426562392,-0.9099612708765431
SmoothCube_v2_new_000552,SmoothCube_v2,61.0,38.7,0.8746197071393957,0.4848096202463371
SmoothCube_v2_new_000553,SmoothCube_v2,163.6,42.9,0.28234145684287654,-0.9593139745400575
SmoothCube_v2_new_000554,SmoothCube_v2,128.9,64.5,0.7782431485260211,-0.6279630576493378
SmoothCube_v2_new_000555,SmoothCube_v2,79.8,63.7,0.9841956079692419,0.17708474031958338
SmoothCube_v2_new_000556,SmoothCube_v2,294.4,37.0,-0.9106836608061771,0.4131044298245417
SmoothCube_v2_new_000557,SmoothCube_v2,52.9,46.9,0.7975839288252284,0.6032079877452825
SmoothCube_v2_new_000558,SmoothCube_v2,76.9,33.7,0.9739759672790517,0.22665130743685488
SmoothCube_v2_new_000559,SmoothCube_v2,199.5,69.9,-0.33380685923377096,-0.9426414910921784
SmoothCube_v2_new_000560,SmoothCube_v2,349.0,56.1,-0.19080899537654467,0.981627183447664
SmoothCube_v2_new_000561,SmoothCube_v2,55.9,30.4,0.8280603346224944,0.5606389945632417
SmoothCube_v2_new_000562,SmoothCube_v2,113.5,30.5,0.917060074385124,-0.39874906892524614
SmoothCube_v2_new_000563,SmoothCube_v2,149.4,56.5,0.5090414157503711,-0.8607420270039438
SmoothCube_v2_new_000564,SmoothCube_v2,217.6,40.3,-0.6101451639012675,-0.7922896433551908
SmoothCube_v2_new_000565,SmoothCube_v2,43.7,33.1,0.6908824110768584,0.7229671459095681
SmoothCube_v2_new_000566,SmoothCube_v2,73.9,73.0,0.9607791541575942,0.2773146533023777
SmoothCube_v2_new_000567,SmoothCube_v2,308.5,64.3,-0.782608156852414,0.6225146366376193
SmoothCube_v2_new_000568,SmoothCube_v2,1.2,67.3,0.020942419883356957,0.9997806834748455
SmoothCube_v2_new_000569,SmoothCube_v2,99.8,54.1,0.9854078984834901,-0.1702094991660325
SmoothCube_v2_new_000570,SmoothCube_v2,217.8,44.2,-0.6129070536529766,-0.7901550123756903
SmoothCube_v2_new_000571,SmoothCube_v2,228.9,46.3,-0.7535633923016379,-0.6573752457940957
SmoothCube_v2_new_000572,SmoothCube_v2,225.8,52.9,-0.716910607650483,-0.6971651028545643
SmoothCube_v2_new_000573,SmoothCube_v2,346.2,71.2,-0.23853345757858122,0.971134279909636
SmoothCube_v2_new_000574,SmoothCube_v2,8.7,34.1,0.1512608202472192,0.9884938868086836
SmoothCube_v2_new_000575,SmoothCube_v2,290.7,74.0,-0.9354440308298675,0.3534748437792567
SmoothCube_v2_new_000576,SmoothCube_v2,156.8,67.7,0.39394190959095093,-0.9191353392552345
SmoothCube_v2_new_000577,SmoothCube_v2,337.3,56.7,-0.38590604232431824,0.9225380894562465
SmoothCube_v2_new_000578,SmoothCube_v2,8.2,35.9,0.14262893370551163,0.989776230907789
SmoothCube_v2_new_000579,SmoothCube_v2,153.4,59.3,0.4477590878387698,-0.8941542368393681
SmoothCube_v2_new_000580,SmoothCube_v2,348.4,60.4,-0.20107792114596473,0.9795752495993441
SmoothCube_v2_new_000581,SmoothCube_v2,21.6,62.1,0.368124552684678,0.9297764858882513
SmoothCube_v2_new_000582,SmoothCube_v2,37.0,34.9,0.6018150231520483,0.7986355100472928
SmoothCube_v2_new_000583,SmoothCube_v2,23.5,35.3,0.3987490689252462,0.917060074385124
SmoothCube_v2_new_000584,SmoothCube_v2,102.0,56.8,0.9781476007338057,-0.20791169081775934
SmoothCube_v2_new_000585,SmoothCube_v2,96.5,39.2,0.9935718556765875,-0.11320321376790671
SmoothCube_v2_new_000586,SmoothCube_v2,245.6,68.6,-0.910683660806177,-0.41310442982454204
SmoothCube_v2_new_000587,SmoothCube_v2,311.6,33.7,-0.747798090498532,0.6639262126522415
SmoothCube_v2_new_000588,SmoothCube_v2,127.4,34.3,0.794414620535418,-0.6073758397232868
SmoothCube_v2_new_000589,SmoothCube_v2,276.6,73.3,-0.9933727656003963,0.11493715049286725
SmoothCube_v2_new_000590,SmoothCube_v2,276.0,34.5,-0.9945218953682734,0.10452846326765299
SmoothCube_v2_new_000591,SmoothCube_v2,93.0,51.7,0.9986295347545738,-0.05233595624294384
SmoothCube_v2_new_000592,SmoothCube_v2,358.3,40.2,-0.02966624408511093,0.999559860119384
SmoothCube_v2_new_000593,SmoothCube_v2,144.5,43.4,0.5807029557109399,-0.8141155183563191
SmoothCube_v2_new_000594,SmoothCube_v2,211.3,71.2,-0.5195191118795094,-0.8544588301328073
SmoothCube_v2_new_000595,SmoothCube_v2,138.7,37.7,0.6600016679609368,-0.7512641335035111
SmoothCube_v2_new_000596,SmoothCube_v2,198.7,51.1,-0.32061299058567583,-0.947210277746029
SmoothCube_v2_new_000597,SmoothCube_v2,300.8,74.5,-0.8589598969306643,0.5120428648705716
SmoothCube_v2_new_000598,SmoothCube_v2,313.4,39.7,-0.726574670970976,0.6870875108044229
SmoothCube_v2_new_000599,SmoothCube_v2,167.7,66.2,0.21303038627497667,-0.9770455744352636
SmoothCube_v2_new_000600,SmoothCube_v2,343.7,55.9,-0.2806667089207881,0.9598052919751868
SmoothCube_v2_new_000601,SmoothCube_v2,247.6,50.7,-0.9245460336123132,-0.38107037635027396
SmoothCube_v2_new_000602,SmoothCube_v2,239.8,56.8,-0.8642748019537045,-0.5030199466302353
SmoothCube_v2_new_000603,SmoothCube_v2,258.8,46.4,-0.9809551553491916,-0.19423435121997154
SmoothCube_v2_new_000604,SmoothCube_v2,301.5,70.4,-0.8526401643540921,0.522498564715949
SmoothCube_v2_new_000605,SmoothCube_v2,225.8,49.5,-0.716910607650483,-0.6971651028545643
SmoothCube_v2_new_000606,SmoothCube_v2,89.8,53.5,0.9999939076577904,0.0034906514152237985
SmoothCube_v2_new_000607,SmoothCube_v2,201.6,68.9,-0.3681245526846779,-0.9297764858882515
SmoothCube_v2_new_000608,SmoothCube_v2,18.1,71.0,0.31067642963073183,0.9505157316277837
SmoothCube_v2_new_000609,SmoothCube_v2,326.2,67.7,-0.5562956155003047,0.8309844692743283
SmoothCube_v2_new_000610,SmoothCube_v2,298.5,63.3,-0.8788171126619654,0.47715876025960835
SmoothCube_v2_new_000611,SmoothCube_v2,293.2,54.2,-0.9191353392552346,0.39394190959095066
SmoothCube_v2_new_000612,SmoothCube_v2,151.8,43.1,0.47255076486905373,-0.8813034520649924
SmoothCube_v2_new_000613,SmoothCube_v2,206.3,38.7,-0.44307119082417984,-0.8964864303834404
SmoothCube_v2_new_000614,SmoothCube_v2,181.5,67.6,-0.026176948307873177,-0.9996573249755573
SmoothCube_v2_new_000615,SmoothCube_v2,22.5,68.9,0.3826834323650898,0.9238795325112867
SmoothCube_v2_new_000616,SmoothCube_v2,234.8,46.2,-0.8171448983351284,-0.5764323161697934
SmoothCube_v2_new_000617,SmoothCube_v2,260.5,56.9,-0.9862856015372314,-0.1650476058606773
SmoothCube_v2_new_000618,SmoothCube_v2,220.8,63.4,-0.6534206039901054,-0.7569950556517564
SmoothCube_v2_new_000619,SmoothCube_v2,82.1,72.2,0.9905094632383088,0.13744454603714681
SmoothCube_v2_new_000620,SmoothCube_v2,229.0,54.2,-0.754709580222772,-0.6560590289905073
SmoothCube_v2_new_000621,SmoothCube_v2,350.5,39.9,-0.16504760586067735,0.9862856015372314
SmoothCube_v2_new_000622,SmoothCube_v2,302.3,64.3,-0.845261833221856,0.5343523493898266
SmoothCube_v2_new_000623,SmoothCube_v2,256.6,50.8,-0.9727758782093966,-0.23174790349415716
SmoothCube_v2_new_000624,SmoothCube_v2,108.4,58.2,0.9488760116444965,-0.3156490369471026
SmoothCube_v2_new_000625,SmoothCube_v2,302.5,48.6,-0.8433914458128857,0.5372996083468239
SmoothCube_v2_new_000626,SmoothCube_v2,331.2,33.2,-0.4817536741017153,0.8763066800438636
SmoothCube_v2_new_000627,SmoothCube_v2,228.6,30.1,-0.7501110696304595,-0.6613118653236519
SmoothCube_v2_new_000628,SmoothCube_v2,26.7,46.3,0.4493189986158966,0.8933713883278376
SmoothCube_v2_new_000629,SmoothCube_v2,109.4,59.2,0.943222657947601,-0.3321611318837033
SmoothCube_v2_new_000630,SmoothCube_v2,177.1,73.0,0.050592940076713395,-0.9987193571841861
SmoothCube_v2_new_000631,SmoothCube_v2,231.0,46.3,-0.7771459614569706,-0.6293203910498378
SmoothCube_v2_new_000632,SmoothCube_v2,249.6,37.9,-0.9372819894918915,-0.34857204732181546
SmoothCube_v2_new_000633,SmoothCube_v2,245.9,69.7,-0.9128341772330429,-0.4083304603813847
SmoothCube_v2_new_000634,SmoothCube_v2,342.5,68.7,-0.300705799504273,0.9537169507482269
SmoothCube_v2_new_000635,SmoothCube_v2,125.2,51.7,0.8171448983351286,-0.5764323161697932
SmoothCube_v2_new_000636,SmoothCube_v2,37.3,46.2,0.605988400265711,0.7954734808548959
SmoothCube_v2_new_000637,SmoothCube_v2,305.7,37.0,-0.8120835268918062,0.5835412113561176
SmoothCube_v2_new_000638,SmoothCube_v2,151.8,73.0,0.47255076486905373,-0.8813034520649924
SmoothCube_v2_new_000639,SmoothCube_v2,27.5,59.0,0.4617486132350339,0.8870108331782217
SmoothCube_v2_new_000640,SmoothCube_v2,224.5,46.7,-0.7009092642998509,-0.7132504491541816
SmoothCube_v2_new_000641,SmoothCube_v2,246.4,52.5,-0.9163627295622395,-0.40034903255689525
SmoothCube_v2_new_000642,SmoothCube_v2,238.2,42.6,-0.8498926929868638,-0.5269557954966778
SmoothCube_v2_new_000643,SmoothCube_v2,347.5,51.3,-0.21643961393810288,0.9762960071199334
SmoothCube_v2_new_000644,SmoothCube_v2,336.7,50.0,-0.39554550256296556,0.9184463813430869
SmoothCube_v2_new_000645,SmoothCube_v2,319.0,48.2,-0.6560590289905074,0.7547095802227719
SmoothCube_v2_new_000646,SmoothCube_v2,19.0,44.3,0.3255681544571567,0.9455185755993168
SmoothCube_v2_new_000647,SmoothCube_v2,183.8,53.2,-0.06627390040000034,-0.99780146829205
SmoothCube_v2_new_000648,SmoothCube_v2,35.8,72.8,0.5849576749872154,0.8110638189893267
SmoothCube_v2_new_000649,SmoothCube_v2,0.9,48.2,0.015707317311820675,0.9998766324816606
SmoothCube_v2_new_000650,SmoothCube_v2,291.6,48.4,-0.9297764858882512,0.36812455268467825
SmoothCube_v2_new_000651,SmoothCube_v2,218.9,53.2,-0.6279630576493381,-0.7782431485260208
SmoothCube_v2_new_000652,SmoothCube_v2,300.8,44.0,-0.8589598969306643,0.5120428648705716
SmoothCube_v2_new_000653,SmoothCube_v2,92.5,46.1,0.9990482215818578,-0.04361938736533589
SmoothCube_v2_new_000654,SmoothCube_v2,263.3,69.4,-0.993170649538486,-0.11667073709933318
SmoothCube_v2_new_000655,SmoothCube_v2,185.0,63.3,-0.08715574274765794,-0.9961946980917455
SmoothCube_v2_new_000656,SmoothCube_v2,51.7,67.7,0.7847763705330829,0.6197790317951402
SmoothCube_v2_new_000657,SmoothCube_v2,170.3,65.7,0.1684893795650024,-0.9857034690888536
SmoothCube_v2_new_000658,SmoothCube_v2,298.0,48.8,-0.8829475928589271,0.4694715627858904
SmoothCube_v2_new_000659,SmoothCube_v2,20.0,35.3,0.3420201433256687,0.9396926207859084
SmoothCube_v2_new_000660,SmoothCube_v2,222.4,40.0,-0.6743023875837234,-0.7384553406258838
SmoothCube_v2_new_000661,SmoothCube_v2,56.6,60.7,0.8348478632634065,0.5504807400849956
SmoothCube_v2_new_000662,SmoothCube_v2,180.0,70.6,1.2246467991473532e-16,-1.0
SmoothCube_v2_new_000663,SmoothCube_v2,64.5,61.6,0.9025852843498605,0.43051109680829525
SmoothCube_v2_new_000664,SmoothCube_v2,8.5,47.2,0.14780941112961063,0.9890158633619168
SmoothCube_v2_new_000665,SmoothCube_v2,152.3,37.1,0.46484204572461946,-0.8853936257544159
SmoothCube_v2_new_000666,SmoothCube_v2,119.9,34.6,0.8668967489356029,-0.4984877397538302
SmoothCube_v2_new_000667,SmoothCube_v2,196.5,47.7,-0.28401534470392276,-0.958819734868193
SmoothCube_v2_new_000668,SmoothCube_v2,233.6,64.6,-0.8048937973559143,-0.5934188866037012
SmoothCube_v2_new_000669,SmoothCube_v2,221.3,45.0,-0.660001667960937,-0.751264133503511
SmoothCube_v2_new_000670,SmoothCube_v2,27.0,43.1,0.45399049973954675,0.8910065241883679
SmoothCube_v2_new_000671,SmoothCube_v2,228.5,46.0,-0.7489557207890022,-0.6626200482157375
SmoothCube_v2_new_000672,SmoothCube_v2,308.9,48.8,-0.7782431485260214,0.6279630576493374
SmoothCube_v2_new_000673,SmoothCube_v2,40.7,67.7,0.6520984038303922,0.7581343361976521
SmoothCube_v2_new_000674,SmoothCube_v2,354.6,51.8,-0.09410831331851403,0.99556196460308
SmoothCube_v2_new_000675,SmoothCube_v2,335.9,73.1,-0.40833046038138554,0.9128341772330425
SmoothCube_v2_new_000676,SmoothCube_v2,53.7,55.4,0.8059282822485159,0.5920131787992194
SmoothCube_v2_new_000677,SmoothCube_v2,45.3,33.3,0.7107994738729925,0.7033947028105039
SmoothCube_v2_new_000678,SmoothCube_v2,122.2,38.2,0.846193166127564,-0.5328762760707301
SmoothCube_v2_new_000679,SmoothCube_v2,292.4,72.2,-0.9245460336123134,0.38107037635027363
SmoothCube_v2_new_000680,SmoothCube_v2,192.5,52.0,-0.21643961393810293,-0.9762960071199334
SmoothCube_v2_new_000681,SmoothCube_v2,128.1,35.6,0.7869350219613374,-0.6170358751407485
SmoothCube_v2_new_000682,SmoothCube_v2,229.5,74.9,-0.7604059656000312,-0.6494480483301834
SmoothCube_v2_new_000683,SmoothCube_v2,178.8,58.5,0.020942419883356666,-0.9997806834748455
SmoothCube_v2_new_000684,SmoothCube_v2,13.8,38.2,0.23853345757858088,0.9711342799096361
SmoothCube_v2_new_000685,SmoothCube_v2,271.8,67.4,-0.9995065603657315,0.03141075907812882
SmoothCube_v2_new_000686,SmoothCube_v2,147.5,60.1,0.5372996083468238,-0.8433914458128857
SmoothCube_v2_new_000687,SmoothCube_v2,359.9,42.1,-0.0017453283658984452,0.9999984769132877
SmoothCube_v2_new_000688,SmoothCube_v2,338.6,47.7,-0.3648767843376198,0.9310558158625283
SmoothCube_v2_new_000689,SmoothCube_v2,168.1,73.3,0.2062041853966297,-0.9785089851017784
SmoothCube_v2_new_000690,SmoothCube_v2,65.9,69.9,0.9128341772330428,0.40833046038138476
SmoothCube_v2_new_000691,SmoothCube_v2,332.5,50.7,-0.46174861323503363,0.8870108331782218
SmoothCube_v2_new_000692,SmoothCube_v2,181.4,40.6,-0.024432178152653285,-0.9997014897811831
SmoothCube_v2_new_000693,SmoothCube_v2,93.8,37.6,0.99780146829205,-0.06627390040000017
SmoothCube_v2_new_000694,SmoothCube_v2,187.6,64.4,-0.1322563902571225,-0.9912155402515417
SmoothCube_v2_new_000695,SmoothCube_v2,65.1,50.6,0.9070440142914649,0.42103581336749113
SmoothCube_v2_new_000696,SmoothCube_v2,264.1,64.0,-0.9947028171171742,-0.1027925367872468
SmoothCube_v2_new_000697,SmoothCube_v2,114.7,66.8,0.9085081775267217,-0.41786707380107696
SmoothCube_v2_new_000698,SmoothCube_v2,312.6,59.4,-0.7360970871197339,0.6768759696826612
SmoothCube_v2_new_000699,SmoothCube_v2,167.5,69.2,0.21643961393810274,-0.9762960071199334
SmoothCube_v2_new_000700,SmoothCube_v2,82.4,49.8,0.9912155402515417,0.13225639025712246
SmoothCube_v2_new_000701,SmoothCube_v2,323.0,36.8,-0.6018150231520483,0.7986355100472928
SmoothCube_v2_new_000702,SmoothCube_v2,307.3,31.1,-0.7954734808548958,0.6059884002657111
SmoothCube_v2_new_000703,SmoothCube_v2,123.1,49.7,0.8377187166204388,-0.546101961014429
SmoothCube_v2_new_000704,SmoothCube_v2,277.1,50.9,-0.9923319378854887,0.12360147674049281
SmoothCube_v2_new_000705,SmoothCube_v2,114.9,50.9,0.907044014291465,-0.421035813367491
SmoothCube_v2_new_000706,SmoothCube_v2,54.9,58.7,0.8181497174250234,0.5750052520432786
SmoothCube_v2_new_000707,SmoothCube_v2,251.4,56.7,-0.9477684100095856,-0.31895930929807037
SmoothCube_v2_new_000708,SmoothCube_v2,66.4,67.4,0.9163627295622396,0.4003490325568949
SmoothCube_v2_new_000709,SmoothCube_v2,213.6,35.8,-0.5533915492433439,-0.8329212407100997
SmoothCube_v2_new_000710,SmoothCube_v2,55.1,41.1,0.8201518758737721,0.5721458734455163
SmoothCube_v2_new_000711,SmoothCube_v2,43.6,35.4,0.6896195437356698,0.7241718614374675
SmoothCube_v2_new_000712,SmoothCube_v2,13.4,42.9,0.23174790349415733,0.9727758782093966
SmoothCube_v2_new_000713,SmoothCube_v2,191.0,72.4,-0.19080899537654472,-0.981627183447664
SmoothCube_v2_new_000714,SmoothCube_v2,337.1,50.7,-0.3891239501402057,0.9211854055657215
SmoothCube_v2_new_000715,SmoothCube_v2,258.7,68.5,-0.980614658546613,-0.19594614424251802
SmoothCube_v2_new_000716,SmoothCube_v2,327.0,41.1,-0.544639035015027,0.838670567945424
SmoothCube_v2_new_000717,SmoothCube_v2,169.0,48.2,0.19080899537654497,-0.981627183447664
SmoothCube_v2_new_000718,SmoothCube_v2,175.9,50.7,0.07149744433268602,-0.997440782930944
SmoothCube_v2_new_000719,SmoothCube_v2,122.3,35.6,0.8452618332218562,-0.5343523493898263
SmoothCube_v2_new_000720,SmoothCube_v2,305.0,66.0,-0.8191520442889918,0.573576436351046
SmoothCube_v2_new_000721,SmoothCube_v2,86.6,50.7,0.9982398279237652,0.05930637357596177
SmoothCube_v2_new_000722,SmoothCube_v2,75.6,43.1,0.9685831611286311,0.24868988716485496
SmoothCube_v2_new_000723,SmoothCube_v2,17.3,50.0,0.297374874077786,0.9547607995027975
SmoothCube_v2_new_000724,SmoothCube_v2,120.1,32.4,0.8651514205697046,-0.501510737159457
SmoothCube_v2_new_000725,SmoothCube_v2,114.2,51.7,0.912120116172273,-0.4099230338415728
SmoothCube_v2_new_000726,SmoothCube_v2,1.1,44.1,0.01919744239968967,0.9998157121216442
SmoothCube_v2_new_000727,SmoothCube_v2,270.6,66.4,-0.9999451693655121,0.010471784116245846
SmoothCube_v2_new_000728,SmoothCube_v2,60.1,65.1,0.8668967489356028,0.4984877397538303
SmoothCube_v2_new_000729,SmoothCube_v2,175.6,39.2,0.07671902812681887,-0.9970527522269202
SmoothCube_v2_new_000730,SmoothCube_v2,130.0,41.3,0.766044443118978,-0.6427876096865394
SmoothCube_v2_new_000731,SmoothCube_v2,312.4,48.7,-0.7384553406258838,0.6743023875837234
SmoothCube_v2_new_000732,SmoothCube_v2,252.9,46.4,-0.95579301479833,-0.2940403252323042
SmoothCube_v2_new_000733,SmoothCube_v2,224.8,51.9,-0.7046342099635947,-0.7095707365365209
SmoothCube_v2_new_000734,SmoothCube_v2,156.3,50.7,0.4019477766559599,-0.9156625933395612
SmoothCube_v2_new_000735,SmoothCube_v2,135.1,47.9,0.7058715706786811,-0.7083398377245287
SmoothCube_v2_new_000736,SmoothCube_v2,277.4,44.3,-0.9916711623830905,0.12879559657756257
SmoothCube_v2_new_000737,SmoothCube_v2,209.3,71.3,-0.48938245174884626,-0.8720692724321206
SmoothCube_v2_new_000738,SmoothCube_v2,52.4,74.7,0.7922896433551907,0.6101451639012677
SmoothCube_v2_new_000739,SmoothCube_v2,314.9,51.9,-0.7083398377245289,0.7058715706786809
SmoothCube_v2_new_000740,SmoothCube_v2,228.9,40.4,-0.7535633923016379,-0.6573752457940957
SmoothCube_v2_new_000741,SmoothCube_v2,231.0,42.6,-0.7771459614569706,-0.6293203910498378
SmoothCube_v2_new_000742,SmoothCube_v2,311.0,37.3,-0.7547095802227722,0.656059028990507
SmoothCube_v2_new_000743,SmoothCube_v2,254.6,45.0,-0.96409540423411,-0.26555611748680913
SmoothCube_v2_new_000744,SmoothCube_v2,159.3,72.5,0.353474843779257,-0.9354440308298674
SmoothCube_v2_new_000745,SmoothCube_v2,109.0,59.3,0.9455185755993168,-0.32556815445715664
SmoothCube_v2_new_000746,SmoothCube_v2,188.6,35.1,-0.1495353434437094,-0.9887563810470059
SmoothCube_v2_new_000747,SmoothCube_v2,130.5,55.2,0.760405965600031,-0.6494480483301835
SmoothCube_v2_new_000748,SmoothCube_v2,37.5,49.9,0.6087614290087207,0.7933533402912352
SmoothCube_v2_new_000749,SmoothCube_v2,104.7,49.3,0.9672677527758768,-0.2537579445848056
SmoothCube_v2_new_000750,SmoothCube_v2,213.9,45.1,-0.5577451089796901,-0.8300122850953675
SmoothCube_v2_new_000751,SmoothCube_v2,219.3,57.8,-0.6333808726275504,-0.773840209726506
SmoothCube_v2_new_000752,SmoothCube_v2,335.6,48.3,-0.4131044298245413,0.9106836608061774
SmoothCube_v2_new_000753,SmoothCube_v2,191.7,37.0,-0.2027872953565121,-0.9792228106217659
SmoothCube_v2_new_000754,SmoothCube_v2,23.3,58.5,0.39554550256296495,0.9184463813430872
SmoothCube_v2_new_000755,SmoothCube_v2,238.2,57.6,-0.8498926929868638,-0.5269557954966778
SmoothCube_v2_new_000756,SmoothCube_v2,133.3,57.0,0.7277727576572105,-0.6858183529273763
SmoothCube_v2_new_000757,SmoothCube_v2,340.3,60.8,-0.33709525842308224,0.9414705448120378
SmoothCube_v2_new_000758,SmoothCube_v2,136.3,34.9,0.6908824110768582,-0.7229671459095685
SmoothCube_v2_new_000759,SmoothCube_v2,107.5,45.3,0.9537169507482269,-0.3007057995042731
SmoothCube_v2_new_000760,SmoothCube_v2,352.5,47.7,-0.13052619222005168,0.9914448613738104
SmoothCube_v2_new_000761,SmoothCube_v2,97.6,72.4,0.9912155402515417,-0.13225639025712235
SmoothCube_v2_new_000762,SmoothCube_v2,176.4,55.1,0.06279051952931314,-0.9980267284282716
SmoothCube_v2_new_000763,SmoothCube_v2,87.2,47.6,0.9988061373414341,0.04884976979561317
SmoothCube_v2_new_000764,SmoothCube_v2,327.2,73.3,-0.54170821028274,0.8405666034956842
SmoothCube_v2_new_000765,SmoothCube_v2,301.0,59.9,-0.8571673007021123,0.5150380749100542
SmoothCube_v2_new_000766,SmoothCube_v2,182.0,67.1,-0.0348994967025009,-0.9993908270190958
SmoothCube_v2_new_000767,SmoothCube_v2,200.4,34.4,-0.3485720473218151,-0.9372819894918916
SmoothCube_v2_new_000768,SmoothCube_v2,218.1,62.9,-0.6170358751407485,-0.7869350219613375
SmoothCube_v2_new_000769,SmoothCube_v2,178.9,48.5,0.01919744239968948,-0.9998157121216442
SmoothCube_v2_new_000770,SmoothCube_v2,133.8,31.0,0.7217602280983619,-0.692143173870407
SmoothCube_v2_new_000771,SmoothCube_v2,216.2,31.3,-0.5906056676199251,-0.8069603121438021
SmoothCube_v2_new_000772,SmoothCube_v2,233.9,35.5,-0.8079898838980305,-0.5891963573533421
SmoothCube_v2_new_000773,SmoothCube_v2,329.6,62.3,-0.5060337641211639,0.8625136692072574
SmoothCube_v2_new_000774,SmoothCube_v2,180.2,58.6,-0.0034906514152233926,-0.9999939076577904
SmoothCube_v2_new_000775,SmoothCube_v2,199.1,42.0,-0.3272178989791039,-0.9449489121575309
SmoothCube_v2_new_000776,SmoothCube_v2,335.9,71.4,-0.40833046038138554,0.9128341772330425
SmoothCube_v2_new_000777,SmoothCube_v2,267.8,49.9,-0.9992629164106213,-0.03838780908751951
SmoothCube_v2_new_000778,SmoothCube_v2,118.4,62.6,0.8796485728666165,-0.47562420907027536
SmoothCube_v2_new_000779,SmoothCube_v2,270.4,52.2,-0.9999756307053947,0.006981260297960934
SmoothCube_v2_new_000780,SmoothCube_v2,259.4,43.3,-0.9829353491495542,-0.18395135061272036
SmoothCube_v2_new_000781,SmoothCube_v2,298.6,55.4,-0.8779829754279802,0.4786918579406074
SmoothCube_v2_new_000782,SmoothCube_v2,209.4,58.7,-0.49090375361514077,-0.8712138111201895
SmoothCube_v2_new_000783,SmoothCube_v2,72.7,39.4,0.9547607995027975,0.2973748740777859
SmoothCube_v2_new_000784,SmoothCube_v2,3.4,64.1,0.05930637357596162,0.9982398279237653
SmoothCube_v2_new_000785,SmoothCube_v2,199.9,35.9,-0.34037955021305016,-0.9402881270104189
SmoothCube_v2_new_000786,SmoothCube_v2,273.6,56.4,-0.9980267284282716,0.06279051952931372
SmoothCube_v2_new_000787,SmoothCube_v2,114.9,35.3,0.907044014291465,-0.421035813367491
SmoothCube_v2_new_000788,SmoothCube_v2,44.7,72.3,0.703394702810504,0.7107994738729924
SmoothCube_v2_new_000789,SmoothCube_v2,236.4,45.2,-0.8329212407100994,-0.5533915492433442
SmoothCube_v2_new_000790,SmoothCube_v2,71.5,49.5,0.9483236552061993,0.3173046564050921
SmoothCube_v2_new_000791,SmoothCube_v2,355.1,48.5,-0.08541692313736683,0.9963452961909065
SmoothCube_v2_new_000792,SmoothCube_v2,161.6,70.6,0.31564903694710256,-0.9488760116444965
SmoothCube_v2_new_000793,SmoothCube_v2,52.1,58.9,0.7890840848346907,0.6142852000989432
SmoothCube_v2_new_000794,SmoothCube_v2,259.2,69.6,-0.9822872507286887,-0.18738131458572463
SmoothCube_v2_new_000795,SmoothCube_v2,197.7,55.1,-0.30403306092549004,-0.9526614812535864
SmoothCube_v2_new_000796,SmoothCube_v2,310.0,73.2,-0.7660444431189781,0.6427876096865393
SmoothCube_v2_new_000797,SmoothCube_v2,162.9,35.8,0.2940403252323037,-0.9557930147983302
SmoothCube_v2_new_000798,SmoothCube_v2,124.9,35.1,0.820151875873772,-0.5721458734455164
SmoothCube_v2_new_000799,SmoothCube_v2,58.7,45.4,0.8544588301328074,0.5195191118795094
SmoothCube_v2_new_000800,SmoothCube_v2,298.4,47.2,-0.8796485728666169,0.4756242090702745
SmoothCube_v2_new_000801,SmoothCube_v2,133.7,35.7,0.7229671459095686,-0.690882411076858
SmoothCube_v2_new_000802,SmoothCube_v2,347.7,37.8,-0.21303038627497678,0.9770455744352636
SmoothCube_v2_new_000803,SmoothCube_v2,59.4,71.5,0.8607420270039435,0.5090414157503714
SmoothCube_v2_new_000804,SmoothCube_v2,353.9,60.8,-0.10626407133623393,0.9943379441332045
SmoothCube_v2_new_000805,SmoothCube_v2,37.3,33.0,0.605988400265711,0.7954734808548959
SmoothCube_v2_new_000806,SmoothCube_v2,136.3,43.6,0.6908824110768582,-0.7229671459095685
SmoothCube_v2_new_000807,SmoothCube_v2,340.5,33.2,-0.3338068592337713,0.9426414910921783
SmoothCube_v2_new_000808,SmoothCube_v2,201.0,72.5,-0.35836794954530043,-0.9335804264972017
SmoothCube_v2_new_000809,SmoothCube_v2,32.8,72.8,0.5417082102827397,0.8405666034956844
SmoothCube_v2_new_000810,SmoothCube_v2,326.7,71.8,-0.5490228179981321,0.8358073613682699
SmoothCube_v2_new_000811,SmoothCube_v2,44.5,32.2,0.7009092642998509,0.7132504491541816
SmoothCube_v2_new_000812,SmoothCube_v2,62.7,32.7,0.8886172326549489,0.4586495544843149
SmoothCube_v2_new_000813,SmoothCube_v2,179.0,38.0,0.01745240643728344,-0.9998476951563913
SmoothCube_v2_new_000814,SmoothCube_v2,249.3,72.4,-0.9354440308298674,-0.35347484377925703
SmoothCube_v2_new_000815,SmoothCube_v2,203.4,62.9,-0.3971478906347808,-0.917754625683981
SmoothCube_v2_new_000816,SmoothCube_v2,100.0,60.5,0.984807753012208,-0.1736481776669303
SmoothCube_v2_new_000817,SmoothCube_v2,44.7,65.7,0.703394702810504,0.7107994738729924
SmoothCube_v2_new_000818,SmoothCube_v2,330.9,68.7,-0.486335380423491,0.873772223035465
SmoothCube_v2_new_000819,SmoothCube_v2,143.1,46.1,0.600420225325884,-0.7996846584870906
SmoothCube_v2_new_000820,SmoothCube_v2,34.8,36.7,0.5707135676844316,0.821149209133704
SmoothCube_v2_new_000821,SmoothCube_v2,267.9,60.6,-0.9993283937786562,-0.036643708706556845
SmoothCube_v2_new_000822,SmoothCube_v2,84.6,38.9,0.99556196460308,0.0941083133185145
SmoothCube_v2_new_000823,SmoothCube_v2,247.3,40.6,-0.9225380894562466,-0.3859060423243182
SmoothCube_v2_new_000824,SmoothCube_v2,20.0,59.7,0.3420201433256687,0.9396926207859084
SmoothCube_v2_new_000825,SmoothCube_v2,158.3,50.7,0.369746757273829,-0.9291325715340563
SmoothCube_v2_new_000826,SmoothCube_v2,279.0,39.0,-0.9876883405951378,0.15643446504023067
SmoothCube_v2_new_000827,SmoothCube_v2,153.7,58.0,0.44307119082418006,-0.8964864303834403
SmoothCube_v2_new_000828,SmoothCube_v2,169.4,36.8,0.1839513506127203,-0.9829353491495542
SmoothCube_v2_new_000829,SmoothCube_v2,115.8,56.8,0.9003187714021935,-0.4352310993723274
SmoothCube_v2_new_000830,SmoothCube_v2,172.6,44.7,0.12879559657756287,-0.9916711623830904
SmoothCube_v2_new_000831,SmoothCube_v2,82.9,59.0,0.9923319378854887,0.12360147674049261
SmoothCube_v2_new_000832,SmoothCube_v2,234.1,52.9,-0.8100416404457959,-0.5863723567357895
SmoothCube_v2_new_000833,SmoothCube_v2,100.4,69.9,0.9835714708133859,-0.18051914525055995
SmoothCube_v2_new_000834,SmoothCube_v2,16.3,60.8,0.2806667089207878,0.9598052919751869
SmoothCube_v2_new_000835,SmoothCube_v2,73.4,32.1,0.9583225744651332,0.28568836740497355
SmoothCube_v2_new_000836,SmoothCube_v2,304.4,65.2,-0.8251134982782953,0.5649670034249378
SmoothCube_v2_new_000837,SmoothCube_v2,219.7,45.4,-0.6387678175155975,-0.7693995550468952
SmoothCube_v2_new_000838,SmoothCube_v2,204.2,59.4,-0.4099230338415726,-0.9121201161722731
SmoothCube_v2_new_000839,SmoothCube_v2,338.7,46.6,-0.3632512304729785,0.9316912275855489
SmoothCube_v2_new_000840,SmoothCube_v2,240.8,30.7,-0.8729220772698099,-0.4878596591387323
SmoothCube_v2_new_000841,SmoothCube_v2,156.6,30.8,0.3971478906347806,-0.9177546256839811
SmoothCube_v2_new_000842,SmoothCube_v2,313.8,34.8,-0.721760228098362,0.6921431738704069
SmoothCube_v2_new_000843,SmoothCube_v2,97.2,47.3,0.9921147013144778,-0.12533323356430437
SmoothCube_v2_new_000844,SmoothCube_v2,17.8,74.6,0.30569530496310565,0.9521293927421387
SmoothCube_v2_new_000845,SmoothCube_v2,277.3,39.4,-0.9918944425900297,0.12706460860135035
SmoothCube_v2_new_000846,SmoothCube_v2,71.4,37.3,0.9477684100095858,0.3189593092980698
SmoothCube_v2_new_000847,SmoothCube_v2,334.3,38.3,-0.4336590845875442,0.9010770213220917
SmoothCube_v2_new_000848,SmoothCube_v2,150.7,58.4,0.4893824517488465,-0.8720692724321205
SmoothCube_v2_new_000849,SmoothCube_v2,0.6,33.2,0.010471784116245792,0.9999451693655121
SmoothCube_v2_new_000850,SmoothCube_v2,276.8,35.6,-0.9929655081065369,0.11840396830650136
SmoothCube_v2_new_000851,SmoothCube_v2,284.5,38.5,-0.9681476403781077,0.25038000405444144
SmoothCube_v2_new_000852,SmoothCube_v2,45.2,32.3,0.709570736536521,0.7046342099635946
SmoothCube_v2_new_000853,SmoothCube_v2,247.5,34.7,-0.9238795325112868,-0.3826834323650895
SmoothCube_v2_new_000854,SmoothCube_v2,325.3,53.5,-0.5692795234308441,0.8221440410307376
SmoothCube_v2_new_000855,SmoothCube_v2,251.9,58.6,-0.9505157316277837,-0.31067642963073183
SmoothCube_v2_new_000856,SmoothCube_v2,333.4,71.7,-0.4477590878387703,0.8941542368393679
SmoothCube_v2_new_000857,SmoothCube_v2,259.3,38.5,-0.9826127965436152,-0.1856666153855773
SmoothCube_v2_new_000858,SmoothCube_v2,302.9,30.5,-0.8396198645344134,0.5431744499506703
SmoothCube_v2_new_000859,SmoothCube_v2,1.7,66.3,0.029666244085110757,0.999559860119384
SmoothCube_v2_new_000860,SmoothCube_v2,165.9,53.4,0.24361501178602243,-0.9698720152847468
SmoothCube_v2_new_000861,SmoothCube_v2,65.3,41.9,0.9085081775267217,0.41786707380107685
SmoothCube_v2_new_000862,SmoothCube_v2,126.3,38.2,0.8059282822485158,-0.5920131787992196
SmoothCube_v2_new_000863,SmoothCube_v2,346.9,58.7,-0.22665130743685527,0.9739759672790516
SmoothCube_v2_new_000864,SmoothCube_v2,215.9,50.5,-0.5863723567357892,-0.8100416404457961
SmoothCube_v2_new_000865,SmoothCube_v2,173.6,44.8,0.11146893220632574,-0.9937679191605964
SmoothCube_v2_new_000866,SmoothCube_v2,206.3,30.2,-0.44307119082417984,-0.8964864303834404
SmoothCube_v2_new_000867,SmoothCube_v2,141.8,65.0,0.6184083953575541,-0.785856893175402
SmoothCube_v2_new_000868,SmoothCube_v2,16.1,71.1,0.2773146533023778,0.9607791541575941
SmoothCube_v2_new_000869,SmoothCube_v2,270.0,47.4,-1.0,-1.8369701987210297e-16
SmoothCube_v2_new_000870,SmoothCube_v2,128.3,36.0,0.7847763705330829,-0.6197790317951402
SmoothCube_v2_new_000871,SmoothCube_v2,105.4,62.9,0.9640954042341101,-0.2655561174868089
SmoothCube_v2_new_000872,SmoothCube_v2,123.2,53.4,0.8367643134589617,-0.5475632234925502
SmoothCube_v2_new_000873,SmoothCube_v2,147.7,64.3,0.5343523493898265,-0.8452618332218561
SmoothCube_v2_new_000874,SmoothCube_v2,318.7,40.9,-0.6600016679609373,0.7512641335035107
SmoothCube_v2_new_000875,SmoothCube_v2,116.8,61.2,0.8925858184521254,-0.45087754068943087
SmoothCube_v2_new_000876,SmoothCube_v2,91.0,72.6,0.9998476951563913,-0.017452406437283477
SmoothCube_v2_new_000877,SmoothCube_v2,9.6,47.5,0.16676874671610226,0.985996037070505
SmoothCube_v2_new_000878,SmoothCube_v2,295.9,57.4,-0.8995577789551806,0.4368017883677015
SmoothCube_v2_new_000879,SmoothCube_v2,63.9,62.2,0.8980275757606155,0.43993916985591525
SmoothCube_v2_new_000880,SmoothCube_v2,127.7,67.5,0.7912235329674902,-0.611527040185831
SmoothCube_v2_new_000881,SmoothCube_v2,119.7,53.5,0.8686315144381912,-0.4954586684324076
SmoothCube_v2_new_000882,SmoothCube_v2,104.8,37.5,0.9668233886044594,-0.2554457579357904
SmoothCube_v2_new_000883,SmoothCube_v2,127.1,65.5,0.7975839288252284,-0.6032079877452825
SmoothCube_v2_new_000884,SmoothCube_v2,165.7,32.9,0.24699901272274305,-0.9690157314068695
SmoothCube_v2_new_000885,SmoothCube_v2,346.9,38.6,-0.22665130743685527,0.9739759672790516
SmoothCube_v2_new_000886,SmoothCube_v2,16.3,36.0,0.2806667089207878,0.9598052919751869
SmoothCube_v2_new_000887,SmoothCube_v2,217.8,35.7,-0.6129070536529766,-0.7901550123756903
SmoothCube_v2_new_000888,SmoothCube_v2,232.9,37.5,-0.7975839288252285,-0.6032079877452824
SmoothCube_v2_new_000889,SmoothCube_v2,314.9,52.1,-0.7083398377245289,0.7058715706786809
SmoothCube_v2_new_000890,SmoothCube_v2,106.7,33.0,0.9578224948453149,-0.287360519849712
SmoothCube_v2_new_000891,SmoothCube_v2,206.8,71.2,-0.4508775406894308,-0.8925858184521255
SmoothCube_v2_new_000892,SmoothCube_v2,96.7,69.3,0.9931706495384861,-0.11667073709933316
SmoothCube_v2_new_000893,SmoothCube_v2,246.2,60.6,-0.9149596678498247,-0.4035452963523901
SmoothCube_v2_new_000894,SmoothCube_v2,134.7,33.0,0.7107994738729926,-0.7033947028105038
SmoothCube_v2_new_000895,SmoothCube_v2,242.7,70.3,-0.8886172326549489,-0.4586495544843148
SmoothCube_v2_new_000896,SmoothCube_v2,228.2,33.3,-0.7454759996828622,-0.6665324702494525
SmoothCube_v2_new_000897,SmoothCube_v2,277.7,64.1,-0.9909831997148364,0.13398618541829152
SmoothCube_v2_new_000898,SmoothCube_v2,248.6,48.0,-0.9310558158625283,-0.3648767843376197
SmoothCube_v2_new_000899,SmoothCube_v2,89.0,62.3,0.9998476951563913,0.0174524064372836
SmoothCube_v2_new_000900,SmoothCube_v2,100.7,64.4,0.9826127965436152,-0.1856666153855773
SmoothCube_v2_new_000901,SmoothCube_v2,55.4,61.0,0.8231363685344418,0.5678437450531013
SmoothCube_v2_new_000902,SmoothCube_v2,148.7,61.3,0.5195191118795096,-0.8544588301328072
SmoothCube_v2_new_000903,SmoothCube_v2,72.8,40.2,0.9552783621223436,0.2957080500440467
SmoothCube_v2_new_000904,SmoothCube_v2,265.1,60.4,-0.9963452961909065,-0.08541692313736678
SmoothCube_v2_new_000905,SmoothCube_v2,222.2,40.1,-0.6717205893229901,-0.7408045962867502
SmoothCube_v2_new_000906,SmoothCube_v2,21.2,38.5,0.3616245700820923,0.9323238012155122
SmoothCube_v2_new_000907,SmoothCube_v2,64.7,30.0,0.9040825496607784,0.4273578633871923
SmoothCube_v2_new_000908,SmoothCube_v2,18.7,33.5,0.32061299058567627,0.9472102777460288
SmoothCube_v2_new_000909,SmoothCube_v2,330.7,33.2,-0.4893824517488466,0.8720692724321204
SmoothCube_v2_new_000910,SmoothCube_v2,287.4,43.5,-0.954240328516277,0.29904079225608626
SmoothCube_v2_new_000911,SmoothCube_v2,211.3,57.2,-0.5195191118795094,-0.8544588301328073
SmoothCube_v2_new_000912,SmoothCube_v2,214.3,62.5,-0.5635260489375714,-0.8260982944957639
SmoothCube_v2_new_000913,SmoothCube_v2,236.9,51.2,-0.837718716620439,-0.5461019610144289
SmoothCube_v2_new_000914,SmoothCube_v2,283.3,50.5,-0.9731788727770881,0.23004973718810487
SmoothCube_v2_new_000915,SmoothCube_v2,61.0,51.1,0.8746197071393957,0.4848096202463371
SmoothCube_v2_new_000916,SmoothCube_v2,58.3,44.6,0.8508111094240511,0.5254716510722678
SmoothCube_v2_new_000917,SmoothCube_v2,136.5,66.6,0.6883545756937539,-0.7253743710122876
SmoothCube_v2_new_000918,SmoothCube_v2,226.3,53.4,-0.7229671459095683,-0.6908824110768582
SmoothCube_v2_new_000919,SmoothCube_v2,327.5,54.9,-0.5372996083468242,0.8433914458128855
SmoothCube_v2_new_000920,SmoothCube_v2,243.8,66.5,-0.8972583696743284,-0.4415058527917453
SmoothCube_v2_new_000921,SmoothCube_v2,84.3,71.5,0.9950555699612262,0.0993197497436391
SmoothCube_v2_new_000922,SmoothCube_v2,136.5,46.3,0.6883545756937539,-0.7253743710122876
SmoothCube_v2_new_000923,SmoothCube_v2,121.0,50.5,0.8571673007021123,-0.5150380749100543
SmoothCube_v2_new_000924,SmoothCube_v2,214.0,34.0,-0.5591929034707467,-0.8290375725550418
SmoothCube_v2_new_000925,SmoothCube_v2,166.2,56.1,0.2385334575785811,-0.971134279909636
SmoothCube_v2_new_000926,SmoothCube_v2,172.5,41.8,0.13052619222005157,-0.9914448613738104
SmoothCube_v2_new_000927,SmoothCube_v2,107.8,59.2,0.9521293927421387,-0.3056953049631056
SmoothCube_v2_new_000928,SmoothCube_v2,1.4,44.1,0.024432178152653153,0.9997014897811831
SmoothCube_v2_new_000929,SmoothCube_v2,218.6,45.8,-0.623879596709386,-0.781520472418819
SmoothCube_v2_new_000930,SmoothCube_v2,100.2,37.6,0.984195607969242,-0.17708474031958327
SmoothCube_v2_new_000931,SmoothCube_v2,79.1,43.5,0.9819587126964436,0.1890954429898915
SmoothCube_v2_new_000932,SmoothCube_v2,341.7,38.4,-0.3139924559674049,0.9494254776419039
SmoothCube_v2_new_000933,SmoothCube_v2,314.9,39.0,-0.7083398377245289,0.7058715706786809
SmoothCube_v2_new_000934,SmoothCube_v2,276.7,57.8,-0.9931706495384861,0.11667073709933282
SmoothCube_v2_new_000935,SmoothCube_v2,318.2,52.9,-0.6665324702494526,0.745475999682862
SmoothCube_v2_new_000936,SmoothCube_v2,101.5,65.1,0.9799247046208296,-0.19936793441719708
SmoothCube_v2_new_000937,SmoothCube_v2,76.4,36.3,0.9719610005785463,0.23514211310258998
SmoothCube_v2_new_000938,SmoothCube_v2,124.0,42.6,0.8290375725550417,-0.5591929034707467
SmoothCube_v2_new_000939,SmoothCube_v2,258.6,33.3,-0.980271174621722,-0.19765734037912552
SmoothCube_v2_new_000940,SmoothCube_v2,173.2,73.4,0.11840396830650123,-0.9929655081065369
SmoothCube_v2_new_000941,SmoothCube_v2,333.4,49.2,-0.4477590878387703,0.8941542368393679
SmoothCube_v2_new_000942,SmoothCube_v2,270.0,30.2,-1.0,-1.8369701987210297e-16
SmoothCube_v2_new_000943,SmoothCube_v2,199.5,42.5,-0.33380685923377096,-0.9426414910921784
SmoothCube_v2_new_000944,SmoothCube_v2,329.4,50.7,-0.509041415750372,0.8607420270039432
SmoothCube_v2_new_000945,SmoothCube_v2,132.9,44.7,0.7325428987873788,-0.6807208689589178
SmoothCube_v2_new_000946,SmoothCube_v2,10.1,34.4,0.1753667260919871,0.9845031799744366
SmoothCube_v2_new_000947,SmoothCube_v2,68.2,51.8,0.9284858268809135,0.3713678355502347
SmoothCube_v2_new_000948,SmoothCube_v2,4.2,50.9,0.07323819712763169,0.9973144772244581
SmoothCube_v2_new_000949,SmoothCube_v2,233.3,49.8,-0.8017756442437538,-0.5976251469755214
SmoothCube_v2_new_000950,SmoothCube_v2,4.7,59.1,0.08193850863004093,0.9966373868180366
SmoothCube_v2_new_000951,SmoothCube_v2,341.4,43.0,-0.3189593092980704,0.9477684100095856
SmoothCube_v2_new_000952,SmoothCube_v2,294.0,69.8,-0.9135454576426011,0.40673664307579976
SmoothCube_v2_new_000953,SmoothCube_v2,359.9,53.0,-0.0017453283658984452,0.9999984769132877
SmoothCube_v2_new_000954,SmoothCube_v2,257.7,33.2,-0.9770455744352636,-0.21303038627497672
SmoothCube_v2_new_000955,SmoothCube_v2,137.8,30.7,0.6717205893229902,-0.74080459628675
SmoothCube_v2_new_000956,SmoothCube_v2,11.8,71.8,0.20449605184179034,0.978867388761685
SmoothCube_v2_new_000957,SmoothCube_v2,63.6,46.0,0.8957117602394129,0.4446351791849275
SmoothCube_v2_new_000958,SmoothCube_v2,8.2,31.1,0.14262893370551163,0.989776230907789
SmoothCube_v2_new_000959,SmoothCube_v2,200.7,74.1,-0.35347484377925675,-0.9354440308298675
SmoothCube_v2_new_000960,SmoothCube_v2,300.7,34.1,-0.8598522715968737,0.5105429179116052
SmoothCube_v2_new_000961,SmoothCube_v2,106.4,55.4,0.9593139745400575,-0.28234145684287654
SmoothCube_v2_new_000962,SmoothCube_v2,168.4,39.4,0.20107792114596462,-0.9795752495993441
SmoothCube_v2_new_000963,SmoothCube_v2,249.2,32.8,-0.9348256763960142,-0.3551069624081377
SmoothCube_v2_new_000964,SmoothCube_v2,191.5,67.4,-0.199367934417197,-0.9799247046208297
SmoothCube_v2_new_000965,SmoothCube_v2,238.1,57.0,-0.8489716876291414,-0.5284383347223472
SmoothCube_v2_new_000966,SmoothCube_v2,331.2,55.2,-0.4817536741017153,0.8763066800438636
SmoothCube_v2_new_000967,SmoothCube_v2,55.0,64.7,0.8191520442889918,0.5735764363510462
SmoothCube_v2_new_000968,SmoothCube_v2,191.0,36.4,-0.19080899537654472,-0.981627183447664
SmoothCube_v2_new_000969,SmoothCube_v2,118.8,62.6,0.8763066800438637,-0.48175367410171505
SmoothCube_v2_new_000970,SmoothCube_v2,276.3,60.3,-0.9939609554551797,0.10973431109104535
SmoothCube_v2_new_000971,SmoothCube_v2,217.4,60.2,-0.6073758397232868,-0.794414620535418
SmoothCube_v2_new_000972,SmoothCube_v2,24.2,42.0,0.40992303384157275,0.9121201161722731
SmoothCube_v2_new_000973,SmoothCube_v2,264.3,50.3,-0.9950555699612262,-0.09931974974363922
SmoothCube_v2_new_000974,SmoothCube_v2,226.8,55.7,-0.7289686274214116,-0.6845471059286886
SmoothCube_v2_new_000975,SmoothCube_v2,350.1,55.2,-0.1719291002794097,0.9851093261547739
SmoothCube_v2_new_000976,SmoothCube_v2,92.9,63.8,0.9987193571841861,-0.05059294007671344
SmoothCube_v2_new_000977,SmoothCube_v2,78.3,35.8,0.9792228106217657,0.2027872953565125
SmoothCube_v2_new_000978,SmoothCube_v2,342.0,67.0,-0.3090169943749476,0.9510565162951535
SmoothCube_v2_new_000979,SmoothCube_v2,57.6,47.2,0.8443279255020151,0.5358267949789965
SmoothCube_v2_new_000980,SmoothCube_v2,178.6,49.4,0.024432178152653087,-0.9997014897811831
SmoothCube_v2_new_000981,SmoothCube_v2,137.8,31.1,0.6717205893229902,-0.74080459628675
SmoothCube_v2_new_000982,SmoothCube_v2,44.4,35.2,0.6996633405133654,0.7144726796328034
SmoothCube_v2_new_000983,SmoothCube_v2,282.5,45.8,-0.9762960071199335,0.21643961393810246
SmoothCube_v2_new_000984,SmoothCube_v2,279.1,38.4,-0.9874138067509113,0.1581580672544841
SmoothCube_v2_new_000985,SmoothCube_v2,209.2,39.4,-0.4878596591387324,-0.8729220772698099
SmoothCube_v2_new_000986,SmoothCube_v2,59.4,53.9,0.8607420270039435,0.5090414157503714
SmoothCube_v2_new_000987,SmoothCube_v2,40.3,50.6,0.6467897795104596,0.7626683296956883
SmoothCube_v2_new_000988,SmoothCube_v2,54.9,53.4,0.8181497174250234,0.5750052520432786
SmoothCube_v2_new_000989,SmoothCube_v2,148.0,37.0,0.5299192642332049,-0.848048096156426
SmoothCube_v2_new_000990,SmoothCube_v2,215.3,53.3,-0.5778576243835055,-0.8161375900801602
SmoothCube_v2_new_000991,SmoothCube_v2,191.8,67.5,-0.2044960518417903,-0.978867388761685
SmoothCube_v2_new_000992,SmoothCube_v2,58.3,38.0,0.8508111094240511,0.5254716510722678
SmoothCube_v2_new_000993,SmoothCube_v2,154.2,37.8,0.43523109937232757,-0.9003187714021935
SmoothCube_v2_new_000994,SmoothCube_v2,338.9,34.9,-0.3599968081200516,0.9329535348254889
SmoothCube_v2_new_000995,SmoothCube_v2,27.8,59.8,0.4663866403398912,0.8845809752150839
SmoothCube_v2_new_000996,SmoothCube_v2,212.6,38.5,-0.538770785006863,-0.8424523970071476
SmoothCube_v2_new_000997,SmoothCube_v2,337.2,33.0,-0.38751558645210327,0.9218631515885004
SmoothCube_v2_new_000998,SmoothCube_v2,81.1,55.8,0.9879598657693891,0.15471038629946826
SmoothCube_v2_new_000999,SmoothCube_v2,302.3,73.9,-0.845261833221856,0.5343523493898266
